WARNING: Final field _cipher in class org.sonatype.plexus.components.sec.dispatcher.DefaultSecDispatcher has been mutated reflectively by class org.eclipse.sisu.bean.BeanPropertyField in unnamed module @be64738 (file:/opt/homebrew/Cellar/maven/3.9.12/libexec/lib/org.eclipse.sisu.inject-0.9.0.M4.jar)
WARNING: Use --enable-final-field-mutation=ALL-UNNAMED to avoid a warning
WARNING: Mutating final fields will be blocked in a future release unless final field mutation is enabled
[INFO] Scanning for projects...
[WARNING] 
[WARNING] Some problems were encountered while building the effective model for io.nop.app:app-erp-all:jar:1.0-SNAPSHOT
[WARNING] 'build.plugins.plugin.version' for io.quarkus:quarkus-maven-plugin is missing. @ line 245, column 21
[WARNING] 
[WARNING] It is highly recommended to fix these problems because they threaten the stability of your build.
[WARNING] 
[WARNING] For this reason, future Maven versions might no longer support building such malformed projects.
[WARNING] 
[INFO] ------------------------------------------------------------------------
[INFO] Reactor Build Order:
[INFO] 
[INFO] app-erp-master-data                                                [pom]
[INFO] app-erp-master-data-codegen                                        [jar]
[INFO] app-erp-master-data-api                                            [jar]
[INFO] app-erp-master-data-dao                                            [jar]
[INFO] app-erp-master-data-meta                                           [jar]
[INFO] app-erp-projects                                                   [pom]
[INFO] app-erp-projects-codegen                                           [jar]
[INFO] app-erp-projects-dao                                               [jar]
[INFO] app-erp-finance                                                    [pom]
[INFO] app-erp-finance-codegen                                            [jar]
[INFO] app-erp-finance-dao                                                [jar]
[INFO] app-erp-notify                                                     [pom]
[INFO] app-erp-notify-codegen                                             [jar]
[INFO] app-erp-notify-dao                                                 [jar]
[INFO] app-erp-common-test                                                [jar]
[INFO] app-erp-common-service                                             [jar]
[INFO] app-erp-master-data-service                                        [jar]
[INFO] app-erp-master-data-web                                            [jar]
[INFO] app-erp-master-data-app                                            [jar]
[INFO] app-erp-inventory                                                  [pom]
[INFO] app-erp-inventory-codegen                                          [jar]
[INFO] app-erp-inventory-api                                              [jar]
[INFO] app-erp-inventory-dao                                              [jar]
[INFO] app-erp-inventory-meta                                             [jar]
[INFO] app-erp-manufacturing                                              [pom]
[INFO] app-erp-manufacturing-codegen                                      [jar]
[INFO] app-erp-manufacturing-dao                                          [jar]
[INFO] app-erp-purchase                                                   [pom]
[INFO] app-erp-purchase-codegen                                           [jar]
[INFO] app-erp-contract                                                   [pom]
[INFO] app-erp-contract-codegen                                           [jar]
[INFO] app-erp-contract-dao                                               [jar]
[INFO] app-erp-purchase-dao                                               [jar]
[INFO] app-erp-finance-meta                                               [jar]
[INFO] app-erp-assets                                                     [pom]
[INFO] app-erp-assets-codegen                                             [jar]
[INFO] app-erp-assets-dao                                                 [jar]
[INFO] app-erp-sales                                                      [pom]
[INFO] app-erp-sales-codegen                                              [jar]
[INFO] app-erp-sales-dao                                                  [jar]
[INFO] app-erp-notify-meta                                                [jar]
[INFO] app-erp-notify-service                                             [jar]
[INFO] app-erp-finance-service                                            [jar]
[INFO] app-erp-inventory-service                                          [jar]
[INFO] app-erp-inventory-web                                              [jar]
[INFO] app-erp-inventory-app                                              [jar]
[INFO] app-erp-purchase-api                                               [jar]
[INFO] app-erp-purchase-meta                                              [jar]
[INFO] app-erp-quality                                                    [pom]
[INFO] app-erp-quality-codegen                                            [jar]
[INFO] app-erp-quality-dao                                                [jar]
[INFO] app-erp-drp                                                        [pom]
[INFO] app-erp-drp-codegen                                                [jar]
[INFO] app-erp-drp-dao                                                    [jar]
[INFO] app-erp-quality-meta                                               [jar]
[INFO] app-erp-sales-meta                                                 [jar]
[INFO] app-erp-quality-service                                            [jar]
[INFO] app-erp-projects-meta                                              [jar]
[INFO] app-erp-maintenance                                                [pom]
[INFO] app-erp-maintenance-codegen                                        [jar]
[INFO] app-erp-maintenance-dao                                            [jar]
[INFO] app-erp-assets-meta                                                [jar]
[INFO] app-erp-assets-service                                             [jar]
[INFO] app-erp-projects-service                                           [jar]
[INFO] app-erp-contract-meta                                              [jar]
[INFO] app-erp-contract-service                                           [jar]
[INFO] app-erp-purchase-service                                           [jar]
[INFO] app-erp-purchase-web                                               [jar]
[INFO] app-erp-purchase-app                                               [jar]
[INFO] app-erp-sales-api                                                  [jar]
[INFO] app-erp-sales-service                                              [jar]
[INFO] app-erp-sales-web                                                  [jar]
[INFO] app-erp-sales-app                                                  [jar]
[INFO] app-erp-finance-api                                                [jar]
[INFO] app-erp-finance-web                                                [jar]
[INFO] app-erp-projects-web                                               [jar]
[INFO] app-erp-assets-web                                                 [jar]
[INFO] app-erp-finance-app                                                [jar]
[INFO] app-erp-assets-api                                                 [jar]
[INFO] app-erp-assets-app                                                 [jar]
[INFO] app-erp-projects-api                                               [jar]
[INFO] app-erp-projects-app                                               [jar]
[INFO] app-erp-manufacturing-api                                          [jar]
[INFO] app-erp-manufacturing-meta                                         [jar]
[INFO] app-erp-maintenance-meta                                           [jar]
[INFO] app-erp-maintenance-service                                        [jar]
[INFO] app-erp-manufacturing-service                                      [jar]
[INFO] app-erp-manufacturing-web                                          [jar]
[INFO] app-erp-manufacturing-app                                          [jar]
[INFO] app-erp-quality-api                                                [jar]
[INFO] app-erp-quality-web                                                [jar]
[INFO] app-erp-quality-app                                                [jar]
[INFO] app-erp-maintenance-api                                            [jar]
[INFO] app-erp-maintenance-web                                            [jar]
[INFO] app-erp-maintenance-app                                            [jar]
[INFO] app-erp-crm                                                        [pom]
[INFO] app-erp-crm-codegen                                                [jar]
[INFO] app-erp-crm-api                                                    [jar]
[INFO] app-erp-crm-dao                                                    [jar]
[INFO] app-erp-crm-meta                                                   [jar]
[INFO] app-erp-crm-service                                                [jar]
[INFO] app-erp-crm-web                                                    [jar]
[INFO] app-erp-crm-app                                                    [jar]
[INFO] app-erp-cs                                                         [pom]
[INFO] app-erp-cs-codegen                                                 [jar]
[INFO] app-erp-cs-api                                                     [jar]
[INFO] app-erp-cs-dao                                                     [jar]
[INFO] app-erp-cs-meta                                                    [jar]
[INFO] app-erp-cs-service                                                 [jar]
[INFO] app-erp-cs-web                                                     [jar]
[INFO] app-erp-cs-app                                                     [jar]
[INFO] app-erp-hr                                                         [pom]
[INFO] app-erp-hr-codegen                                                 [jar]
[INFO] app-erp-hr-api                                                     [jar]
[INFO] app-erp-hr-dao                                                     [jar]
[INFO] app-erp-hr-meta                                                    [jar]
[INFO] app-erp-hr-service                                                 [jar]
[INFO] app-erp-hr-web                                                     [jar]
[INFO] app-erp-hr-app                                                     [jar]
[INFO] app-erp-aps                                                        [pom]
[INFO] app-erp-aps-codegen                                                [jar]
[INFO] app-erp-aps-api                                                    [jar]
[INFO] app-erp-aps-dao                                                    [jar]
[INFO] app-erp-aps-meta                                                   [jar]
[INFO] app-erp-aps-service                                                [jar]
[INFO] app-erp-aps-web                                                    [jar]
[INFO] app-erp-aps-app                                                    [jar]
[INFO] app-erp-contract-api                                               [jar]
[INFO] app-erp-contract-web                                               [jar]
[INFO] app-erp-contract-app                                               [jar]
[INFO] app-erp-drp-api                                                    [jar]
[INFO] app-erp-drp-meta                                                   [jar]
[INFO] app-erp-drp-service                                                [jar]
[INFO] app-erp-drp-web                                                    [jar]
[INFO] app-erp-drp-app                                                    [jar]
[INFO] app-erp-logistics                                                  [pom]
[INFO] app-erp-logistics-codegen                                          [jar]
[INFO] app-erp-logistics-api                                              [jar]
[INFO] app-erp-logistics-dao                                              [jar]
[INFO] app-erp-logistics-meta                                             [jar]
[INFO] app-erp-logistics-service                                          [jar]
[INFO] app-erp-logistics-web                                              [jar]
[INFO] app-erp-logistics-app                                              [jar]
[INFO] app-erp-b2b                                                        [pom]
[INFO] app-erp-b2b-codegen                                                [jar]
[INFO] app-erp-b2b-api                                                    [jar]
[INFO] app-erp-b2b-dao                                                    [jar]
[INFO] app-erp-b2b-meta                                                   [jar]
[INFO] app-erp-b2b-service                                                [jar]
[INFO] app-erp-b2b-web                                                    [jar]
[INFO] app-erp-b2b-app                                                    [jar]
[INFO] app-erp-notify-api                                                 [jar]
[INFO] app-erp-notify-web                                                 [jar]
[INFO] app-erp-notify-app                                                 [jar]
[INFO] app-erp-all                                                        [jar]
[INFO] app-erp                                                            [pom]
[INFO] 
[INFO] -------------------< io.nop.app:app-erp-master-data >-------------------
[INFO] Building app-erp-master-data 1.0-SNAPSHOT                        [1/156]
[INFO]   from module-master-data/pom.xml
[INFO] --------------------------------[ pom ]---------------------------------
[INFO] 
[INFO] --- clean:3.4.0:clean (default-clean) @ app-erp-master-data ---
[INFO] 
[INFO] --- enforcer:3.0.0-M2:enforce (enforce-no-duplicate-dependencies) @ app-erp-master-data ---
[INFO] 
[INFO] --- jacoco:0.8.14:prepare-agent (default-prepare-agent) @ app-erp-master-data ---
[INFO] jacocoArgLine set to -javaagent:/Users/abc/.m2/repository/org/jacoco/org.jacoco.agent/0.8.14/org.jacoco.agent-0.8.14-runtime.jar=destfile=/Users/abc/app/nop-app-erp/module-master-data/target/jacoco.exec,excludes=**/_gen/**:**/_*.java:**/_*.xml:**/*Errors.*:**/*Configs.*:**/*Constants*:**/parse/antlr/**
[INFO] 
[INFO] --- source:3.3.0:jar-no-fork (attach-sources) @ app-erp-master-data ---
[INFO] 
[INFO] --- install:3.1.1:install (default-install) @ app-erp-master-data ---
[INFO] Installing /Users/abc/app/nop-app-erp/module-master-data/pom.xml to /Users/abc/.m2/repository/io/nop/app/app-erp-master-data/1.0-SNAPSHOT/app-erp-master-data-1.0-SNAPSHOT.pom
[INFO] 
[INFO] ---------------< io.nop.app:app-erp-master-data-codegen >---------------
[INFO] Building app-erp-master-data-codegen 1.0-SNAPSHOT                [2/156]
[INFO]   from module-master-data/erp-md-codegen/pom.xml
[INFO] --------------------------------[ jar ]---------------------------------
[INFO] 
[INFO] --- clean:3.4.0:clean (default-clean) @ app-erp-master-data-codegen ---
[INFO] Deleting /Users/abc/app/nop-app-erp/module-master-data/erp-md-codegen/target
[INFO] 
[INFO] --- enforcer:3.0.0-M2:enforce (enforce-no-duplicate-dependencies) @ app-erp-master-data-codegen ---
[INFO] 
[INFO] --- jacoco:0.8.14:prepare-agent (default-prepare-agent) @ app-erp-master-data-codegen ---
[INFO] jacocoArgLine set to -javaagent:/Users/abc/.m2/repository/org/jacoco/org.jacoco.agent/0.8.14/org.jacoco.agent-0.8.14-runtime.jar=destfile=/Users/abc/app/nop-app-erp/module-master-data/erp-md-codegen/target/jacoco.exec,excludes=**/_gen/**:**/_*.java:**/_*.xml:**/*Errors.*:**/*Configs.*:**/*Constants*:**/parse/antlr/**
[INFO] 
[INFO] --- exec:3.0.0:java (precompile) @ app-erp-master-data-codegen ---
SLF4J: Failed to load class "org.slf4j.impl.StaticLoggerBinder".
SLF4J: Defaulting to no-operation (NOP) logger implementation
SLF4J: See http://www.slf4j.org/codes.html#StaticLoggerBinder for further details.
nop.skip-codegen-when-tpl-dir-is-empty:/Users/abc/app/nop-app-erp/module-master-data/erp-md-codegen/precompile
[INFO] 
[INFO] --- exec:3.0.0:java (precompile2) @ app-erp-master-data-codegen ---
SLF4J: Failed to load class "org.slf4j.impl.StaticLoggerBinder".
SLF4J: Defaulting to no-operation (NOP) logger implementation
SLF4J: See http://www.slf4j.org/codes.html#StaticLoggerBinder for further details.
nop.skip-codegen-when-tpl-dir-is-empty:/Users/abc/app/nop-app-erp/module-master-data/erp-md-codegen/precompile2
[INFO] 
[INFO] --- resources:3.3.1:resources (default-resources) @ app-erp-master-data-codegen ---
[INFO] skip non existing resourceDirectory /Users/abc/app/nop-app-erp/module-master-data/erp-md-codegen/src/main/resources
[INFO] 
[INFO] --- compiler:3.11.0:compile (default-compile) @ app-erp-master-data-codegen ---
[INFO] No sources to compile
[INFO] 
[INFO] --- exec:3.0.0:java (aop) @ app-erp-master-data-codegen ---
SLF4J: Failed to load class "org.slf4j.impl.StaticLoggerBinder".
SLF4J: Defaulting to no-operation (NOP) logger implementation
SLF4J: See http://www.slf4j.org/codes.html#StaticLoggerBinder for further details.
nop.gen-aop-proxy
[INFO] 
[INFO] --- exec:3.0.0:java (postcompile) @ app-erp-master-data-codegen ---
SLF4J: Failed to load class "org.slf4j.impl.StaticLoggerBinder".
SLF4J: Defaulting to no-operation (NOP) logger implementation
SLF4J: See http://www.slf4j.org/codes.html#StaticLoggerBinder for further details.
projectDir=/Users/abc/app/nop-app-erp/module-master-data/erp-md-codegen,dryRun=false,tplRoot=postcompile
end
[INFO] 
[INFO] --- resources:3.3.1:testResources (default-testResources) @ app-erp-master-data-codegen ---
[INFO] skip non existing resourceDirectory /Users/abc/app/nop-app-erp/module-master-data/erp-md-codegen/src/test/resources
[INFO] 
[INFO] --- compiler:3.11.0:testCompile (default-testCompile) @ app-erp-master-data-codegen ---
[INFO] Changes detected - recompiling the module! :source
[INFO] Compiling 1 source file with javac [debug release 17] to target/test-classes
[INFO] 
[INFO] --- surefire:3.2.2:test (default-test) @ app-erp-master-data-codegen ---
[INFO] Tests are skipped.
[INFO] 
[INFO] --- jar:3.3.0:jar (default-jar) @ app-erp-master-data-codegen ---
[WARNING] JAR will be empty - no content was marked for inclusion!
[INFO] Building jar: /Users/abc/app/nop-app-erp/module-master-data/erp-md-codegen/target/app-erp-master-data-codegen-1.0-SNAPSHOT.jar
[INFO] 
[INFO] --- source:3.3.0:jar-no-fork (attach-sources) @ app-erp-master-data-codegen ---
[INFO] No sources in project. Archive not created.
[INFO] 
[INFO] --- install:3.1.1:install (default-install) @ app-erp-master-data-codegen ---
[INFO] Installing /Users/abc/app/nop-app-erp/module-master-data/erp-md-codegen/pom.xml to /Users/abc/.m2/repository/io/nop/app/app-erp-master-data-codegen/1.0-SNAPSHOT/app-erp-master-data-codegen-1.0-SNAPSHOT.pom
[INFO] Installing /Users/abc/app/nop-app-erp/module-master-data/erp-md-codegen/target/app-erp-master-data-codegen-1.0-SNAPSHOT.jar to /Users/abc/.m2/repository/io/nop/app/app-erp-master-data-codegen/1.0-SNAPSHOT/app-erp-master-data-codegen-1.0-SNAPSHOT.jar
[INFO] 
[INFO] -----------------< io.nop.app:app-erp-master-data-api >-----------------
[INFO] Building app-erp-master-data-api 1.0-SNAPSHOT                    [3/156]
[INFO]   from module-master-data/erp-md-api/pom.xml
[INFO] --------------------------------[ jar ]---------------------------------
[INFO] 
[INFO] --- clean:3.2.0:clean (default-clean) @ app-erp-master-data-api ---
[INFO] Deleting /Users/abc/app/nop-app-erp/module-master-data/erp-md-api/target
[INFO] 
[INFO] --- resources:3.3.1:resources (default-resources) @ app-erp-master-data-api ---
[INFO] skip non existing resourceDirectory /Users/abc/app/nop-app-erp/module-master-data/erp-md-api/src/main/resources
[INFO] 
[INFO] --- compiler:3.13.0:compile (default-compile) @ app-erp-master-data-api ---
[INFO] Recompiling the module because of changed source code.
[INFO] Compiling 75 source files with javac [debug release 11] to target/classes
[INFO] 
[INFO] --- resources:3.3.1:testResources (default-testResources) @ app-erp-master-data-api ---
[INFO] skip non existing resourceDirectory /Users/abc/app/nop-app-erp/module-master-data/erp-md-api/src/test/resources
[INFO] 
[INFO] --- compiler:3.13.0:testCompile (default-testCompile) @ app-erp-master-data-api ---
[INFO] No sources to compile
[INFO] 
[INFO] --- surefire:3.2.5:test (default-test) @ app-erp-master-data-api ---
[INFO] Tests are skipped.
[INFO] 
[INFO] --- jar:3.4.1:jar (default-jar) @ app-erp-master-data-api ---
[INFO] Building jar: /Users/abc/app/nop-app-erp/module-master-data/erp-md-api/target/app-erp-master-data-api-1.0-SNAPSHOT.jar
[INFO] 
[INFO] --- install:3.1.2:install (default-install) @ app-erp-master-data-api ---
[INFO] Installing /Users/abc/app/nop-app-erp/module-master-data/erp-md-api/pom.xml to /Users/abc/.m2/repository/io/nop/app/app-erp-master-data-api/1.0-SNAPSHOT/app-erp-master-data-api-1.0-SNAPSHOT.pom
[INFO] Installing /Users/abc/app/nop-app-erp/module-master-data/erp-md-api/target/app-erp-master-data-api-1.0-SNAPSHOT.jar to /Users/abc/.m2/repository/io/nop/app/app-erp-master-data-api/1.0-SNAPSHOT/app-erp-master-data-api-1.0-SNAPSHOT.jar
[INFO] 
[INFO] -----------------< io.nop.app:app-erp-master-data-dao >-----------------
[INFO] Building app-erp-master-data-dao 1.0-SNAPSHOT                    [4/156]
[INFO]   from module-master-data/erp-md-dao/pom.xml
[INFO] --------------------------------[ jar ]---------------------------------
[INFO] 
[INFO] --- clean:3.4.0:clean (default-clean) @ app-erp-master-data-dao ---
[INFO] Deleting /Users/abc/app/nop-app-erp/module-master-data/erp-md-dao/target
[INFO] 
[INFO] --- enforcer:3.0.0-M2:enforce (enforce-no-duplicate-dependencies) @ app-erp-master-data-dao ---
[INFO] 
[INFO] --- jacoco:0.8.14:prepare-agent (default-prepare-agent) @ app-erp-master-data-dao ---
[INFO] jacocoArgLine set to -javaagent:/Users/abc/.m2/repository/org/jacoco/org.jacoco.agent/0.8.14/org.jacoco.agent-0.8.14-runtime.jar=destfile=/Users/abc/app/nop-app-erp/module-master-data/erp-md-dao/target/jacoco.exec,excludes=**/_gen/**:**/_*.java:**/_*.xml:**/*Errors.*:**/*Configs.*:**/*Constants*:**/parse/antlr/**
[INFO] 
[INFO] --- resources:3.3.1:resources (default-resources) @ app-erp-master-data-dao ---
[INFO] Copying 4 resources from src/main/resources to target/classes
[INFO] 
[INFO] --- compiler:3.11.0:compile (default-compile) @ app-erp-master-data-dao ---
[INFO] Changes detected - recompiling the module! :source
[INFO] Compiling 94 source files with javac [debug release 17] to target/classes
[INFO] 
[INFO] --- resources:3.3.1:testResources (default-testResources) @ app-erp-master-data-dao ---
[INFO] skip non existing resourceDirectory /Users/abc/app/nop-app-erp/module-master-data/erp-md-dao/src/test/resources
[INFO] 
[INFO] --- compiler:3.11.0:testCompile (default-testCompile) @ app-erp-master-data-dao ---
[INFO] No sources to compile
[INFO] 
[INFO] --- surefire:3.2.2:test (default-test) @ app-erp-master-data-dao ---
[INFO] Tests are skipped.
[INFO] 
[INFO] --- jar:3.3.0:jar (default-jar) @ app-erp-master-data-dao ---
[INFO] Building jar: /Users/abc/app/nop-app-erp/module-master-data/erp-md-dao/target/app-erp-master-data-dao-1.0-SNAPSHOT.jar
[INFO] 
[INFO] --- source:3.3.0:jar-no-fork (attach-sources) @ app-erp-master-data-dao ---
[INFO] Building jar: /Users/abc/app/nop-app-erp/module-master-data/erp-md-dao/target/app-erp-master-data-dao-1.0-SNAPSHOT-sources.jar
[INFO] 
[INFO] --- install:3.1.1:install (default-install) @ app-erp-master-data-dao ---
[INFO] Installing /Users/abc/app/nop-app-erp/module-master-data/erp-md-dao/pom.xml to /Users/abc/.m2/repository/io/nop/app/app-erp-master-data-dao/1.0-SNAPSHOT/app-erp-master-data-dao-1.0-SNAPSHOT.pom
[INFO] Installing /Users/abc/app/nop-app-erp/module-master-data/erp-md-dao/target/app-erp-master-data-dao-1.0-SNAPSHOT.jar to /Users/abc/.m2/repository/io/nop/app/app-erp-master-data-dao/1.0-SNAPSHOT/app-erp-master-data-dao-1.0-SNAPSHOT.jar
[INFO] Installing /Users/abc/app/nop-app-erp/module-master-data/erp-md-dao/target/app-erp-master-data-dao-1.0-SNAPSHOT-sources.jar to /Users/abc/.m2/repository/io/nop/app/app-erp-master-data-dao/1.0-SNAPSHOT/app-erp-master-data-dao-1.0-SNAPSHOT-sources.jar
[INFO] 
[INFO] ----------------< io.nop.app:app-erp-master-data-meta >-----------------
[INFO] Building app-erp-master-data-meta 1.0-SNAPSHOT                   [5/156]
[INFO]   from module-master-data/erp-md-meta/pom.xml
[INFO] --------------------------------[ jar ]---------------------------------
[INFO] 
[INFO] --- clean:3.4.0:clean (default-clean) @ app-erp-master-data-meta ---
[INFO] Deleting /Users/abc/app/nop-app-erp/module-master-data/erp-md-meta/target
[INFO] 
[INFO] --- enforcer:3.0.0-M2:enforce (enforce-no-duplicate-dependencies) @ app-erp-master-data-meta ---
[INFO] 
[INFO] --- jacoco:0.8.14:prepare-agent (default-prepare-agent) @ app-erp-master-data-meta ---
[INFO] jacocoArgLine set to -javaagent:/Users/abc/.m2/repository/org/jacoco/org.jacoco.agent/0.8.14/org.jacoco.agent-0.8.14-runtime.jar=destfile=/Users/abc/app/nop-app-erp/module-master-data/erp-md-meta/target/jacoco.exec,excludes=**/_gen/**:**/_*.java:**/_*.xml:**/*Errors.*:**/*Configs.*:**/*Constants*:**/parse/antlr/**
[INFO] 
[INFO] --- exec:3.0.0:java (precompile) @ app-erp-master-data-meta ---
SLF4J: Failed to load class "org.slf4j.impl.StaticLoggerBinder".
SLF4J: Defaulting to no-operation (NOP) logger implementation
SLF4J: See http://www.slf4j.org/codes.html#StaticLoggerBinder for further details.
projectDir=/Users/abc/app/nop-app-erp/module-master-data/erp-md-meta,dryRun=false,tplRoot=precompile
end
[INFO] 
[INFO] --- exec:3.0.0:java (precompile2) @ app-erp-master-data-meta ---
SLF4J: Failed to load class "org.slf4j.impl.StaticLoggerBinder".
SLF4J: Defaulting to no-operation (NOP) logger implementation
SLF4J: See http://www.slf4j.org/codes.html#StaticLoggerBinder for further details.
nop.skip-codegen-when-tpl-dir-is-empty:/Users/abc/app/nop-app-erp/module-master-data/erp-md-meta/precompile2
[INFO] 
[INFO] --- resources:3.3.1:resources (default-resources) @ app-erp-master-data-meta ---
[INFO] Copying 78 resources from src/main/resources to target/classes
[INFO] 
[INFO] --- compiler:3.11.0:compile (default-compile) @ app-erp-master-data-meta ---
[INFO] No sources to compile
[INFO] 
[INFO] --- exec:3.0.0:java (aop) @ app-erp-master-data-meta ---
SLF4J: Failed to load class "org.slf4j.impl.StaticLoggerBinder".
SLF4J: Defaulting to no-operation (NOP) logger implementation
SLF4J: See http://www.slf4j.org/codes.html#StaticLoggerBinder for further details.
nop.gen-aop-proxy
[INFO] 
[INFO] --- exec:3.0.0:java (postcompile) @ app-erp-master-data-meta ---
SLF4J: Failed to load class "org.slf4j.impl.StaticLoggerBinder".
SLF4J: Defaulting to no-operation (NOP) logger implementation
SLF4J: See http://www.slf4j.org/codes.html#StaticLoggerBinder for further details.
projectDir=/Users/abc/app/nop-app-erp/module-master-data/erp-md-meta,dryRun=false,tplRoot=postcompile
end
[INFO] 
[INFO] --- resources:3.3.1:testResources (default-testResources) @ app-erp-master-data-meta ---
[INFO] skip non existing resourceDirectory /Users/abc/app/nop-app-erp/module-master-data/erp-md-meta/src/test/resources
[INFO] 
[INFO] --- compiler:3.11.0:testCompile (default-testCompile) @ app-erp-master-data-meta ---
[INFO] No sources to compile
[INFO] 
[INFO] --- surefire:3.2.2:test (default-test) @ app-erp-master-data-meta ---
[INFO] Tests are skipped.
[INFO] 
[INFO] --- jar:3.3.0:jar (default-jar) @ app-erp-master-data-meta ---
[INFO] Building jar: /Users/abc/app/nop-app-erp/module-master-data/erp-md-meta/target/app-erp-master-data-meta-1.0-SNAPSHOT.jar
[INFO] 
[INFO] --- source:3.3.0:jar-no-fork (attach-sources) @ app-erp-master-data-meta ---
[INFO] Building jar: /Users/abc/app/nop-app-erp/module-master-data/erp-md-meta/target/app-erp-master-data-meta-1.0-SNAPSHOT-sources.jar
[INFO] 
[INFO] --- install:3.1.1:install (default-install) @ app-erp-master-data-meta ---
[INFO] Installing /Users/abc/app/nop-app-erp/module-master-data/erp-md-meta/pom.xml to /Users/abc/.m2/repository/io/nop/app/app-erp-master-data-meta/1.0-SNAPSHOT/app-erp-master-data-meta-1.0-SNAPSHOT.pom
[INFO] Installing /Users/abc/app/nop-app-erp/module-master-data/erp-md-meta/target/app-erp-master-data-meta-1.0-SNAPSHOT.jar to /Users/abc/.m2/repository/io/nop/app/app-erp-master-data-meta/1.0-SNAPSHOT/app-erp-master-data-meta-1.0-SNAPSHOT.jar
[INFO] Installing /Users/abc/app/nop-app-erp/module-master-data/erp-md-meta/target/app-erp-master-data-meta-1.0-SNAPSHOT-sources.jar to /Users/abc/.m2/repository/io/nop/app/app-erp-master-data-meta/1.0-SNAPSHOT/app-erp-master-data-meta-1.0-SNAPSHOT-sources.jar
[INFO] 
[INFO] --------------------< io.nop.app:app-erp-projects >---------------------
[INFO] Building app-erp-projects 1.0-SNAPSHOT                           [6/156]
[INFO]   from module-projects/pom.xml
[INFO] --------------------------------[ pom ]---------------------------------
[INFO] 
[INFO] --- clean:3.4.0:clean (default-clean) @ app-erp-projects ---
[INFO] 
[INFO] --- enforcer:3.0.0-M2:enforce (enforce-no-duplicate-dependencies) @ app-erp-projects ---
[INFO] 
[INFO] --- jacoco:0.8.14:prepare-agent (default-prepare-agent) @ app-erp-projects ---
[INFO] jacocoArgLine set to -javaagent:/Users/abc/.m2/repository/org/jacoco/org.jacoco.agent/0.8.14/org.jacoco.agent-0.8.14-runtime.jar=destfile=/Users/abc/app/nop-app-erp/module-projects/target/jacoco.exec,excludes=**/_gen/**:**/_*.java:**/_*.xml:**/*Errors.*:**/*Configs.*:**/*Constants*:**/parse/antlr/**
[INFO] 
[INFO] --- source:3.3.0:jar-no-fork (attach-sources) @ app-erp-projects ---
[INFO] 
[INFO] --- install:3.1.1:install (default-install) @ app-erp-projects ---
[INFO] Installing /Users/abc/app/nop-app-erp/module-projects/pom.xml to /Users/abc/.m2/repository/io/nop/app/app-erp-projects/1.0-SNAPSHOT/app-erp-projects-1.0-SNAPSHOT.pom
[INFO] 
[INFO] ----------------< io.nop.app:app-erp-projects-codegen >-----------------
[INFO] Building app-erp-projects-codegen 1.0-SNAPSHOT                   [7/156]
[INFO]   from module-projects/erp-prj-codegen/pom.xml
[INFO] --------------------------------[ jar ]---------------------------------
[INFO] 
[INFO] --- clean:3.4.0:clean (default-clean) @ app-erp-projects-codegen ---
[INFO] Deleting /Users/abc/app/nop-app-erp/module-projects/erp-prj-codegen/target
[INFO] 
[INFO] --- enforcer:3.0.0-M2:enforce (enforce-no-duplicate-dependencies) @ app-erp-projects-codegen ---
[INFO] 
[INFO] --- jacoco:0.8.14:prepare-agent (default-prepare-agent) @ app-erp-projects-codegen ---
[INFO] jacocoArgLine set to -javaagent:/Users/abc/.m2/repository/org/jacoco/org.jacoco.agent/0.8.14/org.jacoco.agent-0.8.14-runtime.jar=destfile=/Users/abc/app/nop-app-erp/module-projects/erp-prj-codegen/target/jacoco.exec,excludes=**/_gen/**:**/_*.java:**/_*.xml:**/*Errors.*:**/*Configs.*:**/*Constants*:**/parse/antlr/**
[INFO] 
[INFO] --- exec:3.0.0:java (precompile) @ app-erp-projects-codegen ---
SLF4J: Failed to load class "org.slf4j.impl.StaticLoggerBinder".
SLF4J: Defaulting to no-operation (NOP) logger implementation
SLF4J: See http://www.slf4j.org/codes.html#StaticLoggerBinder for further details.
nop.skip-codegen-when-tpl-dir-is-empty:/Users/abc/app/nop-app-erp/module-projects/erp-prj-codegen/precompile
[INFO] 
[INFO] --- exec:3.0.0:java (precompile2) @ app-erp-projects-codegen ---
SLF4J: Failed to load class "org.slf4j.impl.StaticLoggerBinder".
SLF4J: Defaulting to no-operation (NOP) logger implementation
SLF4J: See http://www.slf4j.org/codes.html#StaticLoggerBinder for further details.
nop.skip-codegen-when-tpl-dir-is-empty:/Users/abc/app/nop-app-erp/module-projects/erp-prj-codegen/precompile2
[INFO] 
[INFO] --- resources:3.3.1:resources (default-resources) @ app-erp-projects-codegen ---
[INFO] skip non existing resourceDirectory /Users/abc/app/nop-app-erp/module-projects/erp-prj-codegen/src/main/resources
[INFO] 
[INFO] --- compiler:3.11.0:compile (default-compile) @ app-erp-projects-codegen ---
[INFO] No sources to compile
[INFO] 
[INFO] --- exec:3.0.0:java (aop) @ app-erp-projects-codegen ---
SLF4J: Failed to load class "org.slf4j.impl.StaticLoggerBinder".
SLF4J: Defaulting to no-operation (NOP) logger implementation
SLF4J: See http://www.slf4j.org/codes.html#StaticLoggerBinder for further details.
nop.gen-aop-proxy
[INFO] 
[INFO] --- exec:3.0.0:java (postcompile) @ app-erp-projects-codegen ---
SLF4J: Failed to load class "org.slf4j.impl.StaticLoggerBinder".
SLF4J: Defaulting to no-operation (NOP) logger implementation
SLF4J: See http://www.slf4j.org/codes.html#StaticLoggerBinder for further details.
projectDir=/Users/abc/app/nop-app-erp/module-projects/erp-prj-codegen,dryRun=false,tplRoot=postcompile
end
[INFO] 
[INFO] --- resources:3.3.1:testResources (default-testResources) @ app-erp-projects-codegen ---
[INFO] skip non existing resourceDirectory /Users/abc/app/nop-app-erp/module-projects/erp-prj-codegen/src/test/resources
[INFO] 
[INFO] --- compiler:3.11.0:testCompile (default-testCompile) @ app-erp-projects-codegen ---
[INFO] Changes detected - recompiling the module! :source
[INFO] Compiling 1 source file with javac [debug release 17] to target/test-classes
[INFO] 
[INFO] --- surefire:3.2.2:test (default-test) @ app-erp-projects-codegen ---
[INFO] Tests are skipped.
[INFO] 
[INFO] --- jar:3.3.0:jar (default-jar) @ app-erp-projects-codegen ---
[WARNING] JAR will be empty - no content was marked for inclusion!
[INFO] Building jar: /Users/abc/app/nop-app-erp/module-projects/erp-prj-codegen/target/app-erp-projects-codegen-1.0-SNAPSHOT.jar
[INFO] 
[INFO] --- source:3.3.0:jar-no-fork (attach-sources) @ app-erp-projects-codegen ---
[INFO] No sources in project. Archive not created.
[INFO] 
[INFO] --- install:3.1.1:install (default-install) @ app-erp-projects-codegen ---
[INFO] Installing /Users/abc/app/nop-app-erp/module-projects/erp-prj-codegen/pom.xml to /Users/abc/.m2/repository/io/nop/app/app-erp-projects-codegen/1.0-SNAPSHOT/app-erp-projects-codegen-1.0-SNAPSHOT.pom
[INFO] Installing /Users/abc/app/nop-app-erp/module-projects/erp-prj-codegen/target/app-erp-projects-codegen-1.0-SNAPSHOT.jar to /Users/abc/.m2/repository/io/nop/app/app-erp-projects-codegen/1.0-SNAPSHOT/app-erp-projects-codegen-1.0-SNAPSHOT.jar
[INFO] 
[INFO] ------------------< io.nop.app:app-erp-projects-dao >-------------------
[INFO] Building app-erp-projects-dao 1.0-SNAPSHOT                       [8/156]
[INFO]   from module-projects/erp-prj-dao/pom.xml
[INFO] --------------------------------[ jar ]---------------------------------
[INFO] 
[INFO] --- clean:3.4.0:clean (default-clean) @ app-erp-projects-dao ---
[INFO] Deleting /Users/abc/app/nop-app-erp/module-projects/erp-prj-dao/target
[INFO] 
[INFO] --- enforcer:3.0.0-M2:enforce (enforce-no-duplicate-dependencies) @ app-erp-projects-dao ---
[INFO] 
[INFO] --- jacoco:0.8.14:prepare-agent (default-prepare-agent) @ app-erp-projects-dao ---
[INFO] jacocoArgLine set to -javaagent:/Users/abc/.m2/repository/org/jacoco/org.jacoco.agent/0.8.14/org.jacoco.agent-0.8.14-runtime.jar=destfile=/Users/abc/app/nop-app-erp/module-projects/erp-prj-dao/target/jacoco.exec,excludes=**/_gen/**:**/_*.java:**/_*.xml:**/*Errors.*:**/*Configs.*:**/*Constants*:**/parse/antlr/**
[INFO] 
[INFO] --- resources:3.3.1:resources (default-resources) @ app-erp-projects-dao ---
[INFO] Copying 4 resources from src/main/resources to target/classes
[INFO] 
[INFO] --- compiler:3.11.0:compile (default-compile) @ app-erp-projects-dao ---
[INFO] Changes detected - recompiling the module! :dependency
[INFO] Compiling 53 source files with javac [debug release 17] to target/classes
[INFO] 
[INFO] --- resources:3.3.1:testResources (default-testResources) @ app-erp-projects-dao ---
[INFO] skip non existing resourceDirectory /Users/abc/app/nop-app-erp/module-projects/erp-prj-dao/src/test/resources
[INFO] 
[INFO] --- compiler:3.11.0:testCompile (default-testCompile) @ app-erp-projects-dao ---
[INFO] No sources to compile
[INFO] 
[INFO] --- surefire:3.2.2:test (default-test) @ app-erp-projects-dao ---
[INFO] Tests are skipped.
[INFO] 
[INFO] --- jar:3.3.0:jar (default-jar) @ app-erp-projects-dao ---
[INFO] Building jar: /Users/abc/app/nop-app-erp/module-projects/erp-prj-dao/target/app-erp-projects-dao-1.0-SNAPSHOT.jar
[INFO] 
[INFO] --- source:3.3.0:jar-no-fork (attach-sources) @ app-erp-projects-dao ---
[INFO] Building jar: /Users/abc/app/nop-app-erp/module-projects/erp-prj-dao/target/app-erp-projects-dao-1.0-SNAPSHOT-sources.jar
[INFO] 
[INFO] --- install:3.1.1:install (default-install) @ app-erp-projects-dao ---
[INFO] Installing /Users/abc/app/nop-app-erp/module-projects/erp-prj-dao/pom.xml to /Users/abc/.m2/repository/io/nop/app/app-erp-projects-dao/1.0-SNAPSHOT/app-erp-projects-dao-1.0-SNAPSHOT.pom
[INFO] Installing /Users/abc/app/nop-app-erp/module-projects/erp-prj-dao/target/app-erp-projects-dao-1.0-SNAPSHOT.jar to /Users/abc/.m2/repository/io/nop/app/app-erp-projects-dao/1.0-SNAPSHOT/app-erp-projects-dao-1.0-SNAPSHOT.jar
[INFO] Installing /Users/abc/app/nop-app-erp/module-projects/erp-prj-dao/target/app-erp-projects-dao-1.0-SNAPSHOT-sources.jar to /Users/abc/.m2/repository/io/nop/app/app-erp-projects-dao/1.0-SNAPSHOT/app-erp-projects-dao-1.0-SNAPSHOT-sources.jar
[INFO] 
[INFO] ---------------------< io.nop.app:app-erp-finance >---------------------
[INFO] Building app-erp-finance 1.0-SNAPSHOT                            [9/156]
[INFO]   from module-finance/pom.xml
[INFO] --------------------------------[ pom ]---------------------------------
[INFO] 
[INFO] --- clean:3.4.0:clean (default-clean) @ app-erp-finance ---
[INFO] 
[INFO] --- enforcer:3.0.0-M2:enforce (enforce-no-duplicate-dependencies) @ app-erp-finance ---
[INFO] 
[INFO] --- jacoco:0.8.14:prepare-agent (default-prepare-agent) @ app-erp-finance ---
[INFO] jacocoArgLine set to -javaagent:/Users/abc/.m2/repository/org/jacoco/org.jacoco.agent/0.8.14/org.jacoco.agent-0.8.14-runtime.jar=destfile=/Users/abc/app/nop-app-erp/module-finance/target/jacoco.exec,excludes=**/_gen/**:**/_*.java:**/_*.xml:**/*Errors.*:**/*Configs.*:**/*Constants*:**/parse/antlr/**
[INFO] 
[INFO] --- source:3.3.0:jar-no-fork (attach-sources) @ app-erp-finance ---
[INFO] 
[INFO] --- install:3.1.1:install (default-install) @ app-erp-finance ---
[INFO] Installing /Users/abc/app/nop-app-erp/module-finance/pom.xml to /Users/abc/.m2/repository/io/nop/app/app-erp-finance/1.0-SNAPSHOT/app-erp-finance-1.0-SNAPSHOT.pom
[INFO] 
[INFO] -----------------< io.nop.app:app-erp-finance-codegen >-----------------
[INFO] Building app-erp-finance-codegen 1.0-SNAPSHOT                   [10/156]
[INFO]   from module-finance/erp-fin-codegen/pom.xml
[INFO] --------------------------------[ jar ]---------------------------------
[INFO] 
[INFO] --- clean:3.4.0:clean (default-clean) @ app-erp-finance-codegen ---
[INFO] Deleting /Users/abc/app/nop-app-erp/module-finance/erp-fin-codegen/target
[INFO] 
[INFO] --- enforcer:3.0.0-M2:enforce (enforce-no-duplicate-dependencies) @ app-erp-finance-codegen ---
[INFO] 
[INFO] --- jacoco:0.8.14:prepare-agent (default-prepare-agent) @ app-erp-finance-codegen ---
[INFO] jacocoArgLine set to -javaagent:/Users/abc/.m2/repository/org/jacoco/org.jacoco.agent/0.8.14/org.jacoco.agent-0.8.14-runtime.jar=destfile=/Users/abc/app/nop-app-erp/module-finance/erp-fin-codegen/target/jacoco.exec,excludes=**/_gen/**:**/_*.java:**/_*.xml:**/*Errors.*:**/*Configs.*:**/*Constants*:**/parse/antlr/**
[INFO] 
[INFO] --- exec:3.0.0:java (precompile) @ app-erp-finance-codegen ---
SLF4J: Failed to load class "org.slf4j.impl.StaticLoggerBinder".
SLF4J: Defaulting to no-operation (NOP) logger implementation
SLF4J: See http://www.slf4j.org/codes.html#StaticLoggerBinder for further details.
nop.skip-codegen-when-tpl-dir-is-empty:/Users/abc/app/nop-app-erp/module-finance/erp-fin-codegen/precompile
[INFO] 
[INFO] --- exec:3.0.0:java (precompile2) @ app-erp-finance-codegen ---
SLF4J: Failed to load class "org.slf4j.impl.StaticLoggerBinder".
SLF4J: Defaulting to no-operation (NOP) logger implementation
SLF4J: See http://www.slf4j.org/codes.html#StaticLoggerBinder for further details.
nop.skip-codegen-when-tpl-dir-is-empty:/Users/abc/app/nop-app-erp/module-finance/erp-fin-codegen/precompile2
[INFO] 
[INFO] --- resources:3.3.1:resources (default-resources) @ app-erp-finance-codegen ---
[INFO] skip non existing resourceDirectory /Users/abc/app/nop-app-erp/module-finance/erp-fin-codegen/src/main/resources
[INFO] 
[INFO] --- compiler:3.11.0:compile (default-compile) @ app-erp-finance-codegen ---
[INFO] No sources to compile
[INFO] 
[INFO] --- exec:3.0.0:java (aop) @ app-erp-finance-codegen ---
SLF4J: Failed to load class "org.slf4j.impl.StaticLoggerBinder".
SLF4J: Defaulting to no-operation (NOP) logger implementation
SLF4J: See http://www.slf4j.org/codes.html#StaticLoggerBinder for further details.
nop.gen-aop-proxy
[INFO] 
[INFO] --- exec:3.0.0:java (postcompile) @ app-erp-finance-codegen ---
SLF4J: Failed to load class "org.slf4j.impl.StaticLoggerBinder".
SLF4J: Defaulting to no-operation (NOP) logger implementation
SLF4J: See http://www.slf4j.org/codes.html#StaticLoggerBinder for further details.
projectDir=/Users/abc/app/nop-app-erp/module-finance/erp-fin-codegen,dryRun=false,tplRoot=postcompile
end
[INFO] 
[INFO] --- resources:3.3.1:testResources (default-testResources) @ app-erp-finance-codegen ---
[INFO] skip non existing resourceDirectory /Users/abc/app/nop-app-erp/module-finance/erp-fin-codegen/src/test/resources
[INFO] 
[INFO] --- compiler:3.11.0:testCompile (default-testCompile) @ app-erp-finance-codegen ---
[INFO] Changes detected - recompiling the module! :source
[INFO] Compiling 1 source file with javac [debug release 17] to target/test-classes
[INFO] 
[INFO] --- surefire:3.2.2:test (default-test) @ app-erp-finance-codegen ---
[INFO] Tests are skipped.
[INFO] 
[INFO] --- jar:3.3.0:jar (default-jar) @ app-erp-finance-codegen ---
[WARNING] JAR will be empty - no content was marked for inclusion!
[INFO] Building jar: /Users/abc/app/nop-app-erp/module-finance/erp-fin-codegen/target/app-erp-finance-codegen-1.0-SNAPSHOT.jar
[INFO] 
[INFO] --- source:3.3.0:jar-no-fork (attach-sources) @ app-erp-finance-codegen ---
[INFO] No sources in project. Archive not created.
[INFO] 
[INFO] --- install:3.1.1:install (default-install) @ app-erp-finance-codegen ---
[INFO] Installing /Users/abc/app/nop-app-erp/module-finance/erp-fin-codegen/pom.xml to /Users/abc/.m2/repository/io/nop/app/app-erp-finance-codegen/1.0-SNAPSHOT/app-erp-finance-codegen-1.0-SNAPSHOT.pom
[INFO] Installing /Users/abc/app/nop-app-erp/module-finance/erp-fin-codegen/target/app-erp-finance-codegen-1.0-SNAPSHOT.jar to /Users/abc/.m2/repository/io/nop/app/app-erp-finance-codegen/1.0-SNAPSHOT/app-erp-finance-codegen-1.0-SNAPSHOT.jar
[INFO] 
[INFO] -------------------< io.nop.app:app-erp-finance-dao >-------------------
[INFO] Building app-erp-finance-dao 1.0-SNAPSHOT                       [11/156]
[INFO]   from module-finance/erp-fin-dao/pom.xml
[INFO] --------------------------------[ jar ]---------------------------------
[INFO] 
[INFO] --- clean:3.4.0:clean (default-clean) @ app-erp-finance-dao ---
[INFO] Deleting /Users/abc/app/nop-app-erp/module-finance/erp-fin-dao/target
[INFO] 
[INFO] --- enforcer:3.0.0-M2:enforce (enforce-no-duplicate-dependencies) @ app-erp-finance-dao ---
[INFO] 
[INFO] --- jacoco:0.8.14:prepare-agent (default-prepare-agent) @ app-erp-finance-dao ---
[INFO] jacocoArgLine set to -javaagent:/Users/abc/.m2/repository/org/jacoco/org.jacoco.agent/0.8.14/org.jacoco.agent-0.8.14-runtime.jar=destfile=/Users/abc/app/nop-app-erp/module-finance/erp-fin-dao/target/jacoco.exec,excludes=**/_gen/**:**/_*.java:**/_*.xml:**/*Errors.*:**/*Configs.*:**/*Constants*:**/parse/antlr/**
[INFO] 
[INFO] --- resources:3.3.1:resources (default-resources) @ app-erp-finance-dao ---
[INFO] Copying 4 resources from src/main/resources to target/classes
[INFO] 
[INFO] --- compiler:3.11.0:compile (default-compile) @ app-erp-finance-dao ---
[INFO] Changes detected - recompiling the module! :dependency
[INFO] Compiling 142 source files with javac [debug release 17] to target/classes
[INFO] 
[INFO] --- resources:3.3.1:testResources (default-testResources) @ app-erp-finance-dao ---
[INFO] skip non existing resourceDirectory /Users/abc/app/nop-app-erp/module-finance/erp-fin-dao/src/test/resources
[INFO] 
[INFO] --- compiler:3.11.0:testCompile (default-testCompile) @ app-erp-finance-dao ---
[INFO] No sources to compile
[INFO] 
[INFO] --- surefire:3.2.2:test (default-test) @ app-erp-finance-dao ---
[INFO] Tests are skipped.
[INFO] 
[INFO] --- jar:3.3.0:jar (default-jar) @ app-erp-finance-dao ---
[INFO] Building jar: /Users/abc/app/nop-app-erp/module-finance/erp-fin-dao/target/app-erp-finance-dao-1.0-SNAPSHOT.jar
[INFO] 
[INFO] --- source:3.3.0:jar-no-fork (attach-sources) @ app-erp-finance-dao ---
[INFO] Building jar: /Users/abc/app/nop-app-erp/module-finance/erp-fin-dao/target/app-erp-finance-dao-1.0-SNAPSHOT-sources.jar
[INFO] 
[INFO] --- install:3.1.1:install (default-install) @ app-erp-finance-dao ---
[INFO] Installing /Users/abc/app/nop-app-erp/module-finance/erp-fin-dao/pom.xml to /Users/abc/.m2/repository/io/nop/app/app-erp-finance-dao/1.0-SNAPSHOT/app-erp-finance-dao-1.0-SNAPSHOT.pom
[INFO] Installing /Users/abc/app/nop-app-erp/module-finance/erp-fin-dao/target/app-erp-finance-dao-1.0-SNAPSHOT.jar to /Users/abc/.m2/repository/io/nop/app/app-erp-finance-dao/1.0-SNAPSHOT/app-erp-finance-dao-1.0-SNAPSHOT.jar
[INFO] Installing /Users/abc/app/nop-app-erp/module-finance/erp-fin-dao/target/app-erp-finance-dao-1.0-SNAPSHOT-sources.jar to /Users/abc/.m2/repository/io/nop/app/app-erp-finance-dao/1.0-SNAPSHOT/app-erp-finance-dao-1.0-SNAPSHOT-sources.jar
[INFO] 
[INFO] ---------------------< io.nop.app:app-erp-notify >----------------------
[INFO] Building app-erp-notify 1.0-SNAPSHOT                            [12/156]
[INFO]   from module-notify/pom.xml
[INFO] --------------------------------[ pom ]---------------------------------
[INFO] 
[INFO] --- clean:3.4.0:clean (default-clean) @ app-erp-notify ---
[INFO] 
[INFO] --- enforcer:3.0.0-M2:enforce (enforce-no-duplicate-dependencies) @ app-erp-notify ---
[INFO] 
[INFO] --- jacoco:0.8.14:prepare-agent (default-prepare-agent) @ app-erp-notify ---
[INFO] jacocoArgLine set to -javaagent:/Users/abc/.m2/repository/org/jacoco/org.jacoco.agent/0.8.14/org.jacoco.agent-0.8.14-runtime.jar=destfile=/Users/abc/app/nop-app-erp/module-notify/target/jacoco.exec,excludes=**/_gen/**:**/_*.java:**/_*.xml:**/*Errors.*:**/*Configs.*:**/*Constants*:**/parse/antlr/**
[INFO] 
[INFO] --- source:3.3.0:jar-no-fork (attach-sources) @ app-erp-notify ---
[INFO] 
[INFO] --- install:3.1.1:install (default-install) @ app-erp-notify ---
[INFO] Installing /Users/abc/app/nop-app-erp/module-notify/pom.xml to /Users/abc/.m2/repository/io/nop/app/app-erp-notify/1.0-SNAPSHOT/app-erp-notify-1.0-SNAPSHOT.pom
[INFO] 
[INFO] -----------------< io.nop.app:app-erp-notify-codegen >------------------
[INFO] Building app-erp-notify-codegen 1.0-SNAPSHOT                    [13/156]
[INFO]   from module-notify/erp-notify-codegen/pom.xml
[INFO] --------------------------------[ jar ]---------------------------------
[INFO] 
[INFO] --- clean:3.4.0:clean (default-clean) @ app-erp-notify-codegen ---
[INFO] Deleting /Users/abc/app/nop-app-erp/module-notify/erp-notify-codegen/target
[INFO] 
[INFO] --- enforcer:3.0.0-M2:enforce (enforce-no-duplicate-dependencies) @ app-erp-notify-codegen ---
[INFO] 
[INFO] --- jacoco:0.8.14:prepare-agent (default-prepare-agent) @ app-erp-notify-codegen ---
[INFO] jacocoArgLine set to -javaagent:/Users/abc/.m2/repository/org/jacoco/org.jacoco.agent/0.8.14/org.jacoco.agent-0.8.14-runtime.jar=destfile=/Users/abc/app/nop-app-erp/module-notify/erp-notify-codegen/target/jacoco.exec,excludes=**/_gen/**:**/_*.java:**/_*.xml:**/*Errors.*:**/*Configs.*:**/*Constants*:**/parse/antlr/**
[INFO] 
[INFO] --- exec:3.0.0:java (precompile) @ app-erp-notify-codegen ---
SLF4J: Failed to load class "org.slf4j.impl.StaticLoggerBinder".
SLF4J: Defaulting to no-operation (NOP) logger implementation
SLF4J: See http://www.slf4j.org/codes.html#StaticLoggerBinder for further details.
nop.skip-codegen-when-tpl-dir-is-empty:/Users/abc/app/nop-app-erp/module-notify/erp-notify-codegen/precompile
[INFO] 
[INFO] --- exec:3.0.0:java (precompile2) @ app-erp-notify-codegen ---
SLF4J: Failed to load class "org.slf4j.impl.StaticLoggerBinder".
SLF4J: Defaulting to no-operation (NOP) logger implementation
SLF4J: See http://www.slf4j.org/codes.html#StaticLoggerBinder for further details.
nop.skip-codegen-when-tpl-dir-is-empty:/Users/abc/app/nop-app-erp/module-notify/erp-notify-codegen/precompile2
[INFO] 
[INFO] --- resources:3.3.1:resources (default-resources) @ app-erp-notify-codegen ---
[INFO] skip non existing resourceDirectory /Users/abc/app/nop-app-erp/module-notify/erp-notify-codegen/src/main/resources
[INFO] 
[INFO] --- compiler:3.11.0:compile (default-compile) @ app-erp-notify-codegen ---
[INFO] No sources to compile
[INFO] 
[INFO] --- exec:3.0.0:java (aop) @ app-erp-notify-codegen ---
SLF4J: Failed to load class "org.slf4j.impl.StaticLoggerBinder".
SLF4J: Defaulting to no-operation (NOP) logger implementation
SLF4J: See http://www.slf4j.org/codes.html#StaticLoggerBinder for further details.
nop.gen-aop-proxy
[INFO] 
[INFO] --- exec:3.0.0:java (postcompile) @ app-erp-notify-codegen ---
SLF4J: Failed to load class "org.slf4j.impl.StaticLoggerBinder".
SLF4J: Defaulting to no-operation (NOP) logger implementation
SLF4J: See http://www.slf4j.org/codes.html#StaticLoggerBinder for further details.
projectDir=/Users/abc/app/nop-app-erp/module-notify/erp-notify-codegen,dryRun=false,tplRoot=postcompile
end
[INFO] 
[INFO] --- resources:3.3.1:testResources (default-testResources) @ app-erp-notify-codegen ---
[INFO] skip non existing resourceDirectory /Users/abc/app/nop-app-erp/module-notify/erp-notify-codegen/src/test/resources
[INFO] 
[INFO] --- compiler:3.11.0:testCompile (default-testCompile) @ app-erp-notify-codegen ---
[INFO] Changes detected - recompiling the module! :source
[INFO] Compiling 1 source file with javac [debug release 17] to target/test-classes
[INFO] 
[INFO] --- surefire:3.2.2:test (default-test) @ app-erp-notify-codegen ---
[INFO] Tests are skipped.
[INFO] 
[INFO] --- jar:3.3.0:jar (default-jar) @ app-erp-notify-codegen ---
[WARNING] JAR will be empty - no content was marked for inclusion!
[INFO] Building jar: /Users/abc/app/nop-app-erp/module-notify/erp-notify-codegen/target/app-erp-notify-codegen-1.0-SNAPSHOT.jar
[INFO] 
[INFO] --- source:3.3.0:jar-no-fork (attach-sources) @ app-erp-notify-codegen ---
[INFO] No sources in project. Archive not created.
[INFO] 
[INFO] --- install:3.1.1:install (default-install) @ app-erp-notify-codegen ---
[INFO] Installing /Users/abc/app/nop-app-erp/module-notify/erp-notify-codegen/pom.xml to /Users/abc/.m2/repository/io/nop/app/app-erp-notify-codegen/1.0-SNAPSHOT/app-erp-notify-codegen-1.0-SNAPSHOT.pom
[INFO] Installing /Users/abc/app/nop-app-erp/module-notify/erp-notify-codegen/target/app-erp-notify-codegen-1.0-SNAPSHOT.jar to /Users/abc/.m2/repository/io/nop/app/app-erp-notify-codegen/1.0-SNAPSHOT/app-erp-notify-codegen-1.0-SNAPSHOT.jar
[INFO] 
[INFO] -------------------< io.nop.app:app-erp-notify-dao >--------------------
[INFO] Building app-erp-notify-dao 1.0-SNAPSHOT                        [14/156]
[INFO]   from module-notify/erp-notify-dao/pom.xml
[INFO] --------------------------------[ jar ]---------------------------------
[INFO] 
[INFO] --- clean:3.4.0:clean (default-clean) @ app-erp-notify-dao ---
[INFO] Deleting /Users/abc/app/nop-app-erp/module-notify/erp-notify-dao/target
[INFO] 
[INFO] --- enforcer:3.0.0-M2:enforce (enforce-no-duplicate-dependencies) @ app-erp-notify-dao ---
[INFO] 
[INFO] --- jacoco:0.8.14:prepare-agent (default-prepare-agent) @ app-erp-notify-dao ---
[INFO] jacocoArgLine set to -javaagent:/Users/abc/.m2/repository/org/jacoco/org.jacoco.agent/0.8.14/org.jacoco.agent-0.8.14-runtime.jar=destfile=/Users/abc/app/nop-app-erp/module-notify/erp-notify-dao/target/jacoco.exec,excludes=**/_gen/**:**/_*.java:**/_*.xml:**/*Errors.*:**/*Configs.*:**/*Constants*:**/parse/antlr/**
[INFO] 
[INFO] --- resources:3.3.1:resources (default-resources) @ app-erp-notify-dao ---
[INFO] Copying 4 resources from src/main/resources to target/classes
[INFO] 
[INFO] --- compiler:3.11.0:compile (default-compile) @ app-erp-notify-dao ---
[INFO] Changes detected - recompiling the module! :source
[INFO] Compiling 11 source files with javac [debug release 17] to target/classes
[INFO] 
[INFO] --- resources:3.3.1:testResources (default-testResources) @ app-erp-notify-dao ---
[INFO] skip non existing resourceDirectory /Users/abc/app/nop-app-erp/module-notify/erp-notify-dao/src/test/resources
[INFO] 
[INFO] --- compiler:3.11.0:testCompile (default-testCompile) @ app-erp-notify-dao ---
[INFO] No sources to compile
[INFO] 
[INFO] --- surefire:3.2.2:test (default-test) @ app-erp-notify-dao ---
[INFO] Tests are skipped.
[INFO] 
[INFO] --- jar:3.3.0:jar (default-jar) @ app-erp-notify-dao ---
[INFO] Building jar: /Users/abc/app/nop-app-erp/module-notify/erp-notify-dao/target/app-erp-notify-dao-1.0-SNAPSHOT.jar
[INFO] 
[INFO] --- source:3.3.0:jar-no-fork (attach-sources) @ app-erp-notify-dao ---
[INFO] Building jar: /Users/abc/app/nop-app-erp/module-notify/erp-notify-dao/target/app-erp-notify-dao-1.0-SNAPSHOT-sources.jar
[INFO] 
[INFO] --- install:3.1.1:install (default-install) @ app-erp-notify-dao ---
[INFO] Installing /Users/abc/app/nop-app-erp/module-notify/erp-notify-dao/pom.xml to /Users/abc/.m2/repository/io/nop/app/app-erp-notify-dao/1.0-SNAPSHOT/app-erp-notify-dao-1.0-SNAPSHOT.pom
[INFO] Installing /Users/abc/app/nop-app-erp/module-notify/erp-notify-dao/target/app-erp-notify-dao-1.0-SNAPSHOT.jar to /Users/abc/.m2/repository/io/nop/app/app-erp-notify-dao/1.0-SNAPSHOT/app-erp-notify-dao-1.0-SNAPSHOT.jar
[INFO] Installing /Users/abc/app/nop-app-erp/module-notify/erp-notify-dao/target/app-erp-notify-dao-1.0-SNAPSHOT-sources.jar to /Users/abc/.m2/repository/io/nop/app/app-erp-notify-dao/1.0-SNAPSHOT/app-erp-notify-dao-1.0-SNAPSHOT-sources.jar
[INFO] 
[INFO] -------------------< io.nop.app:app-erp-common-test >-------------------
[INFO] Building app-erp-common-test 1.0-SNAPSHOT                       [15/156]
[INFO]   from module-common-test/pom.xml
[INFO] --------------------------------[ jar ]---------------------------------
[INFO] 
[INFO] --- clean:3.4.0:clean (default-clean) @ app-erp-common-test ---
[INFO] Deleting /Users/abc/app/nop-app-erp/module-common-test/target
[INFO] 
[INFO] --- enforcer:3.0.0-M2:enforce (enforce-no-duplicate-dependencies) @ app-erp-common-test ---
[INFO] 
[INFO] --- jacoco:0.8.14:prepare-agent (default-prepare-agent) @ app-erp-common-test ---
[INFO] jacocoArgLine set to -javaagent:/Users/abc/.m2/repository/org/jacoco/org.jacoco.agent/0.8.14/org.jacoco.agent-0.8.14-runtime.jar=destfile=/Users/abc/app/nop-app-erp/module-common-test/target/jacoco.exec,excludes=**/_gen/**:**/_*.java:**/_*.xml:**/*Errors.*:**/*Configs.*:**/*Constants*:**/parse/antlr/**
[INFO] 
[INFO] --- resources:3.3.1:resources (default-resources) @ app-erp-common-test ---
[INFO] skip non existing resourceDirectory /Users/abc/app/nop-app-erp/module-common-test/src/main/resources
[INFO] 
[INFO] --- compiler:3.11.0:compile (default-compile) @ app-erp-common-test ---
[INFO] Changes detected - recompiling the module! :dependency
[INFO] Compiling 6 source files with javac [debug release 17] to target/classes
[INFO] 
[INFO] --- resources:3.3.1:testResources (default-testResources) @ app-erp-common-test ---
[INFO] Copying 3 resources from src/test/resources to target/test-classes
[INFO] 
[INFO] --- compiler:3.11.0:testCompile (default-testCompile) @ app-erp-common-test ---
[INFO] Changes detected - recompiling the module! :dependency
[INFO] Compiling 1 source file with javac [debug release 17] to target/test-classes
[INFO] 
[INFO] --- surefire:3.2.2:test (default-test) @ app-erp-common-test ---
[INFO] Tests are skipped.
[INFO] 
[INFO] --- jar:3.3.0:jar (default-jar) @ app-erp-common-test ---
[INFO] Building jar: /Users/abc/app/nop-app-erp/module-common-test/target/app-erp-common-test-1.0-SNAPSHOT.jar
[INFO] 
[INFO] --- source:3.3.0:jar-no-fork (attach-sources) @ app-erp-common-test ---
[INFO] Building jar: /Users/abc/app/nop-app-erp/module-common-test/target/app-erp-common-test-1.0-SNAPSHOT-sources.jar
[INFO] 
[INFO] --- install:3.1.1:install (default-install) @ app-erp-common-test ---
[INFO] Installing /Users/abc/app/nop-app-erp/module-common-test/pom.xml to /Users/abc/.m2/repository/io/nop/app/app-erp-common-test/1.0-SNAPSHOT/app-erp-common-test-1.0-SNAPSHOT.pom
[INFO] Installing /Users/abc/app/nop-app-erp/module-common-test/target/app-erp-common-test-1.0-SNAPSHOT.jar to /Users/abc/.m2/repository/io/nop/app/app-erp-common-test/1.0-SNAPSHOT/app-erp-common-test-1.0-SNAPSHOT.jar
[INFO] Installing /Users/abc/app/nop-app-erp/module-common-test/target/app-erp-common-test-1.0-SNAPSHOT-sources.jar to /Users/abc/.m2/repository/io/nop/app/app-erp-common-test/1.0-SNAPSHOT/app-erp-common-test-1.0-SNAPSHOT-sources.jar
[INFO] 
[INFO] -----------------< io.nop.app:app-erp-common-service >------------------
[INFO] Building app-erp-common-service 1.0-SNAPSHOT                    [16/156]
[INFO]   from module-common-service/pom.xml
[INFO] --------------------------------[ jar ]---------------------------------
[INFO] 
[INFO] --- clean:3.4.0:clean (default-clean) @ app-erp-common-service ---
[INFO] Deleting /Users/abc/app/nop-app-erp/module-common-service/target
[INFO] 
[INFO] --- enforcer:3.0.0-M2:enforce (enforce-no-duplicate-dependencies) @ app-erp-common-service ---
[INFO] 
[INFO] --- jacoco:0.8.14:prepare-agent (default-prepare-agent) @ app-erp-common-service ---
[INFO] jacocoArgLine set to -javaagent:/Users/abc/.m2/repository/org/jacoco/org.jacoco.agent/0.8.14/org.jacoco.agent-0.8.14-runtime.jar=destfile=/Users/abc/app/nop-app-erp/module-common-service/target/jacoco.exec,excludes=**/_gen/**:**/_*.java:**/_*.xml:**/*Errors.*:**/*Configs.*:**/*Constants*:**/parse/antlr/**
[INFO] 
[INFO] --- resources:3.3.1:resources (default-resources) @ app-erp-common-service ---
[INFO] Copying 3 resources from src/main/resources to target/classes
[INFO] 
[INFO] --- compiler:3.11.0:compile (default-compile) @ app-erp-common-service ---
[INFO] Changes detected - recompiling the module! :source
[INFO] Compiling 24 source files with javac [debug release 17] to target/classes
[INFO] /Users/abc/app/nop-app-erp/module-common-service/src/main/java/app/erp/common/service/DashboardUtil.java: /Users/abc/app/nop-app-erp/module-common-service/src/main/java/app/erp/common/service/DashboardUtil.java使用或覆盖了已过时的 API。
[INFO] /Users/abc/app/nop-app-erp/module-common-service/src/main/java/app/erp/common/service/DashboardUtil.java: 有关详细信息, 请使用 -Xlint:deprecation 重新编译。
[INFO] 
[INFO] --- resources:3.3.1:testResources (default-testResources) @ app-erp-common-service ---
[INFO] skip non existing resourceDirectory /Users/abc/app/nop-app-erp/module-common-service/src/test/resources
[INFO] 
[INFO] --- compiler:3.11.0:testCompile (default-testCompile) @ app-erp-common-service ---
[INFO] Changes detected - recompiling the module! :dependency
[INFO] Compiling 3 source files with javac [debug release 17] to target/test-classes
[INFO] 
[INFO] --- surefire:3.2.2:test (default-test) @ app-erp-common-service ---
[INFO] Tests are skipped.
[INFO] 
[INFO] --- jar:3.3.0:jar (default-jar) @ app-erp-common-service ---
[INFO] Building jar: /Users/abc/app/nop-app-erp/module-common-service/target/app-erp-common-service-1.0-SNAPSHOT.jar
[INFO] 
[INFO] --- source:3.3.0:jar-no-fork (attach-sources) @ app-erp-common-service ---
[INFO] Building jar: /Users/abc/app/nop-app-erp/module-common-service/target/app-erp-common-service-1.0-SNAPSHOT-sources.jar
[INFO] 
[INFO] --- install:3.1.1:install (default-install) @ app-erp-common-service ---
[INFO] Installing /Users/abc/app/nop-app-erp/module-common-service/pom.xml to /Users/abc/.m2/repository/io/nop/app/app-erp-common-service/1.0-SNAPSHOT/app-erp-common-service-1.0-SNAPSHOT.pom
[INFO] Installing /Users/abc/app/nop-app-erp/module-common-service/target/app-erp-common-service-1.0-SNAPSHOT.jar to /Users/abc/.m2/repository/io/nop/app/app-erp-common-service/1.0-SNAPSHOT/app-erp-common-service-1.0-SNAPSHOT.jar
[INFO] Installing /Users/abc/app/nop-app-erp/module-common-service/target/app-erp-common-service-1.0-SNAPSHOT-sources.jar to /Users/abc/.m2/repository/io/nop/app/app-erp-common-service/1.0-SNAPSHOT/app-erp-common-service-1.0-SNAPSHOT-sources.jar
[INFO] 
[INFO] ---------------< io.nop.app:app-erp-master-data-service >---------------
[INFO] Building app-erp-master-data-service 1.0-SNAPSHOT               [17/156]
[INFO]   from module-master-data/erp-md-service/pom.xml
[INFO] --------------------------------[ jar ]---------------------------------
[INFO] 
[INFO] --- clean:3.4.0:clean (default-clean) @ app-erp-master-data-service ---
[INFO] Deleting /Users/abc/app/nop-app-erp/module-master-data/erp-md-service/target
[INFO] 
[INFO] --- enforcer:3.0.0-M2:enforce (enforce-no-duplicate-dependencies) @ app-erp-master-data-service ---
[INFO] 
[INFO] --- jacoco:0.8.14:prepare-agent (default-prepare-agent) @ app-erp-master-data-service ---
[INFO] jacocoArgLine set to -javaagent:/Users/abc/.m2/repository/org/jacoco/org.jacoco.agent/0.8.14/org.jacoco.agent-0.8.14-runtime.jar=destfile=/Users/abc/app/nop-app-erp/module-master-data/erp-md-service/target/jacoco.exec,excludes=**/_gen/**:**/_*.java:**/_*.xml:**/*Errors.*:**/*Configs.*:**/*Constants*:**/parse/antlr/**
[INFO] 
[INFO] --- exec:3.0.0:java (precompile) @ app-erp-master-data-service ---
SLF4J: Failed to load class "org.slf4j.impl.StaticLoggerBinder".
SLF4J: Defaulting to no-operation (NOP) logger implementation
SLF4J: See http://www.slf4j.org/codes.html#StaticLoggerBinder for further details.
nop.skip-codegen-when-tpl-dir-is-empty:/Users/abc/app/nop-app-erp/module-master-data/erp-md-service/precompile
[INFO] 
[INFO] --- exec:3.0.0:java (precompile2) @ app-erp-master-data-service ---
SLF4J: Failed to load class "org.slf4j.impl.StaticLoggerBinder".
SLF4J: Defaulting to no-operation (NOP) logger implementation
SLF4J: See http://www.slf4j.org/codes.html#StaticLoggerBinder for further details.
nop.skip-codegen-when-tpl-dir-is-empty:/Users/abc/app/nop-app-erp/module-master-data/erp-md-service/precompile2
[INFO] 
[INFO] --- resources:3.3.1:resources (default-resources) @ app-erp-master-data-service ---
[INFO] Copying 56 resources from src/main/resources to target/classes
[INFO] 
[INFO] --- compiler:3.11.0:compile (default-compile) @ app-erp-master-data-service ---
[INFO] Changes detected - recompiling the module! :dependency
[INFO] Compiling 40 source files with javac [debug release 17] to target/classes
[INFO] 
[INFO] --- exec:3.0.0:java (aop) @ app-erp-master-data-service ---
SLF4J: Failed to load class "org.slf4j.impl.StaticLoggerBinder".
SLF4J: Defaulting to no-operation (NOP) logger implementation
SLF4J: See http://www.slf4j.org/codes.html#StaticLoggerBinder for further details.
nop.gen-aop-proxy
[INFO] 
[INFO] --- exec:3.0.0:java (postcompile) @ app-erp-master-data-service ---
SLF4J: Failed to load class "org.slf4j.impl.StaticLoggerBinder".
SLF4J: Defaulting to no-operation (NOP) logger implementation
SLF4J: See http://www.slf4j.org/codes.html#StaticLoggerBinder for further details.
nop.skip-codegen-when-tpl-dir-is-empty:/Users/abc/app/nop-app-erp/module-master-data/erp-md-service/postcompile
[INFO] 
[INFO] --- resources:3.3.1:testResources (default-testResources) @ app-erp-master-data-service ---
[INFO] Copying 9 resources from src/test/resources to target/test-classes
[INFO] 
[INFO] --- compiler:3.11.0:testCompile (default-testCompile) @ app-erp-master-data-service ---
[INFO] Changes detected - recompiling the module! :dependency
[INFO] Compiling 31 source files with javac [debug release 17] to target/test-classes
[INFO] /Users/abc/app/nop-app-erp/module-master-data/erp-md-service/src/test/java/app/erp/md/service/TestErpMdFkNameLoader.java: /Users/abc/app/nop-app-erp/module-master-data/erp-md-service/src/test/java/app/erp/md/service/TestErpMdFkNameLoader.java使用了未经检查或不安全的操作。
[INFO] /Users/abc/app/nop-app-erp/module-master-data/erp-md-service/src/test/java/app/erp/md/service/TestErpMdFkNameLoader.java: 有关详细信息, 请使用 -Xlint:unchecked 重新编译。
[INFO] 
[INFO] --- surefire:3.2.2:test (default-test) @ app-erp-master-data-service ---
[INFO] Tests are skipped.
[INFO] 
[INFO] --- jar:3.3.0:jar (default-jar) @ app-erp-master-data-service ---
[INFO] Building jar: /Users/abc/app/nop-app-erp/module-master-data/erp-md-service/target/app-erp-master-data-service-1.0-SNAPSHOT.jar
[INFO] 
[INFO] --- source:3.3.0:jar-no-fork (attach-sources) @ app-erp-master-data-service ---
[INFO] Building jar: /Users/abc/app/nop-app-erp/module-master-data/erp-md-service/target/app-erp-master-data-service-1.0-SNAPSHOT-sources.jar
[INFO] 
[INFO] --- install:3.1.1:install (default-install) @ app-erp-master-data-service ---
[INFO] Installing /Users/abc/app/nop-app-erp/module-master-data/erp-md-service/pom.xml to /Users/abc/.m2/repository/io/nop/app/app-erp-master-data-service/1.0-SNAPSHOT/app-erp-master-data-service-1.0-SNAPSHOT.pom
[INFO] Installing /Users/abc/app/nop-app-erp/module-master-data/erp-md-service/target/app-erp-master-data-service-1.0-SNAPSHOT.jar to /Users/abc/.m2/repository/io/nop/app/app-erp-master-data-service/1.0-SNAPSHOT/app-erp-master-data-service-1.0-SNAPSHOT.jar
[INFO] Installing /Users/abc/app/nop-app-erp/module-master-data/erp-md-service/target/app-erp-master-data-service-1.0-SNAPSHOT-sources.jar to /Users/abc/.m2/repository/io/nop/app/app-erp-master-data-service/1.0-SNAPSHOT/app-erp-master-data-service-1.0-SNAPSHOT-sources.jar
[INFO] 
[INFO] -----------------< io.nop.app:app-erp-master-data-web >-----------------
[INFO] Building app-erp-master-data-web 1.0-SNAPSHOT                   [18/156]
[INFO]   from module-master-data/erp-md-web/pom.xml
[INFO] --------------------------------[ jar ]---------------------------------
[INFO] 
[INFO] --- clean:3.4.0:clean (default-clean) @ app-erp-master-data-web ---
[INFO] Deleting /Users/abc/app/nop-app-erp/module-master-data/erp-md-web/target
[INFO] 
[INFO] --- enforcer:3.0.0-M2:enforce (enforce-no-duplicate-dependencies) @ app-erp-master-data-web ---
[INFO] 
[INFO] --- jacoco:0.8.14:prepare-agent (default-prepare-agent) @ app-erp-master-data-web ---
[INFO] jacocoArgLine set to -javaagent:/Users/abc/.m2/repository/org/jacoco/org.jacoco.agent/0.8.14/org.jacoco.agent-0.8.14-runtime.jar=destfile=/Users/abc/app/nop-app-erp/module-master-data/erp-md-web/target/jacoco.exec,excludes=**/_gen/**:**/_*.java:**/_*.xml:**/*Errors.*:**/*Configs.*:**/*Constants*:**/parse/antlr/**
[INFO] 
[INFO] --- exec:3.0.0:java (precompile) @ app-erp-master-data-web ---
SLF4J: Failed to load class "org.slf4j.impl.StaticLoggerBinder".
SLF4J: Defaulting to no-operation (NOP) logger implementation
SLF4J: See http://www.slf4j.org/codes.html#StaticLoggerBinder for further details.
projectDir=/Users/abc/app/nop-app-erp/module-master-data/erp-md-web,dryRun=false,tplRoot=precompile
end
[INFO] 
[INFO] --- exec:3.0.0:java (precompile2) @ app-erp-master-data-web ---
SLF4J: Failed to load class "org.slf4j.impl.StaticLoggerBinder".
SLF4J: Defaulting to no-operation (NOP) logger implementation
SLF4J: See http://www.slf4j.org/codes.html#StaticLoggerBinder for further details.
projectDir=/Users/abc/app/nop-app-erp/module-master-data/erp-md-web,dryRun=false,tplRoot=precompile2
end
[INFO] 
[INFO] --- resources:3.3.1:resources (default-resources) @ app-erp-master-data-web ---
[INFO] Copying 137 resources from src/main/resources to target/classes
[INFO] 
[INFO] --- compiler:3.11.0:compile (default-compile) @ app-erp-master-data-web ---
[INFO] No sources to compile
[INFO] 
[INFO] --- exec:3.0.0:java (aop) @ app-erp-master-data-web ---
SLF4J: Failed to load class "org.slf4j.impl.StaticLoggerBinder".
SLF4J: Defaulting to no-operation (NOP) logger implementation
SLF4J: See http://www.slf4j.org/codes.html#StaticLoggerBinder for further details.
nop.gen-aop-proxy
[INFO] 
[INFO] --- exec:3.0.0:java (postcompile) @ app-erp-master-data-web ---
SLF4J: Failed to load class "org.slf4j.impl.StaticLoggerBinder".
SLF4J: Defaulting to no-operation (NOP) logger implementation
SLF4J: See http://www.slf4j.org/codes.html#StaticLoggerBinder for further details.
nop.skip-codegen-when-tpl-dir-is-empty:/Users/abc/app/nop-app-erp/module-master-data/erp-md-web/postcompile
[INFO] 
[INFO] --- resources:3.3.1:testResources (default-testResources) @ app-erp-master-data-web ---
[INFO] skip non existing resourceDirectory /Users/abc/app/nop-app-erp/module-master-data/erp-md-web/src/test/resources
[INFO] 
[INFO] --- compiler:3.11.0:testCompile (default-testCompile) @ app-erp-master-data-web ---
[INFO] Changes detected - recompiling the module! :dependency
[INFO] Compiling 2 source files with javac [debug release 17] to target/test-classes
[INFO] 
[INFO] --- surefire:3.2.2:test (default-test) @ app-erp-master-data-web ---
[INFO] Tests are skipped.
[INFO] 
[INFO] --- jar:3.3.0:jar (default-jar) @ app-erp-master-data-web ---
[INFO] Building jar: /Users/abc/app/nop-app-erp/module-master-data/erp-md-web/target/app-erp-master-data-web-1.0-SNAPSHOT.jar
[INFO] 
[INFO] --- source:3.3.0:jar-no-fork (attach-sources) @ app-erp-master-data-web ---
[INFO] Building jar: /Users/abc/app/nop-app-erp/module-master-data/erp-md-web/target/app-erp-master-data-web-1.0-SNAPSHOT-sources.jar
[INFO] 
[INFO] --- install:3.1.1:install (default-install) @ app-erp-master-data-web ---
[INFO] Installing /Users/abc/app/nop-app-erp/module-master-data/erp-md-web/pom.xml to /Users/abc/.m2/repository/io/nop/app/app-erp-master-data-web/1.0-SNAPSHOT/app-erp-master-data-web-1.0-SNAPSHOT.pom
[INFO] Installing /Users/abc/app/nop-app-erp/module-master-data/erp-md-web/target/app-erp-master-data-web-1.0-SNAPSHOT.jar to /Users/abc/.m2/repository/io/nop/app/app-erp-master-data-web/1.0-SNAPSHOT/app-erp-master-data-web-1.0-SNAPSHOT.jar
[INFO] Installing /Users/abc/app/nop-app-erp/module-master-data/erp-md-web/target/app-erp-master-data-web-1.0-SNAPSHOT-sources.jar to /Users/abc/.m2/repository/io/nop/app/app-erp-master-data-web/1.0-SNAPSHOT/app-erp-master-data-web-1.0-SNAPSHOT-sources.jar
[INFO] 
[INFO] -----------------< io.nop.app:app-erp-master-data-app >-----------------
[INFO] Building app-erp-master-data-app 1.0-SNAPSHOT                   [19/156]
[INFO]   from module-master-data/erp-md-app/pom.xml
[INFO] --------------------------------[ jar ]---------------------------------
[INFO] 
[INFO] --- clean:3.4.0:clean (default-clean) @ app-erp-master-data-app ---
[INFO] Deleting /Users/abc/app/nop-app-erp/module-master-data/erp-md-app/target
[INFO] 
[INFO] --- enforcer:3.0.0-M2:enforce (enforce-no-duplicate-dependencies) @ app-erp-master-data-app ---
[INFO] 
[INFO] --- jacoco:0.8.14:prepare-agent (default-prepare-agent) @ app-erp-master-data-app ---
[INFO] jacocoArgLine set to -javaagent:/Users/abc/.m2/repository/org/jacoco/org.jacoco.agent/0.8.14/org.jacoco.agent-0.8.14-runtime.jar=destfile=/Users/abc/app/nop-app-erp/module-master-data/erp-md-app/target/jacoco.exec,excludes=**/_gen/**:**/_*.java:**/_*.xml:**/*Errors.*:**/*Configs.*:**/*Constants*:**/parse/antlr/**
[INFO] 
[INFO] --- exec:3.0.0:java (precompile) @ app-erp-master-data-app ---
nop.skip-codegen-when-tpl-dir-is-empty:/Users/abc/app/nop-app-erp/module-master-data/erp-md-app/precompile
[INFO] 
[INFO] --- exec:3.0.0:java (precompile2) @ app-erp-master-data-app ---
nop.skip-codegen-when-tpl-dir-is-empty:/Users/abc/app/nop-app-erp/module-master-data/erp-md-app/precompile2
[INFO] 
[INFO] --- resources:3.3.1:resources (default-resources) @ app-erp-master-data-app ---
[INFO] Copying 7 resources from src/main/resources to target/classes
[INFO] 
[INFO] --- compiler:3.11.0:compile (default-compile) @ app-erp-master-data-app ---
[INFO] Changes detected - recompiling the module! :dependency
[INFO] Compiling 1 source file with javac [debug release 17] to target/classes
[INFO] 
[INFO] --- exec:3.0.0:java (aop) @ app-erp-master-data-app ---
nop.gen-aop-proxy
[INFO] 
[INFO] --- exec:3.0.0:java (postcompile) @ app-erp-master-data-app ---
nop.skip-codegen-when-tpl-dir-is-empty:/Users/abc/app/nop-app-erp/module-master-data/erp-md-app/postcompile
[INFO] 
[INFO] --- resources:3.3.1:testResources (default-testResources) @ app-erp-master-data-app ---
[INFO] skip non existing resourceDirectory /Users/abc/app/nop-app-erp/module-master-data/erp-md-app/src/test/resources
[INFO] 
[INFO] --- compiler:3.11.0:testCompile (default-testCompile) @ app-erp-master-data-app ---
[INFO] No sources to compile
[INFO] 
[INFO] --- surefire:3.0.0-M5:test (default-test) @ app-erp-master-data-app ---
[INFO] Tests are skipped.
[INFO] 
[INFO] --- jar:3.3.0:jar (default-jar) @ app-erp-master-data-app ---
[INFO] Building jar: /Users/abc/app/nop-app-erp/module-master-data/erp-md-app/target/app-erp-master-data-app-1.0-SNAPSHOT.jar
[INFO] 
[INFO] --- source:3.3.0:jar-no-fork (attach-sources) @ app-erp-master-data-app ---
[INFO] Building jar: /Users/abc/app/nop-app-erp/module-master-data/erp-md-app/target/app-erp-master-data-app-1.0-SNAPSHOT-sources.jar
[INFO] 
[INFO] --- quarkus:3.35.1:build (default) @ app-erp-master-data-app ---
[WARNING] The Maven extensions for the Quarkus Maven plugin are not enabled for this build. We recommend enabling this, so that the plugin can verify essential build settings have been configured as required. Please enable by adding "<extensions>true</extensions>" in your quarkus-maven-plugin declaration; it should look like:

	<plugin>
		<groupId>${quarkus.platform.group-id}</groupId>
		<artifactId>quarkus-maven-plugin</artifactId>
		<version>${quarkus.platform.version}</version>
		<extensions>true</extensions> <!-- THIS ONE -->
		...

[WARNING] [io.quarkus.config] Unrecognized configuration key "quarkus.http.cors" was provided; it will be ignored; verify that the dependency extension for this configuration is set or that you did not make a typo
[WARNING] [io.quarkus.agroal.deployment.AgroalProcessor] The Agroal dependency is present but no JDBC datasources have been defined.
[INFO] [io.quarkus.deployment.QuarkusAugmentor] Quarkus augmentation completed in 1466ms
[INFO] 
[INFO] --- install:3.1.1:install (default-install) @ app-erp-master-data-app ---
[INFO] Skipping artifact installation
[INFO] 
[INFO] --------------------< io.nop.app:app-erp-inventory >--------------------
[INFO] Building app-erp-inventory 1.0-SNAPSHOT                         [20/156]
[INFO]   from module-inventory/pom.xml
[INFO] --------------------------------[ pom ]---------------------------------
[INFO] 
[INFO] --- clean:3.4.0:clean (default-clean) @ app-erp-inventory ---
[INFO] 
[INFO] --- enforcer:3.0.0-M2:enforce (enforce-no-duplicate-dependencies) @ app-erp-inventory ---
[INFO] 
[INFO] --- jacoco:0.8.14:prepare-agent (default-prepare-agent) @ app-erp-inventory ---
[INFO] jacocoArgLine set to -javaagent:/Users/abc/.m2/repository/org/jacoco/org.jacoco.agent/0.8.14/org.jacoco.agent-0.8.14-runtime.jar=destfile=/Users/abc/app/nop-app-erp/module-inventory/target/jacoco.exec,excludes=**/_gen/**:**/_*.java:**/_*.xml:**/*Errors.*:**/*Configs.*:**/*Constants*:**/parse/antlr/**
[INFO] 
[INFO] --- source:3.3.0:jar-no-fork (attach-sources) @ app-erp-inventory ---
[INFO] 
[INFO] --- install:3.1.1:install (default-install) @ app-erp-inventory ---
[INFO] Installing /Users/abc/app/nop-app-erp/module-inventory/pom.xml to /Users/abc/.m2/repository/io/nop/app/app-erp-inventory/1.0-SNAPSHOT/app-erp-inventory-1.0-SNAPSHOT.pom
[INFO] 
[INFO] ----------------< io.nop.app:app-erp-inventory-codegen >----------------
[INFO] Building app-erp-inventory-codegen 1.0-SNAPSHOT                 [21/156]
[INFO]   from module-inventory/erp-inv-codegen/pom.xml
[INFO] --------------------------------[ jar ]---------------------------------
[INFO] 
[INFO] --- clean:3.4.0:clean (default-clean) @ app-erp-inventory-codegen ---
[INFO] Deleting /Users/abc/app/nop-app-erp/module-inventory/erp-inv-codegen/target
[INFO] 
[INFO] --- enforcer:3.0.0-M2:enforce (enforce-no-duplicate-dependencies) @ app-erp-inventory-codegen ---
[INFO] 
[INFO] --- jacoco:0.8.14:prepare-agent (default-prepare-agent) @ app-erp-inventory-codegen ---
[INFO] jacocoArgLine set to -javaagent:/Users/abc/.m2/repository/org/jacoco/org.jacoco.agent/0.8.14/org.jacoco.agent-0.8.14-runtime.jar=destfile=/Users/abc/app/nop-app-erp/module-inventory/erp-inv-codegen/target/jacoco.exec,excludes=**/_gen/**:**/_*.java:**/_*.xml:**/*Errors.*:**/*Configs.*:**/*Constants*:**/parse/antlr/**
[INFO] 
[INFO] --- exec:3.0.0:java (precompile) @ app-erp-inventory-codegen ---
SLF4J: Failed to load class "org.slf4j.impl.StaticLoggerBinder".
SLF4J: Defaulting to no-operation (NOP) logger implementation
SLF4J: See http://www.slf4j.org/codes.html#StaticLoggerBinder for further details.
nop.skip-codegen-when-tpl-dir-is-empty:/Users/abc/app/nop-app-erp/module-inventory/erp-inv-codegen/precompile
[INFO] 
[INFO] --- exec:3.0.0:java (precompile2) @ app-erp-inventory-codegen ---
SLF4J: Failed to load class "org.slf4j.impl.StaticLoggerBinder".
SLF4J: Defaulting to no-operation (NOP) logger implementation
SLF4J: See http://www.slf4j.org/codes.html#StaticLoggerBinder for further details.
nop.skip-codegen-when-tpl-dir-is-empty:/Users/abc/app/nop-app-erp/module-inventory/erp-inv-codegen/precompile2
[INFO] 
[INFO] --- resources:3.3.1:resources (default-resources) @ app-erp-inventory-codegen ---
[INFO] skip non existing resourceDirectory /Users/abc/app/nop-app-erp/module-inventory/erp-inv-codegen/src/main/resources
[INFO] 
[INFO] --- compiler:3.11.0:compile (default-compile) @ app-erp-inventory-codegen ---
[INFO] No sources to compile
[INFO] 
[INFO] --- exec:3.0.0:java (aop) @ app-erp-inventory-codegen ---
SLF4J: Failed to load class "org.slf4j.impl.StaticLoggerBinder".
SLF4J: Defaulting to no-operation (NOP) logger implementation
SLF4J: See http://www.slf4j.org/codes.html#StaticLoggerBinder for further details.
nop.gen-aop-proxy
[INFO] 
[INFO] --- exec:3.0.0:java (postcompile) @ app-erp-inventory-codegen ---
SLF4J: Failed to load class "org.slf4j.impl.StaticLoggerBinder".
SLF4J: Defaulting to no-operation (NOP) logger implementation
SLF4J: See http://www.slf4j.org/codes.html#StaticLoggerBinder for further details.
projectDir=/Users/abc/app/nop-app-erp/module-inventory/erp-inv-codegen,dryRun=false,tplRoot=postcompile
end
[INFO] 
[INFO] --- resources:3.3.1:testResources (default-testResources) @ app-erp-inventory-codegen ---
[INFO] skip non existing resourceDirectory /Users/abc/app/nop-app-erp/module-inventory/erp-inv-codegen/src/test/resources
[INFO] 
[INFO] --- compiler:3.11.0:testCompile (default-testCompile) @ app-erp-inventory-codegen ---
[INFO] Changes detected - recompiling the module! :source
[INFO] Compiling 1 source file with javac [debug release 17] to target/test-classes
[INFO] 
[INFO] --- surefire:3.2.2:test (default-test) @ app-erp-inventory-codegen ---
[INFO] Tests are skipped.
[INFO] 
[INFO] --- jar:3.3.0:jar (default-jar) @ app-erp-inventory-codegen ---
[WARNING] JAR will be empty - no content was marked for inclusion!
[INFO] Building jar: /Users/abc/app/nop-app-erp/module-inventory/erp-inv-codegen/target/app-erp-inventory-codegen-1.0-SNAPSHOT.jar
[INFO] 
[INFO] --- source:3.3.0:jar-no-fork (attach-sources) @ app-erp-inventory-codegen ---
[INFO] No sources in project. Archive not created.
[INFO] 
[INFO] --- install:3.1.1:install (default-install) @ app-erp-inventory-codegen ---
[INFO] Installing /Users/abc/app/nop-app-erp/module-inventory/erp-inv-codegen/pom.xml to /Users/abc/.m2/repository/io/nop/app/app-erp-inventory-codegen/1.0-SNAPSHOT/app-erp-inventory-codegen-1.0-SNAPSHOT.pom
[INFO] Installing /Users/abc/app/nop-app-erp/module-inventory/erp-inv-codegen/target/app-erp-inventory-codegen-1.0-SNAPSHOT.jar to /Users/abc/.m2/repository/io/nop/app/app-erp-inventory-codegen/1.0-SNAPSHOT/app-erp-inventory-codegen-1.0-SNAPSHOT.jar
[INFO] 
[INFO] ------------------< io.nop.app:app-erp-inventory-api >------------------
[INFO] Building app-erp-inventory-api 1.0-SNAPSHOT                     [22/156]
[INFO]   from module-inventory/erp-inv-api/pom.xml
[INFO] --------------------------------[ jar ]---------------------------------
[INFO] 
[INFO] --- clean:3.2.0:clean (default-clean) @ app-erp-inventory-api ---
[INFO] Deleting /Users/abc/app/nop-app-erp/module-inventory/erp-inv-api/target
[INFO] 
[INFO] --- resources:3.3.1:resources (default-resources) @ app-erp-inventory-api ---
[INFO] skip non existing resourceDirectory /Users/abc/app/nop-app-erp/module-inventory/erp-inv-api/src/main/resources
[INFO] 
[INFO] --- compiler:3.13.0:compile (default-compile) @ app-erp-inventory-api ---
[INFO] Recompiling the module because of changed source code.
[INFO] Compiling 63 source files with javac [debug release 11] to target/classes
[INFO] 
[INFO] --- resources:3.3.1:testResources (default-testResources) @ app-erp-inventory-api ---
[INFO] skip non existing resourceDirectory /Users/abc/app/nop-app-erp/module-inventory/erp-inv-api/src/test/resources
[INFO] 
[INFO] --- compiler:3.13.0:testCompile (default-testCompile) @ app-erp-inventory-api ---
[INFO] No sources to compile
[INFO] 
[INFO] --- surefire:3.2.5:test (default-test) @ app-erp-inventory-api ---
[INFO] Tests are skipped.
[INFO] 
[INFO] --- jar:3.4.1:jar (default-jar) @ app-erp-inventory-api ---
[INFO] Building jar: /Users/abc/app/nop-app-erp/module-inventory/erp-inv-api/target/app-erp-inventory-api-1.0-SNAPSHOT.jar
[INFO] 
[INFO] --- install:3.1.2:install (default-install) @ app-erp-inventory-api ---
[INFO] Installing /Users/abc/app/nop-app-erp/module-inventory/erp-inv-api/pom.xml to /Users/abc/.m2/repository/io/nop/app/app-erp-inventory-api/1.0-SNAPSHOT/app-erp-inventory-api-1.0-SNAPSHOT.pom
[INFO] Installing /Users/abc/app/nop-app-erp/module-inventory/erp-inv-api/target/app-erp-inventory-api-1.0-SNAPSHOT.jar to /Users/abc/.m2/repository/io/nop/app/app-erp-inventory-api/1.0-SNAPSHOT/app-erp-inventory-api-1.0-SNAPSHOT.jar
[INFO] 
[INFO] ------------------< io.nop.app:app-erp-inventory-dao >------------------
[INFO] Building app-erp-inventory-dao 1.0-SNAPSHOT                     [23/156]
[INFO]   from module-inventory/erp-inv-dao/pom.xml
[INFO] --------------------------------[ jar ]---------------------------------
[INFO] 
[INFO] --- clean:3.4.0:clean (default-clean) @ app-erp-inventory-dao ---
[INFO] Deleting /Users/abc/app/nop-app-erp/module-inventory/erp-inv-dao/target
[INFO] 
[INFO] --- enforcer:3.0.0-M2:enforce (enforce-no-duplicate-dependencies) @ app-erp-inventory-dao ---
[INFO] 
[INFO] --- jacoco:0.8.14:prepare-agent (default-prepare-agent) @ app-erp-inventory-dao ---
[INFO] jacocoArgLine set to -javaagent:/Users/abc/.m2/repository/org/jacoco/org.jacoco.agent/0.8.14/org.jacoco.agent-0.8.14-runtime.jar=destfile=/Users/abc/app/nop-app-erp/module-inventory/erp-inv-dao/target/jacoco.exec,excludes=**/_gen/**:**/_*.java:**/_*.xml:**/*Errors.*:**/*Configs.*:**/*Constants*:**/parse/antlr/**
[INFO] 
[INFO] --- resources:3.3.1:resources (default-resources) @ app-erp-inventory-dao ---
[INFO] Copying 4 resources from src/main/resources to target/classes
[INFO] 
[INFO] --- compiler:3.11.0:compile (default-compile) @ app-erp-inventory-dao ---
[INFO] Changes detected - recompiling the module! :dependency
[INFO] Compiling 76 source files with javac [debug release 17] to target/classes
[INFO] 
[INFO] --- resources:3.3.1:testResources (default-testResources) @ app-erp-inventory-dao ---
[INFO] skip non existing resourceDirectory /Users/abc/app/nop-app-erp/module-inventory/erp-inv-dao/src/test/resources
[INFO] 
[INFO] --- compiler:3.11.0:testCompile (default-testCompile) @ app-erp-inventory-dao ---
[INFO] No sources to compile
[INFO] 
[INFO] --- surefire:3.2.2:test (default-test) @ app-erp-inventory-dao ---
[INFO] Tests are skipped.
[INFO] 
[INFO] --- jar:3.3.0:jar (default-jar) @ app-erp-inventory-dao ---
[INFO] Building jar: /Users/abc/app/nop-app-erp/module-inventory/erp-inv-dao/target/app-erp-inventory-dao-1.0-SNAPSHOT.jar
[INFO] 
[INFO] --- source:3.3.0:jar-no-fork (attach-sources) @ app-erp-inventory-dao ---
[INFO] Building jar: /Users/abc/app/nop-app-erp/module-inventory/erp-inv-dao/target/app-erp-inventory-dao-1.0-SNAPSHOT-sources.jar
[INFO] 
[INFO] --- install:3.1.1:install (default-install) @ app-erp-inventory-dao ---
[INFO] Installing /Users/abc/app/nop-app-erp/module-inventory/erp-inv-dao/pom.xml to /Users/abc/.m2/repository/io/nop/app/app-erp-inventory-dao/1.0-SNAPSHOT/app-erp-inventory-dao-1.0-SNAPSHOT.pom
[INFO] Installing /Users/abc/app/nop-app-erp/module-inventory/erp-inv-dao/target/app-erp-inventory-dao-1.0-SNAPSHOT.jar to /Users/abc/.m2/repository/io/nop/app/app-erp-inventory-dao/1.0-SNAPSHOT/app-erp-inventory-dao-1.0-SNAPSHOT.jar
[INFO] Installing /Users/abc/app/nop-app-erp/module-inventory/erp-inv-dao/target/app-erp-inventory-dao-1.0-SNAPSHOT-sources.jar to /Users/abc/.m2/repository/io/nop/app/app-erp-inventory-dao/1.0-SNAPSHOT/app-erp-inventory-dao-1.0-SNAPSHOT-sources.jar
[INFO] 
[INFO] -----------------< io.nop.app:app-erp-inventory-meta >------------------
[INFO] Building app-erp-inventory-meta 1.0-SNAPSHOT                    [24/156]
[INFO]   from module-inventory/erp-inv-meta/pom.xml
[INFO] --------------------------------[ jar ]---------------------------------
[INFO] 
[INFO] --- clean:3.4.0:clean (default-clean) @ app-erp-inventory-meta ---
[INFO] Deleting /Users/abc/app/nop-app-erp/module-inventory/erp-inv-meta/target
[INFO] 
[INFO] --- enforcer:3.0.0-M2:enforce (enforce-no-duplicate-dependencies) @ app-erp-inventory-meta ---
[INFO] 
[INFO] --- jacoco:0.8.14:prepare-agent (default-prepare-agent) @ app-erp-inventory-meta ---
[INFO] jacocoArgLine set to -javaagent:/Users/abc/.m2/repository/org/jacoco/org.jacoco.agent/0.8.14/org.jacoco.agent-0.8.14-runtime.jar=destfile=/Users/abc/app/nop-app-erp/module-inventory/erp-inv-meta/target/jacoco.exec,excludes=**/_gen/**:**/_*.java:**/_*.xml:**/*Errors.*:**/*Configs.*:**/*Constants*:**/parse/antlr/**
[INFO] 
[INFO] --- exec:3.0.0:java (precompile) @ app-erp-inventory-meta ---
SLF4J: Failed to load class "org.slf4j.impl.StaticLoggerBinder".
SLF4J: Defaulting to no-operation (NOP) logger implementation
SLF4J: See http://www.slf4j.org/codes.html#StaticLoggerBinder for further details.
projectDir=/Users/abc/app/nop-app-erp/module-inventory/erp-inv-meta,dryRun=false,tplRoot=precompile
end
[INFO] 
[INFO] --- exec:3.0.0:java (precompile2) @ app-erp-inventory-meta ---
SLF4J: Failed to load class "org.slf4j.impl.StaticLoggerBinder".
SLF4J: Defaulting to no-operation (NOP) logger implementation
SLF4J: See http://www.slf4j.org/codes.html#StaticLoggerBinder for further details.
nop.skip-codegen-when-tpl-dir-is-empty:/Users/abc/app/nop-app-erp/module-inventory/erp-inv-meta/precompile2
[INFO] 
[INFO] --- resources:3.3.1:resources (default-resources) @ app-erp-inventory-meta ---
[INFO] Copying 63 resources from src/main/resources to target/classes
[INFO] 
[INFO] --- compiler:3.11.0:compile (default-compile) @ app-erp-inventory-meta ---
[INFO] No sources to compile
[INFO] 
[INFO] --- exec:3.0.0:java (aop) @ app-erp-inventory-meta ---
SLF4J: Failed to load class "org.slf4j.impl.StaticLoggerBinder".
SLF4J: Defaulting to no-operation (NOP) logger implementation
SLF4J: See http://www.slf4j.org/codes.html#StaticLoggerBinder for further details.
nop.gen-aop-proxy
[INFO] 
[INFO] --- exec:3.0.0:java (postcompile) @ app-erp-inventory-meta ---
SLF4J: Failed to load class "org.slf4j.impl.StaticLoggerBinder".
SLF4J: Defaulting to no-operation (NOP) logger implementation
SLF4J: See http://www.slf4j.org/codes.html#StaticLoggerBinder for further details.
projectDir=/Users/abc/app/nop-app-erp/module-inventory/erp-inv-meta,dryRun=false,tplRoot=postcompile
end
[INFO] 
[INFO] --- resources:3.3.1:testResources (default-testResources) @ app-erp-inventory-meta ---
[INFO] skip non existing resourceDirectory /Users/abc/app/nop-app-erp/module-inventory/erp-inv-meta/src/test/resources
[INFO] 
[INFO] --- compiler:3.11.0:testCompile (default-testCompile) @ app-erp-inventory-meta ---
[INFO] No sources to compile
[INFO] 
[INFO] --- surefire:3.2.2:test (default-test) @ app-erp-inventory-meta ---
[INFO] Tests are skipped.
[INFO] 
[INFO] --- jar:3.3.0:jar (default-jar) @ app-erp-inventory-meta ---
[INFO] Building jar: /Users/abc/app/nop-app-erp/module-inventory/erp-inv-meta/target/app-erp-inventory-meta-1.0-SNAPSHOT.jar
[INFO] 
[INFO] --- source:3.3.0:jar-no-fork (attach-sources) @ app-erp-inventory-meta ---
[INFO] Building jar: /Users/abc/app/nop-app-erp/module-inventory/erp-inv-meta/target/app-erp-inventory-meta-1.0-SNAPSHOT-sources.jar
[INFO] 
[INFO] --- install:3.1.1:install (default-install) @ app-erp-inventory-meta ---
[INFO] Installing /Users/abc/app/nop-app-erp/module-inventory/erp-inv-meta/pom.xml to /Users/abc/.m2/repository/io/nop/app/app-erp-inventory-meta/1.0-SNAPSHOT/app-erp-inventory-meta-1.0-SNAPSHOT.pom
[INFO] Installing /Users/abc/app/nop-app-erp/module-inventory/erp-inv-meta/target/app-erp-inventory-meta-1.0-SNAPSHOT.jar to /Users/abc/.m2/repository/io/nop/app/app-erp-inventory-meta/1.0-SNAPSHOT/app-erp-inventory-meta-1.0-SNAPSHOT.jar
[INFO] Installing /Users/abc/app/nop-app-erp/module-inventory/erp-inv-meta/target/app-erp-inventory-meta-1.0-SNAPSHOT-sources.jar to /Users/abc/.m2/repository/io/nop/app/app-erp-inventory-meta/1.0-SNAPSHOT/app-erp-inventory-meta-1.0-SNAPSHOT-sources.jar
[INFO] 
[INFO] ------------------< io.nop.app:app-erp-manufacturing >------------------
[INFO] Building app-erp-manufacturing 1.0-SNAPSHOT                     [25/156]
[INFO]   from module-manufacturing/pom.xml
[INFO] --------------------------------[ pom ]---------------------------------
[INFO] 
[INFO] --- clean:3.4.0:clean (default-clean) @ app-erp-manufacturing ---
[INFO] 
[INFO] --- enforcer:3.0.0-M2:enforce (enforce-no-duplicate-dependencies) @ app-erp-manufacturing ---
[INFO] 
[INFO] --- jacoco:0.8.14:prepare-agent (default-prepare-agent) @ app-erp-manufacturing ---
[INFO] jacocoArgLine set to -javaagent:/Users/abc/.m2/repository/org/jacoco/org.jacoco.agent/0.8.14/org.jacoco.agent-0.8.14-runtime.jar=destfile=/Users/abc/app/nop-app-erp/module-manufacturing/target/jacoco.exec,excludes=**/_gen/**:**/_*.java:**/_*.xml:**/*Errors.*:**/*Configs.*:**/*Constants*:**/parse/antlr/**
[INFO] 
[INFO] --- source:3.3.0:jar-no-fork (attach-sources) @ app-erp-manufacturing ---
[INFO] 
[INFO] --- install:3.1.1:install (default-install) @ app-erp-manufacturing ---
[INFO] Installing /Users/abc/app/nop-app-erp/module-manufacturing/pom.xml to /Users/abc/.m2/repository/io/nop/app/app-erp-manufacturing/1.0-SNAPSHOT/app-erp-manufacturing-1.0-SNAPSHOT.pom
[INFO] 
[INFO] --------------< io.nop.app:app-erp-manufacturing-codegen >--------------
[INFO] Building app-erp-manufacturing-codegen 1.0-SNAPSHOT             [26/156]
[INFO]   from module-manufacturing/erp-mfg-codegen/pom.xml
[INFO] --------------------------------[ jar ]---------------------------------
[INFO] 
[INFO] --- clean:3.4.0:clean (default-clean) @ app-erp-manufacturing-codegen ---
[INFO] Deleting /Users/abc/app/nop-app-erp/module-manufacturing/erp-mfg-codegen/target
[INFO] 
[INFO] --- enforcer:3.0.0-M2:enforce (enforce-no-duplicate-dependencies) @ app-erp-manufacturing-codegen ---
[INFO] 
[INFO] --- jacoco:0.8.14:prepare-agent (default-prepare-agent) @ app-erp-manufacturing-codegen ---
[INFO] jacocoArgLine set to -javaagent:/Users/abc/.m2/repository/org/jacoco/org.jacoco.agent/0.8.14/org.jacoco.agent-0.8.14-runtime.jar=destfile=/Users/abc/app/nop-app-erp/module-manufacturing/erp-mfg-codegen/target/jacoco.exec,excludes=**/_gen/**:**/_*.java:**/_*.xml:**/*Errors.*:**/*Configs.*:**/*Constants*:**/parse/antlr/**
[INFO] 
[INFO] --- exec:3.0.0:java (precompile) @ app-erp-manufacturing-codegen ---
SLF4J: Failed to load class "org.slf4j.impl.StaticLoggerBinder".
SLF4J: Defaulting to no-operation (NOP) logger implementation
SLF4J: See http://www.slf4j.org/codes.html#StaticLoggerBinder for further details.
nop.skip-codegen-when-tpl-dir-is-empty:/Users/abc/app/nop-app-erp/module-manufacturing/erp-mfg-codegen/precompile
[INFO] 
[INFO] --- exec:3.0.0:java (precompile2) @ app-erp-manufacturing-codegen ---
SLF4J: Failed to load class "org.slf4j.impl.StaticLoggerBinder".
SLF4J: Defaulting to no-operation (NOP) logger implementation
SLF4J: See http://www.slf4j.org/codes.html#StaticLoggerBinder for further details.
nop.skip-codegen-when-tpl-dir-is-empty:/Users/abc/app/nop-app-erp/module-manufacturing/erp-mfg-codegen/precompile2
[INFO] 
[INFO] --- resources:3.3.1:resources (default-resources) @ app-erp-manufacturing-codegen ---
[INFO] skip non existing resourceDirectory /Users/abc/app/nop-app-erp/module-manufacturing/erp-mfg-codegen/src/main/resources
[INFO] 
[INFO] --- compiler:3.11.0:compile (default-compile) @ app-erp-manufacturing-codegen ---
[INFO] No sources to compile
[INFO] 
[INFO] --- exec:3.0.0:java (aop) @ app-erp-manufacturing-codegen ---
SLF4J: Failed to load class "org.slf4j.impl.StaticLoggerBinder".
SLF4J: Defaulting to no-operation (NOP) logger implementation
SLF4J: See http://www.slf4j.org/codes.html#StaticLoggerBinder for further details.
nop.gen-aop-proxy
[INFO] 
[INFO] --- exec:3.0.0:java (postcompile) @ app-erp-manufacturing-codegen ---
SLF4J: Failed to load class "org.slf4j.impl.StaticLoggerBinder".
SLF4J: Defaulting to no-operation (NOP) logger implementation
SLF4J: See http://www.slf4j.org/codes.html#StaticLoggerBinder for further details.
projectDir=/Users/abc/app/nop-app-erp/module-manufacturing/erp-mfg-codegen,dryRun=false,tplRoot=postcompile
end
[INFO] 
[INFO] --- resources:3.3.1:testResources (default-testResources) @ app-erp-manufacturing-codegen ---
[INFO] skip non existing resourceDirectory /Users/abc/app/nop-app-erp/module-manufacturing/erp-mfg-codegen/src/test/resources
[INFO] 
[INFO] --- compiler:3.11.0:testCompile (default-testCompile) @ app-erp-manufacturing-codegen ---
[INFO] Changes detected - recompiling the module! :source
[INFO] Compiling 1 source file with javac [debug release 17] to target/test-classes
[INFO] 
[INFO] --- surefire:3.2.2:test (default-test) @ app-erp-manufacturing-codegen ---
[INFO] Tests are skipped.
[INFO] 
[INFO] --- jar:3.3.0:jar (default-jar) @ app-erp-manufacturing-codegen ---
[WARNING] JAR will be empty - no content was marked for inclusion!
[INFO] Building jar: /Users/abc/app/nop-app-erp/module-manufacturing/erp-mfg-codegen/target/app-erp-manufacturing-codegen-1.0-SNAPSHOT.jar
[INFO] 
[INFO] --- source:3.3.0:jar-no-fork (attach-sources) @ app-erp-manufacturing-codegen ---
[INFO] No sources in project. Archive not created.
[INFO] 
[INFO] --- install:3.1.1:install (default-install) @ app-erp-manufacturing-codegen ---
[INFO] Installing /Users/abc/app/nop-app-erp/module-manufacturing/erp-mfg-codegen/pom.xml to /Users/abc/.m2/repository/io/nop/app/app-erp-manufacturing-codegen/1.0-SNAPSHOT/app-erp-manufacturing-codegen-1.0-SNAPSHOT.pom
[INFO] Installing /Users/abc/app/nop-app-erp/module-manufacturing/erp-mfg-codegen/target/app-erp-manufacturing-codegen-1.0-SNAPSHOT.jar to /Users/abc/.m2/repository/io/nop/app/app-erp-manufacturing-codegen/1.0-SNAPSHOT/app-erp-manufacturing-codegen-1.0-SNAPSHOT.jar
[INFO] 
[INFO] ----------------< io.nop.app:app-erp-manufacturing-dao >----------------
[INFO] Building app-erp-manufacturing-dao 1.0-SNAPSHOT                 [27/156]
[INFO]   from module-manufacturing/erp-mfg-dao/pom.xml
[INFO] --------------------------------[ jar ]---------------------------------
[INFO] 
[INFO] --- clean:3.4.0:clean (default-clean) @ app-erp-manufacturing-dao ---
[INFO] Deleting /Users/abc/app/nop-app-erp/module-manufacturing/erp-mfg-dao/target
[INFO] 
[INFO] --- enforcer:3.0.0-M2:enforce (enforce-no-duplicate-dependencies) @ app-erp-manufacturing-dao ---
[INFO] 
[INFO] --- jacoco:0.8.14:prepare-agent (default-prepare-agent) @ app-erp-manufacturing-dao ---
[INFO] jacocoArgLine set to -javaagent:/Users/abc/.m2/repository/org/jacoco/org.jacoco.agent/0.8.14/org.jacoco.agent-0.8.14-runtime.jar=destfile=/Users/abc/app/nop-app-erp/module-manufacturing/erp-mfg-dao/target/jacoco.exec,excludes=**/_gen/**:**/_*.java:**/_*.xml:**/*Errors.*:**/*Configs.*:**/*Constants*:**/parse/antlr/**
[INFO] 
[INFO] --- resources:3.3.1:resources (default-resources) @ app-erp-manufacturing-dao ---
[INFO] Copying 4 resources from src/main/resources to target/classes
[INFO] 
[INFO] --- compiler:3.11.0:compile (default-compile) @ app-erp-manufacturing-dao ---
[INFO] Changes detected - recompiling the module! :dependency
[INFO] Compiling 116 source files with javac [debug release 17] to target/classes
[INFO] 
[INFO] --- resources:3.3.1:testResources (default-testResources) @ app-erp-manufacturing-dao ---
[INFO] skip non existing resourceDirectory /Users/abc/app/nop-app-erp/module-manufacturing/erp-mfg-dao/src/test/resources
[INFO] 
[INFO] --- compiler:3.11.0:testCompile (default-testCompile) @ app-erp-manufacturing-dao ---
[INFO] No sources to compile
[INFO] 
[INFO] --- surefire:3.2.2:test (default-test) @ app-erp-manufacturing-dao ---
[INFO] Tests are skipped.
[INFO] 
[INFO] --- jar:3.3.0:jar (default-jar) @ app-erp-manufacturing-dao ---
[INFO] Building jar: /Users/abc/app/nop-app-erp/module-manufacturing/erp-mfg-dao/target/app-erp-manufacturing-dao-1.0-SNAPSHOT.jar
[INFO] 
[INFO] --- source:3.3.0:jar-no-fork (attach-sources) @ app-erp-manufacturing-dao ---
[INFO] Building jar: /Users/abc/app/nop-app-erp/module-manufacturing/erp-mfg-dao/target/app-erp-manufacturing-dao-1.0-SNAPSHOT-sources.jar
[INFO] 
[INFO] --- install:3.1.1:install (default-install) @ app-erp-manufacturing-dao ---
[INFO] Installing /Users/abc/app/nop-app-erp/module-manufacturing/erp-mfg-dao/pom.xml to /Users/abc/.m2/repository/io/nop/app/app-erp-manufacturing-dao/1.0-SNAPSHOT/app-erp-manufacturing-dao-1.0-SNAPSHOT.pom
[INFO] Installing /Users/abc/app/nop-app-erp/module-manufacturing/erp-mfg-dao/target/app-erp-manufacturing-dao-1.0-SNAPSHOT.jar to /Users/abc/.m2/repository/io/nop/app/app-erp-manufacturing-dao/1.0-SNAPSHOT/app-erp-manufacturing-dao-1.0-SNAPSHOT.jar
[INFO] Installing /Users/abc/app/nop-app-erp/module-manufacturing/erp-mfg-dao/target/app-erp-manufacturing-dao-1.0-SNAPSHOT-sources.jar to /Users/abc/.m2/repository/io/nop/app/app-erp-manufacturing-dao/1.0-SNAPSHOT/app-erp-manufacturing-dao-1.0-SNAPSHOT-sources.jar
[INFO] 
[INFO] --------------------< io.nop.app:app-erp-purchase >---------------------
[INFO] Building app-erp-purchase 1.0-SNAPSHOT                          [28/156]
[INFO]   from module-purchase/pom.xml
[INFO] --------------------------------[ pom ]---------------------------------
[INFO] 
[INFO] --- clean:3.4.0:clean (default-clean) @ app-erp-purchase ---
[INFO] 
[INFO] --- enforcer:3.0.0-M2:enforce (enforce-no-duplicate-dependencies) @ app-erp-purchase ---
[INFO] 
[INFO] --- jacoco:0.8.14:prepare-agent (default-prepare-agent) @ app-erp-purchase ---
[INFO] jacocoArgLine set to -javaagent:/Users/abc/.m2/repository/org/jacoco/org.jacoco.agent/0.8.14/org.jacoco.agent-0.8.14-runtime.jar=destfile=/Users/abc/app/nop-app-erp/module-purchase/target/jacoco.exec,excludes=**/_gen/**:**/_*.java:**/_*.xml:**/*Errors.*:**/*Configs.*:**/*Constants*:**/parse/antlr/**
[INFO] 
[INFO] --- source:3.3.0:jar-no-fork (attach-sources) @ app-erp-purchase ---
[INFO] 
[INFO] --- install:3.1.1:install (default-install) @ app-erp-purchase ---
[INFO] Installing /Users/abc/app/nop-app-erp/module-purchase/pom.xml to /Users/abc/.m2/repository/io/nop/app/app-erp-purchase/1.0-SNAPSHOT/app-erp-purchase-1.0-SNAPSHOT.pom
[INFO] 
[INFO] ----------------< io.nop.app:app-erp-purchase-codegen >-----------------
[INFO] Building app-erp-purchase-codegen 1.0-SNAPSHOT                  [29/156]
[INFO]   from module-purchase/erp-pur-codegen/pom.xml
[INFO] --------------------------------[ jar ]---------------------------------
[INFO] 
[INFO] --- clean:3.4.0:clean (default-clean) @ app-erp-purchase-codegen ---
[INFO] Deleting /Users/abc/app/nop-app-erp/module-purchase/erp-pur-codegen/target
[INFO] 
[INFO] --- enforcer:3.0.0-M2:enforce (enforce-no-duplicate-dependencies) @ app-erp-purchase-codegen ---
[INFO] 
[INFO] --- jacoco:0.8.14:prepare-agent (default-prepare-agent) @ app-erp-purchase-codegen ---
[INFO] jacocoArgLine set to -javaagent:/Users/abc/.m2/repository/org/jacoco/org.jacoco.agent/0.8.14/org.jacoco.agent-0.8.14-runtime.jar=destfile=/Users/abc/app/nop-app-erp/module-purchase/erp-pur-codegen/target/jacoco.exec,excludes=**/_gen/**:**/_*.java:**/_*.xml:**/*Errors.*:**/*Configs.*:**/*Constants*:**/parse/antlr/**
[INFO] 
[INFO] --- exec:3.0.0:java (precompile) @ app-erp-purchase-codegen ---
SLF4J: Failed to load class "org.slf4j.impl.StaticLoggerBinder".
SLF4J: Defaulting to no-operation (NOP) logger implementation
SLF4J: See http://www.slf4j.org/codes.html#StaticLoggerBinder for further details.
nop.skip-codegen-when-tpl-dir-is-empty:/Users/abc/app/nop-app-erp/module-purchase/erp-pur-codegen/precompile
[INFO] 
[INFO] --- exec:3.0.0:java (precompile2) @ app-erp-purchase-codegen ---
SLF4J: Failed to load class "org.slf4j.impl.StaticLoggerBinder".
SLF4J: Defaulting to no-operation (NOP) logger implementation
SLF4J: See http://www.slf4j.org/codes.html#StaticLoggerBinder for further details.
nop.skip-codegen-when-tpl-dir-is-empty:/Users/abc/app/nop-app-erp/module-purchase/erp-pur-codegen/precompile2
[INFO] 
[INFO] --- resources:3.3.1:resources (default-resources) @ app-erp-purchase-codegen ---
[INFO] skip non existing resourceDirectory /Users/abc/app/nop-app-erp/module-purchase/erp-pur-codegen/src/main/resources
[INFO] 
[INFO] --- compiler:3.11.0:compile (default-compile) @ app-erp-purchase-codegen ---
[INFO] No sources to compile
[INFO] 
[INFO] --- exec:3.0.0:java (aop) @ app-erp-purchase-codegen ---
SLF4J: Failed to load class "org.slf4j.impl.StaticLoggerBinder".
SLF4J: Defaulting to no-operation (NOP) logger implementation
SLF4J: See http://www.slf4j.org/codes.html#StaticLoggerBinder for further details.
nop.gen-aop-proxy
[INFO] 
[INFO] --- exec:3.0.0:java (postcompile) @ app-erp-purchase-codegen ---
SLF4J: Failed to load class "org.slf4j.impl.StaticLoggerBinder".
SLF4J: Defaulting to no-operation (NOP) logger implementation
SLF4J: See http://www.slf4j.org/codes.html#StaticLoggerBinder for further details.
projectDir=/Users/abc/app/nop-app-erp/module-purchase/erp-pur-codegen,dryRun=false,tplRoot=postcompile
end
[INFO] 
[INFO] --- resources:3.3.1:testResources (default-testResources) @ app-erp-purchase-codegen ---
[INFO] skip non existing resourceDirectory /Users/abc/app/nop-app-erp/module-purchase/erp-pur-codegen/src/test/resources
[INFO] 
[INFO] --- compiler:3.11.0:testCompile (default-testCompile) @ app-erp-purchase-codegen ---
[INFO] Changes detected - recompiling the module! :source
[INFO] Compiling 1 source file with javac [debug release 17] to target/test-classes
[INFO] 
[INFO] --- surefire:3.2.2:test (default-test) @ app-erp-purchase-codegen ---
[INFO] Tests are skipped.
[INFO] 
[INFO] --- jar:3.3.0:jar (default-jar) @ app-erp-purchase-codegen ---
[WARNING] JAR will be empty - no content was marked for inclusion!
[INFO] Building jar: /Users/abc/app/nop-app-erp/module-purchase/erp-pur-codegen/target/app-erp-purchase-codegen-1.0-SNAPSHOT.jar
[INFO] 
[INFO] --- source:3.3.0:jar-no-fork (attach-sources) @ app-erp-purchase-codegen ---
[INFO] No sources in project. Archive not created.
[INFO] 
[INFO] --- install:3.1.1:install (default-install) @ app-erp-purchase-codegen ---
[INFO] Installing /Users/abc/app/nop-app-erp/module-purchase/erp-pur-codegen/pom.xml to /Users/abc/.m2/repository/io/nop/app/app-erp-purchase-codegen/1.0-SNAPSHOT/app-erp-purchase-codegen-1.0-SNAPSHOT.pom
[INFO] Installing /Users/abc/app/nop-app-erp/module-purchase/erp-pur-codegen/target/app-erp-purchase-codegen-1.0-SNAPSHOT.jar to /Users/abc/.m2/repository/io/nop/app/app-erp-purchase-codegen/1.0-SNAPSHOT/app-erp-purchase-codegen-1.0-SNAPSHOT.jar
[INFO] 
[INFO] --------------------< io.nop.app:app-erp-contract >---------------------
[INFO] Building app-erp-contract 1.0-SNAPSHOT                          [30/156]
[INFO]   from module-contract/pom.xml
[INFO] --------------------------------[ pom ]---------------------------------
[INFO] 
[INFO] --- clean:3.4.0:clean (default-clean) @ app-erp-contract ---
[INFO] 
[INFO] --- enforcer:3.0.0-M2:enforce (enforce-no-duplicate-dependencies) @ app-erp-contract ---
[INFO] 
[INFO] --- jacoco:0.8.14:prepare-agent (default-prepare-agent) @ app-erp-contract ---
[INFO] jacocoArgLine set to -javaagent:/Users/abc/.m2/repository/org/jacoco/org.jacoco.agent/0.8.14/org.jacoco.agent-0.8.14-runtime.jar=destfile=/Users/abc/app/nop-app-erp/module-contract/target/jacoco.exec,excludes=**/_gen/**:**/_*.java:**/_*.xml:**/*Errors.*:**/*Configs.*:**/*Constants*:**/parse/antlr/**
[INFO] 
[INFO] --- source:3.3.0:jar-no-fork (attach-sources) @ app-erp-contract ---
[INFO] 
[INFO] --- install:3.1.1:install (default-install) @ app-erp-contract ---
[INFO] Installing /Users/abc/app/nop-app-erp/module-contract/pom.xml to /Users/abc/.m2/repository/io/nop/app/app-erp-contract/1.0-SNAPSHOT/app-erp-contract-1.0-SNAPSHOT.pom
[INFO] 
[INFO] ----------------< io.nop.app:app-erp-contract-codegen >-----------------
[INFO] Building app-erp-contract-codegen 1.0-SNAPSHOT                  [31/156]
[INFO]   from module-contract/erp-ct-codegen/pom.xml
[INFO] --------------------------------[ jar ]---------------------------------
[INFO] 
[INFO] --- clean:3.4.0:clean (default-clean) @ app-erp-contract-codegen ---
[INFO] Deleting /Users/abc/app/nop-app-erp/module-contract/erp-ct-codegen/target
[INFO] 
[INFO] --- enforcer:3.0.0-M2:enforce (enforce-no-duplicate-dependencies) @ app-erp-contract-codegen ---
[INFO] 
[INFO] --- jacoco:0.8.14:prepare-agent (default-prepare-agent) @ app-erp-contract-codegen ---
[INFO] jacocoArgLine set to -javaagent:/Users/abc/.m2/repository/org/jacoco/org.jacoco.agent/0.8.14/org.jacoco.agent-0.8.14-runtime.jar=destfile=/Users/abc/app/nop-app-erp/module-contract/erp-ct-codegen/target/jacoco.exec,excludes=**/_gen/**:**/_*.java:**/_*.xml:**/*Errors.*:**/*Configs.*:**/*Constants*:**/parse/antlr/**
[INFO] 
[INFO] --- exec:3.0.0:java (precompile) @ app-erp-contract-codegen ---
SLF4J: Failed to load class "org.slf4j.impl.StaticLoggerBinder".
SLF4J: Defaulting to no-operation (NOP) logger implementation
SLF4J: See http://www.slf4j.org/codes.html#StaticLoggerBinder for further details.
nop.skip-codegen-when-tpl-dir-is-empty:/Users/abc/app/nop-app-erp/module-contract/erp-ct-codegen/precompile
[INFO] 
[INFO] --- exec:3.0.0:java (precompile2) @ app-erp-contract-codegen ---
SLF4J: Failed to load class "org.slf4j.impl.StaticLoggerBinder".
SLF4J: Defaulting to no-operation (NOP) logger implementation
SLF4J: See http://www.slf4j.org/codes.html#StaticLoggerBinder for further details.
nop.skip-codegen-when-tpl-dir-is-empty:/Users/abc/app/nop-app-erp/module-contract/erp-ct-codegen/precompile2
[INFO] 
[INFO] --- resources:3.3.1:resources (default-resources) @ app-erp-contract-codegen ---
[INFO] skip non existing resourceDirectory /Users/abc/app/nop-app-erp/module-contract/erp-ct-codegen/src/main/resources
[INFO] 
[INFO] --- compiler:3.11.0:compile (default-compile) @ app-erp-contract-codegen ---
[INFO] No sources to compile
[INFO] 
[INFO] --- exec:3.0.0:java (aop) @ app-erp-contract-codegen ---
SLF4J: Failed to load class "org.slf4j.impl.StaticLoggerBinder".
SLF4J: Defaulting to no-operation (NOP) logger implementation
SLF4J: See http://www.slf4j.org/codes.html#StaticLoggerBinder for further details.
nop.gen-aop-proxy
[INFO] 
[INFO] --- exec:3.0.0:java (postcompile) @ app-erp-contract-codegen ---
SLF4J: Failed to load class "org.slf4j.impl.StaticLoggerBinder".
SLF4J: Defaulting to no-operation (NOP) logger implementation
SLF4J: See http://www.slf4j.org/codes.html#StaticLoggerBinder for further details.
projectDir=/Users/abc/app/nop-app-erp/module-contract/erp-ct-codegen,dryRun=false,tplRoot=postcompile
end
[INFO] 
[INFO] --- resources:3.3.1:testResources (default-testResources) @ app-erp-contract-codegen ---
[INFO] skip non existing resourceDirectory /Users/abc/app/nop-app-erp/module-contract/erp-ct-codegen/src/test/resources
[INFO] 
[INFO] --- compiler:3.11.0:testCompile (default-testCompile) @ app-erp-contract-codegen ---
[INFO] Changes detected - recompiling the module! :source
[INFO] Compiling 1 source file with javac [debug release 17] to target/test-classes
[INFO] 
[INFO] --- surefire:3.2.2:test (default-test) @ app-erp-contract-codegen ---
[INFO] Tests are skipped.
[INFO] 
[INFO] --- jar:3.3.0:jar (default-jar) @ app-erp-contract-codegen ---
[WARNING] JAR will be empty - no content was marked for inclusion!
[INFO] Building jar: /Users/abc/app/nop-app-erp/module-contract/erp-ct-codegen/target/app-erp-contract-codegen-1.0-SNAPSHOT.jar
[INFO] 
[INFO] --- source:3.3.0:jar-no-fork (attach-sources) @ app-erp-contract-codegen ---
[INFO] No sources in project. Archive not created.
[INFO] 
[INFO] --- install:3.1.1:install (default-install) @ app-erp-contract-codegen ---
[INFO] Installing /Users/abc/app/nop-app-erp/module-contract/erp-ct-codegen/pom.xml to /Users/abc/.m2/repository/io/nop/app/app-erp-contract-codegen/1.0-SNAPSHOT/app-erp-contract-codegen-1.0-SNAPSHOT.pom
[INFO] Installing /Users/abc/app/nop-app-erp/module-contract/erp-ct-codegen/target/app-erp-contract-codegen-1.0-SNAPSHOT.jar to /Users/abc/.m2/repository/io/nop/app/app-erp-contract-codegen/1.0-SNAPSHOT/app-erp-contract-codegen-1.0-SNAPSHOT.jar
[INFO] 
[INFO] ------------------< io.nop.app:app-erp-contract-dao >-------------------
[INFO] Building app-erp-contract-dao 1.0-SNAPSHOT                      [32/156]
[INFO]   from module-contract/erp-ct-dao/pom.xml
[INFO] --------------------------------[ jar ]---------------------------------
[INFO] 
[INFO] --- clean:3.4.0:clean (default-clean) @ app-erp-contract-dao ---
[INFO] Deleting /Users/abc/app/nop-app-erp/module-contract/erp-ct-dao/target
[INFO] 
[INFO] --- enforcer:3.0.0-M2:enforce (enforce-no-duplicate-dependencies) @ app-erp-contract-dao ---
[INFO] 
[INFO] --- jacoco:0.8.14:prepare-agent (default-prepare-agent) @ app-erp-contract-dao ---
[INFO] jacocoArgLine set to -javaagent:/Users/abc/.m2/repository/org/jacoco/org.jacoco.agent/0.8.14/org.jacoco.agent-0.8.14-runtime.jar=destfile=/Users/abc/app/nop-app-erp/module-contract/erp-ct-dao/target/jacoco.exec,excludes=**/_gen/**:**/_*.java:**/_*.xml:**/*Errors.*:**/*Configs.*:**/*Constants*:**/parse/antlr/**
[INFO] 
[INFO] --- resources:3.3.1:resources (default-resources) @ app-erp-contract-dao ---
[INFO] Copying 4 resources from src/main/resources to target/classes
[INFO] 
[INFO] --- compiler:3.11.0:compile (default-compile) @ app-erp-contract-dao ---
[INFO] Changes detected - recompiling the module! :dependency
[INFO] Compiling 51 source files with javac [debug release 17] to target/classes
[INFO] 
[INFO] --- resources:3.3.1:testResources (default-testResources) @ app-erp-contract-dao ---
[INFO] skip non existing resourceDirectory /Users/abc/app/nop-app-erp/module-contract/erp-ct-dao/src/test/resources
[INFO] 
[INFO] --- compiler:3.11.0:testCompile (default-testCompile) @ app-erp-contract-dao ---
[INFO] No sources to compile
[INFO] 
[INFO] --- surefire:3.2.2:test (default-test) @ app-erp-contract-dao ---
[INFO] Tests are skipped.
[INFO] 
[INFO] --- jar:3.3.0:jar (default-jar) @ app-erp-contract-dao ---
[INFO] Building jar: /Users/abc/app/nop-app-erp/module-contract/erp-ct-dao/target/app-erp-contract-dao-1.0-SNAPSHOT.jar
[INFO] 
[INFO] --- source:3.3.0:jar-no-fork (attach-sources) @ app-erp-contract-dao ---
[INFO] Building jar: /Users/abc/app/nop-app-erp/module-contract/erp-ct-dao/target/app-erp-contract-dao-1.0-SNAPSHOT-sources.jar
[INFO] 
[INFO] --- install:3.1.1:install (default-install) @ app-erp-contract-dao ---
[INFO] Installing /Users/abc/app/nop-app-erp/module-contract/erp-ct-dao/pom.xml to /Users/abc/.m2/repository/io/nop/app/app-erp-contract-dao/1.0-SNAPSHOT/app-erp-contract-dao-1.0-SNAPSHOT.pom
[INFO] Installing /Users/abc/app/nop-app-erp/module-contract/erp-ct-dao/target/app-erp-contract-dao-1.0-SNAPSHOT.jar to /Users/abc/.m2/repository/io/nop/app/app-erp-contract-dao/1.0-SNAPSHOT/app-erp-contract-dao-1.0-SNAPSHOT.jar
[INFO] Installing /Users/abc/app/nop-app-erp/module-contract/erp-ct-dao/target/app-erp-contract-dao-1.0-SNAPSHOT-sources.jar to /Users/abc/.m2/repository/io/nop/app/app-erp-contract-dao/1.0-SNAPSHOT/app-erp-contract-dao-1.0-SNAPSHOT-sources.jar
[INFO] 
[INFO] ------------------< io.nop.app:app-erp-purchase-dao >-------------------
[INFO] Building app-erp-purchase-dao 1.0-SNAPSHOT                      [33/156]
[INFO]   from module-purchase/erp-pur-dao/pom.xml
[INFO] --------------------------------[ jar ]---------------------------------
[INFO] 
[INFO] --- clean:3.4.0:clean (default-clean) @ app-erp-purchase-dao ---
[INFO] Deleting /Users/abc/app/nop-app-erp/module-purchase/erp-pur-dao/target
[INFO] 
[INFO] --- enforcer:3.0.0-M2:enforce (enforce-no-duplicate-dependencies) @ app-erp-purchase-dao ---
[INFO] 
[INFO] --- jacoco:0.8.14:prepare-agent (default-prepare-agent) @ app-erp-purchase-dao ---
[INFO] jacocoArgLine set to -javaagent:/Users/abc/.m2/repository/org/jacoco/org.jacoco.agent/0.8.14/org.jacoco.agent-0.8.14-runtime.jar=destfile=/Users/abc/app/nop-app-erp/module-purchase/erp-pur-dao/target/jacoco.exec,excludes=**/_gen/**:**/_*.java:**/_*.xml:**/*Errors.*:**/*Configs.*:**/*Constants*:**/parse/antlr/**
[INFO] 
[INFO] --- resources:3.3.1:resources (default-resources) @ app-erp-purchase-dao ---
[INFO] Copying 4 resources from src/main/resources to target/classes
[INFO] 
[INFO] --- compiler:3.11.0:compile (default-compile) @ app-erp-purchase-dao ---
[INFO] Changes detected - recompiling the module! :dependency
[INFO] Compiling 66 source files with javac [debug release 17] to target/classes
[INFO] 
[INFO] --- resources:3.3.1:testResources (default-testResources) @ app-erp-purchase-dao ---
[INFO] skip non existing resourceDirectory /Users/abc/app/nop-app-erp/module-purchase/erp-pur-dao/src/test/resources
[INFO] 
[INFO] --- compiler:3.11.0:testCompile (default-testCompile) @ app-erp-purchase-dao ---
[INFO] No sources to compile
[INFO] 
[INFO] --- surefire:3.2.2:test (default-test) @ app-erp-purchase-dao ---
[INFO] Tests are skipped.
[INFO] 
[INFO] --- jar:3.3.0:jar (default-jar) @ app-erp-purchase-dao ---
[INFO] Building jar: /Users/abc/app/nop-app-erp/module-purchase/erp-pur-dao/target/app-erp-purchase-dao-1.0-SNAPSHOT.jar
[INFO] 
[INFO] --- source:3.3.0:jar-no-fork (attach-sources) @ app-erp-purchase-dao ---
[INFO] Building jar: /Users/abc/app/nop-app-erp/module-purchase/erp-pur-dao/target/app-erp-purchase-dao-1.0-SNAPSHOT-sources.jar
[INFO] 
[INFO] --- install:3.1.1:install (default-install) @ app-erp-purchase-dao ---
[INFO] Installing /Users/abc/app/nop-app-erp/module-purchase/erp-pur-dao/pom.xml to /Users/abc/.m2/repository/io/nop/app/app-erp-purchase-dao/1.0-SNAPSHOT/app-erp-purchase-dao-1.0-SNAPSHOT.pom
[INFO] Installing /Users/abc/app/nop-app-erp/module-purchase/erp-pur-dao/target/app-erp-purchase-dao-1.0-SNAPSHOT.jar to /Users/abc/.m2/repository/io/nop/app/app-erp-purchase-dao/1.0-SNAPSHOT/app-erp-purchase-dao-1.0-SNAPSHOT.jar
[INFO] Installing /Users/abc/app/nop-app-erp/module-purchase/erp-pur-dao/target/app-erp-purchase-dao-1.0-SNAPSHOT-sources.jar to /Users/abc/.m2/repository/io/nop/app/app-erp-purchase-dao/1.0-SNAPSHOT/app-erp-purchase-dao-1.0-SNAPSHOT-sources.jar
[INFO] 
[INFO] ------------------< io.nop.app:app-erp-finance-meta >-------------------
[INFO] Building app-erp-finance-meta 1.0-SNAPSHOT                      [34/156]
[INFO]   from module-finance/erp-fin-meta/pom.xml
[INFO] --------------------------------[ jar ]---------------------------------
[INFO] 
[INFO] --- clean:3.4.0:clean (default-clean) @ app-erp-finance-meta ---
[INFO] Deleting /Users/abc/app/nop-app-erp/module-finance/erp-fin-meta/target
[INFO] 
[INFO] --- enforcer:3.0.0-M2:enforce (enforce-no-duplicate-dependencies) @ app-erp-finance-meta ---
[INFO] 
[INFO] --- jacoco:0.8.14:prepare-agent (default-prepare-agent) @ app-erp-finance-meta ---
[INFO] jacocoArgLine set to -javaagent:/Users/abc/.m2/repository/org/jacoco/org.jacoco.agent/0.8.14/org.jacoco.agent-0.8.14-runtime.jar=destfile=/Users/abc/app/nop-app-erp/module-finance/erp-fin-meta/target/jacoco.exec,excludes=**/_gen/**:**/_*.java:**/_*.xml:**/*Errors.*:**/*Configs.*:**/*Constants*:**/parse/antlr/**
[INFO] 
[INFO] --- exec:3.0.0:java (precompile) @ app-erp-finance-meta ---
SLF4J: Failed to load class "org.slf4j.impl.StaticLoggerBinder".
SLF4J: Defaulting to no-operation (NOP) logger implementation
SLF4J: See http://www.slf4j.org/codes.html#StaticLoggerBinder for further details.
projectDir=/Users/abc/app/nop-app-erp/module-finance/erp-fin-meta,dryRun=false,tplRoot=precompile
end
[INFO] 
[INFO] --- exec:3.0.0:java (precompile2) @ app-erp-finance-meta ---
SLF4J: Failed to load class "org.slf4j.impl.StaticLoggerBinder".
SLF4J: Defaulting to no-operation (NOP) logger implementation
SLF4J: See http://www.slf4j.org/codes.html#StaticLoggerBinder for further details.
nop.skip-codegen-when-tpl-dir-is-empty:/Users/abc/app/nop-app-erp/module-finance/erp-fin-meta/precompile2
[INFO] 
[INFO] --- resources:3.3.1:resources (default-resources) @ app-erp-finance-meta ---
[INFO] Copying 124 resources from src/main/resources to target/classes
[INFO] 
[INFO] --- compiler:3.11.0:compile (default-compile) @ app-erp-finance-meta ---
[INFO] No sources to compile
[INFO] 
[INFO] --- exec:3.0.0:java (aop) @ app-erp-finance-meta ---
SLF4J: Failed to load class "org.slf4j.impl.StaticLoggerBinder".
SLF4J: Defaulting to no-operation (NOP) logger implementation
SLF4J: See http://www.slf4j.org/codes.html#StaticLoggerBinder for further details.
nop.gen-aop-proxy
[INFO] 
[INFO] --- exec:3.0.0:java (postcompile) @ app-erp-finance-meta ---
SLF4J: Failed to load class "org.slf4j.impl.StaticLoggerBinder".
SLF4J: Defaulting to no-operation (NOP) logger implementation
SLF4J: See http://www.slf4j.org/codes.html#StaticLoggerBinder for further details.
projectDir=/Users/abc/app/nop-app-erp/module-finance/erp-fin-meta,dryRun=false,tplRoot=postcompile
end
[INFO] 
[INFO] --- resources:3.3.1:testResources (default-testResources) @ app-erp-finance-meta ---
[INFO] skip non existing resourceDirectory /Users/abc/app/nop-app-erp/module-finance/erp-fin-meta/src/test/resources
[INFO] 
[INFO] --- compiler:3.11.0:testCompile (default-testCompile) @ app-erp-finance-meta ---
[INFO] No sources to compile
[INFO] 
[INFO] --- surefire:3.2.2:test (default-test) @ app-erp-finance-meta ---
[INFO] Tests are skipped.
[INFO] 
[INFO] --- jar:3.3.0:jar (default-jar) @ app-erp-finance-meta ---
[INFO] Building jar: /Users/abc/app/nop-app-erp/module-finance/erp-fin-meta/target/app-erp-finance-meta-1.0-SNAPSHOT.jar
[INFO] 
[INFO] --- source:3.3.0:jar-no-fork (attach-sources) @ app-erp-finance-meta ---
[INFO] Building jar: /Users/abc/app/nop-app-erp/module-finance/erp-fin-meta/target/app-erp-finance-meta-1.0-SNAPSHOT-sources.jar
[INFO] 
[INFO] --- install:3.1.1:install (default-install) @ app-erp-finance-meta ---
[INFO] Installing /Users/abc/app/nop-app-erp/module-finance/erp-fin-meta/pom.xml to /Users/abc/.m2/repository/io/nop/app/app-erp-finance-meta/1.0-SNAPSHOT/app-erp-finance-meta-1.0-SNAPSHOT.pom
[INFO] Installing /Users/abc/app/nop-app-erp/module-finance/erp-fin-meta/target/app-erp-finance-meta-1.0-SNAPSHOT.jar to /Users/abc/.m2/repository/io/nop/app/app-erp-finance-meta/1.0-SNAPSHOT/app-erp-finance-meta-1.0-SNAPSHOT.jar
[INFO] Installing /Users/abc/app/nop-app-erp/module-finance/erp-fin-meta/target/app-erp-finance-meta-1.0-SNAPSHOT-sources.jar to /Users/abc/.m2/repository/io/nop/app/app-erp-finance-meta/1.0-SNAPSHOT/app-erp-finance-meta-1.0-SNAPSHOT-sources.jar
[INFO] 
[INFO] ---------------------< io.nop.app:app-erp-assets >----------------------
[INFO] Building app-erp-assets 1.0-SNAPSHOT                            [35/156]
[INFO]   from module-assets/pom.xml
[INFO] --------------------------------[ pom ]---------------------------------
[INFO] 
[INFO] --- clean:3.4.0:clean (default-clean) @ app-erp-assets ---
[INFO] 
[INFO] --- enforcer:3.0.0-M2:enforce (enforce-no-duplicate-dependencies) @ app-erp-assets ---
[INFO] 
[INFO] --- jacoco:0.8.14:prepare-agent (default-prepare-agent) @ app-erp-assets ---
[INFO] jacocoArgLine set to -javaagent:/Users/abc/.m2/repository/org/jacoco/org.jacoco.agent/0.8.14/org.jacoco.agent-0.8.14-runtime.jar=destfile=/Users/abc/app/nop-app-erp/module-assets/target/jacoco.exec,excludes=**/_gen/**:**/_*.java:**/_*.xml:**/*Errors.*:**/*Configs.*:**/*Constants*:**/parse/antlr/**
[INFO] 
[INFO] --- source:3.3.0:jar-no-fork (attach-sources) @ app-erp-assets ---
[INFO] 
[INFO] --- install:3.1.1:install (default-install) @ app-erp-assets ---
[INFO] Installing /Users/abc/app/nop-app-erp/module-assets/pom.xml to /Users/abc/.m2/repository/io/nop/app/app-erp-assets/1.0-SNAPSHOT/app-erp-assets-1.0-SNAPSHOT.pom
[INFO] 
[INFO] -----------------< io.nop.app:app-erp-assets-codegen >------------------
[INFO] Building app-erp-assets-codegen 1.0-SNAPSHOT                    [36/156]
[INFO]   from module-assets/erp-ast-codegen/pom.xml
[INFO] --------------------------------[ jar ]---------------------------------
[INFO] 
[INFO] --- clean:3.4.0:clean (default-clean) @ app-erp-assets-codegen ---
[INFO] Deleting /Users/abc/app/nop-app-erp/module-assets/erp-ast-codegen/target
[INFO] 
[INFO] --- enforcer:3.0.0-M2:enforce (enforce-no-duplicate-dependencies) @ app-erp-assets-codegen ---
[INFO] 
[INFO] --- jacoco:0.8.14:prepare-agent (default-prepare-agent) @ app-erp-assets-codegen ---
[INFO] jacocoArgLine set to -javaagent:/Users/abc/.m2/repository/org/jacoco/org.jacoco.agent/0.8.14/org.jacoco.agent-0.8.14-runtime.jar=destfile=/Users/abc/app/nop-app-erp/module-assets/erp-ast-codegen/target/jacoco.exec,excludes=**/_gen/**:**/_*.java:**/_*.xml:**/*Errors.*:**/*Configs.*:**/*Constants*:**/parse/antlr/**
[INFO] 
[INFO] --- exec:3.0.0:java (precompile) @ app-erp-assets-codegen ---
SLF4J: Failed to load class "org.slf4j.impl.StaticLoggerBinder".
SLF4J: Defaulting to no-operation (NOP) logger implementation
SLF4J: See http://www.slf4j.org/codes.html#StaticLoggerBinder for further details.
nop.skip-codegen-when-tpl-dir-is-empty:/Users/abc/app/nop-app-erp/module-assets/erp-ast-codegen/precompile
[INFO] 
[INFO] --- exec:3.0.0:java (precompile2) @ app-erp-assets-codegen ---
SLF4J: Failed to load class "org.slf4j.impl.StaticLoggerBinder".
SLF4J: Defaulting to no-operation (NOP) logger implementation
SLF4J: See http://www.slf4j.org/codes.html#StaticLoggerBinder for further details.
nop.skip-codegen-when-tpl-dir-is-empty:/Users/abc/app/nop-app-erp/module-assets/erp-ast-codegen/precompile2
[INFO] 
[INFO] --- resources:3.3.1:resources (default-resources) @ app-erp-assets-codegen ---
[INFO] skip non existing resourceDirectory /Users/abc/app/nop-app-erp/module-assets/erp-ast-codegen/src/main/resources
[INFO] 
[INFO] --- compiler:3.11.0:compile (default-compile) @ app-erp-assets-codegen ---
[INFO] No sources to compile
[INFO] 
[INFO] --- exec:3.0.0:java (aop) @ app-erp-assets-codegen ---
SLF4J: Failed to load class "org.slf4j.impl.StaticLoggerBinder".
SLF4J: Defaulting to no-operation (NOP) logger implementation
SLF4J: See http://www.slf4j.org/codes.html#StaticLoggerBinder for further details.
nop.gen-aop-proxy
[INFO] 
[INFO] --- exec:3.0.0:java (postcompile) @ app-erp-assets-codegen ---
SLF4J: Failed to load class "org.slf4j.impl.StaticLoggerBinder".
SLF4J: Defaulting to no-operation (NOP) logger implementation
SLF4J: See http://www.slf4j.org/codes.html#StaticLoggerBinder for further details.
projectDir=/Users/abc/app/nop-app-erp/module-assets/erp-ast-codegen,dryRun=false,tplRoot=postcompile
end
[INFO] 
[INFO] --- resources:3.3.1:testResources (default-testResources) @ app-erp-assets-codegen ---
[INFO] skip non existing resourceDirectory /Users/abc/app/nop-app-erp/module-assets/erp-ast-codegen/src/test/resources
[INFO] 
[INFO] --- compiler:3.11.0:testCompile (default-testCompile) @ app-erp-assets-codegen ---
[INFO] Changes detected - recompiling the module! :source
[INFO] Compiling 1 source file with javac [debug release 17] to target/test-classes
[INFO] 
[INFO] --- surefire:3.2.2:test (default-test) @ app-erp-assets-codegen ---
[INFO] Tests are skipped.
[INFO] 
[INFO] --- jar:3.3.0:jar (default-jar) @ app-erp-assets-codegen ---
[WARNING] JAR will be empty - no content was marked for inclusion!
[INFO] Building jar: /Users/abc/app/nop-app-erp/module-assets/erp-ast-codegen/target/app-erp-assets-codegen-1.0-SNAPSHOT.jar
[INFO] 
[INFO] --- source:3.3.0:jar-no-fork (attach-sources) @ app-erp-assets-codegen ---
[INFO] No sources in project. Archive not created.
[INFO] 
[INFO] --- install:3.1.1:install (default-install) @ app-erp-assets-codegen ---
[INFO] Installing /Users/abc/app/nop-app-erp/module-assets/erp-ast-codegen/pom.xml to /Users/abc/.m2/repository/io/nop/app/app-erp-assets-codegen/1.0-SNAPSHOT/app-erp-assets-codegen-1.0-SNAPSHOT.pom
[INFO] Installing /Users/abc/app/nop-app-erp/module-assets/erp-ast-codegen/target/app-erp-assets-codegen-1.0-SNAPSHOT.jar to /Users/abc/.m2/repository/io/nop/app/app-erp-assets-codegen/1.0-SNAPSHOT/app-erp-assets-codegen-1.0-SNAPSHOT.jar
[INFO] 
[INFO] -------------------< io.nop.app:app-erp-assets-dao >--------------------
[INFO] Building app-erp-assets-dao 1.0-SNAPSHOT                        [37/156]
[INFO]   from module-assets/erp-ast-dao/pom.xml
[INFO] --------------------------------[ jar ]---------------------------------
[INFO] 
[INFO] --- clean:3.4.0:clean (default-clean) @ app-erp-assets-dao ---
[INFO] Deleting /Users/abc/app/nop-app-erp/module-assets/erp-ast-dao/target
[INFO] 
[INFO] --- enforcer:3.0.0-M2:enforce (enforce-no-duplicate-dependencies) @ app-erp-assets-dao ---
[INFO] 
[INFO] --- jacoco:0.8.14:prepare-agent (default-prepare-agent) @ app-erp-assets-dao ---
[INFO] jacocoArgLine set to -javaagent:/Users/abc/.m2/repository/org/jacoco/org.jacoco.agent/0.8.14/org.jacoco.agent-0.8.14-runtime.jar=destfile=/Users/abc/app/nop-app-erp/module-assets/erp-ast-dao/target/jacoco.exec,excludes=**/_gen/**:**/_*.java:**/_*.xml:**/*Errors.*:**/*Configs.*:**/*Constants*:**/parse/antlr/**
[INFO] 
[INFO] --- resources:3.3.1:resources (default-resources) @ app-erp-assets-dao ---
[INFO] Copying 4 resources from src/main/resources to target/classes
[INFO] 
[INFO] --- compiler:3.11.0:compile (default-compile) @ app-erp-assets-dao ---
[INFO] Changes detected - recompiling the module! :dependency
[INFO] Compiling 63 source files with javac [debug release 17] to target/classes
[INFO] 
[INFO] --- resources:3.3.1:testResources (default-testResources) @ app-erp-assets-dao ---
[INFO] skip non existing resourceDirectory /Users/abc/app/nop-app-erp/module-assets/erp-ast-dao/src/test/resources
[INFO] 
[INFO] --- compiler:3.11.0:testCompile (default-testCompile) @ app-erp-assets-dao ---
[INFO] No sources to compile
[INFO] 
[INFO] --- surefire:3.2.2:test (default-test) @ app-erp-assets-dao ---
[INFO] Tests are skipped.
[INFO] 
[INFO] --- jar:3.3.0:jar (default-jar) @ app-erp-assets-dao ---
[INFO] Building jar: /Users/abc/app/nop-app-erp/module-assets/erp-ast-dao/target/app-erp-assets-dao-1.0-SNAPSHOT.jar
[INFO] 
[INFO] --- source:3.3.0:jar-no-fork (attach-sources) @ app-erp-assets-dao ---
[INFO] Building jar: /Users/abc/app/nop-app-erp/module-assets/erp-ast-dao/target/app-erp-assets-dao-1.0-SNAPSHOT-sources.jar
[INFO] 
[INFO] --- install:3.1.1:install (default-install) @ app-erp-assets-dao ---
[INFO] Installing /Users/abc/app/nop-app-erp/module-assets/erp-ast-dao/pom.xml to /Users/abc/.m2/repository/io/nop/app/app-erp-assets-dao/1.0-SNAPSHOT/app-erp-assets-dao-1.0-SNAPSHOT.pom
[INFO] Installing /Users/abc/app/nop-app-erp/module-assets/erp-ast-dao/target/app-erp-assets-dao-1.0-SNAPSHOT.jar to /Users/abc/.m2/repository/io/nop/app/app-erp-assets-dao/1.0-SNAPSHOT/app-erp-assets-dao-1.0-SNAPSHOT.jar
[INFO] Installing /Users/abc/app/nop-app-erp/module-assets/erp-ast-dao/target/app-erp-assets-dao-1.0-SNAPSHOT-sources.jar to /Users/abc/.m2/repository/io/nop/app/app-erp-assets-dao/1.0-SNAPSHOT/app-erp-assets-dao-1.0-SNAPSHOT-sources.jar
[INFO] 
[INFO] ----------------------< io.nop.app:app-erp-sales >----------------------
[INFO] Building app-erp-sales 1.0-SNAPSHOT                             [38/156]
[INFO]   from module-sales/pom.xml
[INFO] --------------------------------[ pom ]---------------------------------
[INFO] 
[INFO] --- clean:3.4.0:clean (default-clean) @ app-erp-sales ---
[INFO] 
[INFO] --- enforcer:3.0.0-M2:enforce (enforce-no-duplicate-dependencies) @ app-erp-sales ---
[INFO] 
[INFO] --- jacoco:0.8.14:prepare-agent (default-prepare-agent) @ app-erp-sales ---
[INFO] jacocoArgLine set to -javaagent:/Users/abc/.m2/repository/org/jacoco/org.jacoco.agent/0.8.14/org.jacoco.agent-0.8.14-runtime.jar=destfile=/Users/abc/app/nop-app-erp/module-sales/target/jacoco.exec,excludes=**/_gen/**:**/_*.java:**/_*.xml:**/*Errors.*:**/*Configs.*:**/*Constants*:**/parse/antlr/**
[INFO] 
[INFO] --- source:3.3.0:jar-no-fork (attach-sources) @ app-erp-sales ---
[INFO] 
[INFO] --- install:3.1.1:install (default-install) @ app-erp-sales ---
[INFO] Installing /Users/abc/app/nop-app-erp/module-sales/pom.xml to /Users/abc/.m2/repository/io/nop/app/app-erp-sales/1.0-SNAPSHOT/app-erp-sales-1.0-SNAPSHOT.pom
[INFO] 
[INFO] ------------------< io.nop.app:app-erp-sales-codegen >------------------
[INFO] Building app-erp-sales-codegen 1.0-SNAPSHOT                     [39/156]
[INFO]   from module-sales/erp-sal-codegen/pom.xml
[INFO] --------------------------------[ jar ]---------------------------------
[INFO] 
[INFO] --- clean:3.4.0:clean (default-clean) @ app-erp-sales-codegen ---
[INFO] Deleting /Users/abc/app/nop-app-erp/module-sales/erp-sal-codegen/target
[INFO] 
[INFO] --- enforcer:3.0.0-M2:enforce (enforce-no-duplicate-dependencies) @ app-erp-sales-codegen ---
[INFO] 
[INFO] --- jacoco:0.8.14:prepare-agent (default-prepare-agent) @ app-erp-sales-codegen ---
[INFO] jacocoArgLine set to -javaagent:/Users/abc/.m2/repository/org/jacoco/org.jacoco.agent/0.8.14/org.jacoco.agent-0.8.14-runtime.jar=destfile=/Users/abc/app/nop-app-erp/module-sales/erp-sal-codegen/target/jacoco.exec,excludes=**/_gen/**:**/_*.java:**/_*.xml:**/*Errors.*:**/*Configs.*:**/*Constants*:**/parse/antlr/**
[INFO] 
[INFO] --- exec:3.0.0:java (precompile) @ app-erp-sales-codegen ---
SLF4J: Failed to load class "org.slf4j.impl.StaticLoggerBinder".
SLF4J: Defaulting to no-operation (NOP) logger implementation
SLF4J: See http://www.slf4j.org/codes.html#StaticLoggerBinder for further details.
nop.skip-codegen-when-tpl-dir-is-empty:/Users/abc/app/nop-app-erp/module-sales/erp-sal-codegen/precompile
[INFO] 
[INFO] --- exec:3.0.0:java (precompile2) @ app-erp-sales-codegen ---
SLF4J: Failed to load class "org.slf4j.impl.StaticLoggerBinder".
SLF4J: Defaulting to no-operation (NOP) logger implementation
SLF4J: See http://www.slf4j.org/codes.html#StaticLoggerBinder for further details.
nop.skip-codegen-when-tpl-dir-is-empty:/Users/abc/app/nop-app-erp/module-sales/erp-sal-codegen/precompile2
[INFO] 
[INFO] --- resources:3.3.1:resources (default-resources) @ app-erp-sales-codegen ---
[INFO] skip non existing resourceDirectory /Users/abc/app/nop-app-erp/module-sales/erp-sal-codegen/src/main/resources
[INFO] 
[INFO] --- compiler:3.11.0:compile (default-compile) @ app-erp-sales-codegen ---
[INFO] No sources to compile
[INFO] 
[INFO] --- exec:3.0.0:java (aop) @ app-erp-sales-codegen ---
SLF4J: Failed to load class "org.slf4j.impl.StaticLoggerBinder".
SLF4J: Defaulting to no-operation (NOP) logger implementation
SLF4J: See http://www.slf4j.org/codes.html#StaticLoggerBinder for further details.
nop.gen-aop-proxy
[INFO] 
[INFO] --- exec:3.0.0:java (postcompile) @ app-erp-sales-codegen ---
SLF4J: Failed to load class "org.slf4j.impl.StaticLoggerBinder".
SLF4J: Defaulting to no-operation (NOP) logger implementation
SLF4J: See http://www.slf4j.org/codes.html#StaticLoggerBinder for further details.
projectDir=/Users/abc/app/nop-app-erp/module-sales/erp-sal-codegen,dryRun=false,tplRoot=postcompile
end
[INFO] 
[INFO] --- resources:3.3.1:testResources (default-testResources) @ app-erp-sales-codegen ---
[INFO] skip non existing resourceDirectory /Users/abc/app/nop-app-erp/module-sales/erp-sal-codegen/src/test/resources
[INFO] 
[INFO] --- compiler:3.11.0:testCompile (default-testCompile) @ app-erp-sales-codegen ---
[INFO] Changes detected - recompiling the module! :source
[INFO] Compiling 1 source file with javac [debug release 17] to target/test-classes
[INFO] 
[INFO] --- surefire:3.2.2:test (default-test) @ app-erp-sales-codegen ---
[INFO] Tests are skipped.
[INFO] 
[INFO] --- jar:3.3.0:jar (default-jar) @ app-erp-sales-codegen ---
[WARNING] JAR will be empty - no content was marked for inclusion!
[INFO] Building jar: /Users/abc/app/nop-app-erp/module-sales/erp-sal-codegen/target/app-erp-sales-codegen-1.0-SNAPSHOT.jar
[INFO] 
[INFO] --- source:3.3.0:jar-no-fork (attach-sources) @ app-erp-sales-codegen ---
[INFO] No sources in project. Archive not created.
[INFO] 
[INFO] --- install:3.1.1:install (default-install) @ app-erp-sales-codegen ---
[INFO] Installing /Users/abc/app/nop-app-erp/module-sales/erp-sal-codegen/pom.xml to /Users/abc/.m2/repository/io/nop/app/app-erp-sales-codegen/1.0-SNAPSHOT/app-erp-sales-codegen-1.0-SNAPSHOT.pom
[INFO] Installing /Users/abc/app/nop-app-erp/module-sales/erp-sal-codegen/target/app-erp-sales-codegen-1.0-SNAPSHOT.jar to /Users/abc/.m2/repository/io/nop/app/app-erp-sales-codegen/1.0-SNAPSHOT/app-erp-sales-codegen-1.0-SNAPSHOT.jar
[INFO] 
[INFO] --------------------< io.nop.app:app-erp-sales-dao >--------------------
[INFO] Building app-erp-sales-dao 1.0-SNAPSHOT                         [40/156]
[INFO]   from module-sales/erp-sal-dao/pom.xml
[INFO] --------------------------------[ jar ]---------------------------------
[INFO] 
[INFO] --- clean:3.4.0:clean (default-clean) @ app-erp-sales-dao ---
[INFO] Deleting /Users/abc/app/nop-app-erp/module-sales/erp-sal-dao/target
[INFO] 
[INFO] --- enforcer:3.0.0-M2:enforce (enforce-no-duplicate-dependencies) @ app-erp-sales-dao ---
[INFO] 
[INFO] --- jacoco:0.8.14:prepare-agent (default-prepare-agent) @ app-erp-sales-dao ---
[INFO] jacocoArgLine set to -javaagent:/Users/abc/.m2/repository/org/jacoco/org.jacoco.agent/0.8.14/org.jacoco.agent-0.8.14-runtime.jar=destfile=/Users/abc/app/nop-app-erp/module-sales/erp-sal-dao/target/jacoco.exec,excludes=**/_gen/**:**/_*.java:**/_*.xml:**/*Errors.*:**/*Configs.*:**/*Constants*:**/parse/antlr/**
[INFO] 
[INFO] --- resources:3.3.1:resources (default-resources) @ app-erp-sales-dao ---
[INFO] Copying 4 resources from src/main/resources to target/classes
[INFO] 
[INFO] --- compiler:3.11.0:compile (default-compile) @ app-erp-sales-dao ---
[INFO] Changes detected - recompiling the module! :dependency
[INFO] Compiling 53 source files with javac [debug release 17] to target/classes
[INFO] 
[INFO] --- resources:3.3.1:testResources (default-testResources) @ app-erp-sales-dao ---
[INFO] skip non existing resourceDirectory /Users/abc/app/nop-app-erp/module-sales/erp-sal-dao/src/test/resources
[INFO] 
[INFO] --- compiler:3.11.0:testCompile (default-testCompile) @ app-erp-sales-dao ---
[INFO] No sources to compile
[INFO] 
[INFO] --- surefire:3.2.2:test (default-test) @ app-erp-sales-dao ---
[INFO] Tests are skipped.
[INFO] 
[INFO] --- jar:3.3.0:jar (default-jar) @ app-erp-sales-dao ---
[INFO] Building jar: /Users/abc/app/nop-app-erp/module-sales/erp-sal-dao/target/app-erp-sales-dao-1.0-SNAPSHOT.jar
[INFO] 
[INFO] --- source:3.3.0:jar-no-fork (attach-sources) @ app-erp-sales-dao ---
[INFO] Building jar: /Users/abc/app/nop-app-erp/module-sales/erp-sal-dao/target/app-erp-sales-dao-1.0-SNAPSHOT-sources.jar
[INFO] 
[INFO] --- install:3.1.1:install (default-install) @ app-erp-sales-dao ---
[INFO] Installing /Users/abc/app/nop-app-erp/module-sales/erp-sal-dao/pom.xml to /Users/abc/.m2/repository/io/nop/app/app-erp-sales-dao/1.0-SNAPSHOT/app-erp-sales-dao-1.0-SNAPSHOT.pom
[INFO] Installing /Users/abc/app/nop-app-erp/module-sales/erp-sal-dao/target/app-erp-sales-dao-1.0-SNAPSHOT.jar to /Users/abc/.m2/repository/io/nop/app/app-erp-sales-dao/1.0-SNAPSHOT/app-erp-sales-dao-1.0-SNAPSHOT.jar
[INFO] Installing /Users/abc/app/nop-app-erp/module-sales/erp-sal-dao/target/app-erp-sales-dao-1.0-SNAPSHOT-sources.jar to /Users/abc/.m2/repository/io/nop/app/app-erp-sales-dao/1.0-SNAPSHOT/app-erp-sales-dao-1.0-SNAPSHOT-sources.jar
[INFO] 
[INFO] -------------------< io.nop.app:app-erp-notify-meta >-------------------
[INFO] Building app-erp-notify-meta 1.0-SNAPSHOT                       [41/156]
[INFO]   from module-notify/erp-notify-meta/pom.xml
[INFO] --------------------------------[ jar ]---------------------------------
[INFO] 
[INFO] --- clean:3.4.0:clean (default-clean) @ app-erp-notify-meta ---
[INFO] Deleting /Users/abc/app/nop-app-erp/module-notify/erp-notify-meta/target
[INFO] 
[INFO] --- enforcer:3.0.0-M2:enforce (enforce-no-duplicate-dependencies) @ app-erp-notify-meta ---
[INFO] 
[INFO] --- jacoco:0.8.14:prepare-agent (default-prepare-agent) @ app-erp-notify-meta ---
[INFO] jacocoArgLine set to -javaagent:/Users/abc/.m2/repository/org/jacoco/org.jacoco.agent/0.8.14/org.jacoco.agent-0.8.14-runtime.jar=destfile=/Users/abc/app/nop-app-erp/module-notify/erp-notify-meta/target/jacoco.exec,excludes=**/_gen/**:**/_*.java:**/_*.xml:**/*Errors.*:**/*Configs.*:**/*Constants*:**/parse/antlr/**
[INFO] 
[INFO] --- exec:3.0.0:java (precompile) @ app-erp-notify-meta ---
SLF4J: Failed to load class "org.slf4j.impl.StaticLoggerBinder".
SLF4J: Defaulting to no-operation (NOP) logger implementation
SLF4J: See http://www.slf4j.org/codes.html#StaticLoggerBinder for further details.
projectDir=/Users/abc/app/nop-app-erp/module-notify/erp-notify-meta,dryRun=false,tplRoot=precompile
end
[INFO] 
[INFO] --- exec:3.0.0:java (precompile2) @ app-erp-notify-meta ---
SLF4J: Failed to load class "org.slf4j.impl.StaticLoggerBinder".
SLF4J: Defaulting to no-operation (NOP) logger implementation
SLF4J: See http://www.slf4j.org/codes.html#StaticLoggerBinder for further details.
nop.skip-codegen-when-tpl-dir-is-empty:/Users/abc/app/nop-app-erp/module-notify/erp-notify-meta/precompile2
[INFO] 
[INFO] --- resources:3.3.1:resources (default-resources) @ app-erp-notify-meta ---
[INFO] Copying 18 resources from src/main/resources to target/classes
[INFO] 
[INFO] --- compiler:3.11.0:compile (default-compile) @ app-erp-notify-meta ---
[INFO] No sources to compile
[INFO] 
[INFO] --- exec:3.0.0:java (aop) @ app-erp-notify-meta ---
SLF4J: Failed to load class "org.slf4j.impl.StaticLoggerBinder".
SLF4J: Defaulting to no-operation (NOP) logger implementation
SLF4J: See http://www.slf4j.org/codes.html#StaticLoggerBinder for further details.
nop.gen-aop-proxy
[INFO] 
[INFO] --- exec:3.0.0:java (postcompile) @ app-erp-notify-meta ---
SLF4J: Failed to load class "org.slf4j.impl.StaticLoggerBinder".
SLF4J: Defaulting to no-operation (NOP) logger implementation
SLF4J: See http://www.slf4j.org/codes.html#StaticLoggerBinder for further details.
projectDir=/Users/abc/app/nop-app-erp/module-notify/erp-notify-meta,dryRun=false,tplRoot=postcompile
end
[INFO] 
[INFO] --- resources:3.3.1:testResources (default-testResources) @ app-erp-notify-meta ---
[INFO] skip non existing resourceDirectory /Users/abc/app/nop-app-erp/module-notify/erp-notify-meta/src/test/resources
[INFO] 
[INFO] --- compiler:3.11.0:testCompile (default-testCompile) @ app-erp-notify-meta ---
[INFO] No sources to compile
[INFO] 
[INFO] --- surefire:3.2.2:test (default-test) @ app-erp-notify-meta ---
[INFO] Tests are skipped.
[INFO] 
[INFO] --- jar:3.3.0:jar (default-jar) @ app-erp-notify-meta ---
[INFO] Building jar: /Users/abc/app/nop-app-erp/module-notify/erp-notify-meta/target/app-erp-notify-meta-1.0-SNAPSHOT.jar
[INFO] 
[INFO] --- source:3.3.0:jar-no-fork (attach-sources) @ app-erp-notify-meta ---
[INFO] Building jar: /Users/abc/app/nop-app-erp/module-notify/erp-notify-meta/target/app-erp-notify-meta-1.0-SNAPSHOT-sources.jar
[INFO] 
[INFO] --- install:3.1.1:install (default-install) @ app-erp-notify-meta ---
[INFO] Installing /Users/abc/app/nop-app-erp/module-notify/erp-notify-meta/pom.xml to /Users/abc/.m2/repository/io/nop/app/app-erp-notify-meta/1.0-SNAPSHOT/app-erp-notify-meta-1.0-SNAPSHOT.pom
[INFO] Installing /Users/abc/app/nop-app-erp/module-notify/erp-notify-meta/target/app-erp-notify-meta-1.0-SNAPSHOT.jar to /Users/abc/.m2/repository/io/nop/app/app-erp-notify-meta/1.0-SNAPSHOT/app-erp-notify-meta-1.0-SNAPSHOT.jar
[INFO] Installing /Users/abc/app/nop-app-erp/module-notify/erp-notify-meta/target/app-erp-notify-meta-1.0-SNAPSHOT-sources.jar to /Users/abc/.m2/repository/io/nop/app/app-erp-notify-meta/1.0-SNAPSHOT/app-erp-notify-meta-1.0-SNAPSHOT-sources.jar
[INFO] 
[INFO] -----------------< io.nop.app:app-erp-notify-service >------------------
[INFO] Building app-erp-notify-service 1.0-SNAPSHOT                    [42/156]
[INFO]   from module-notify/erp-notify-service/pom.xml
[INFO] --------------------------------[ jar ]---------------------------------
[INFO] 
[INFO] --- clean:3.4.0:clean (default-clean) @ app-erp-notify-service ---
[INFO] Deleting /Users/abc/app/nop-app-erp/module-notify/erp-notify-service/target
[INFO] 
[INFO] --- enforcer:3.0.0-M2:enforce (enforce-no-duplicate-dependencies) @ app-erp-notify-service ---
[INFO] 
[INFO] --- jacoco:0.8.14:prepare-agent (default-prepare-agent) @ app-erp-notify-service ---
[INFO] jacocoArgLine set to -javaagent:/Users/abc/.m2/repository/org/jacoco/org.jacoco.agent/0.8.14/org.jacoco.agent-0.8.14-runtime.jar=destfile=/Users/abc/app/nop-app-erp/module-notify/erp-notify-service/target/jacoco.exec,excludes=**/_gen/**:**/_*.java:**/_*.xml:**/*Errors.*:**/*Configs.*:**/*Constants*:**/parse/antlr/**
[INFO] 
[INFO] --- exec:3.0.0:java (precompile) @ app-erp-notify-service ---
SLF4J: Failed to load class "org.slf4j.impl.StaticLoggerBinder".
SLF4J: Defaulting to no-operation (NOP) logger implementation
SLF4J: See http://www.slf4j.org/codes.html#StaticLoggerBinder for further details.
nop.skip-codegen-when-tpl-dir-is-empty:/Users/abc/app/nop-app-erp/module-notify/erp-notify-service/precompile
[INFO] 
[INFO] --- exec:3.0.0:java (precompile2) @ app-erp-notify-service ---
SLF4J: Failed to load class "org.slf4j.impl.StaticLoggerBinder".
SLF4J: Defaulting to no-operation (NOP) logger implementation
SLF4J: See http://www.slf4j.org/codes.html#StaticLoggerBinder for further details.
nop.skip-codegen-when-tpl-dir-is-empty:/Users/abc/app/nop-app-erp/module-notify/erp-notify-service/precompile2
[INFO] 
[INFO] --- resources:3.3.1:resources (default-resources) @ app-erp-notify-service ---
[INFO] Copying 10 resources from src/main/resources to target/classes
[INFO] 
[INFO] --- compiler:3.11.0:compile (default-compile) @ app-erp-notify-service ---
[INFO] Changes detected - recompiling the module! :dependency
[INFO] Compiling 15 source files with javac [debug release 17] to target/classes
[INFO] 
[INFO] --- exec:3.0.0:java (aop) @ app-erp-notify-service ---
SLF4J: Failed to load class "org.slf4j.impl.StaticLoggerBinder".
SLF4J: Defaulting to no-operation (NOP) logger implementation
SLF4J: See http://www.slf4j.org/codes.html#StaticLoggerBinder for further details.
nop.gen-aop-proxy
[INFO] 
[INFO] --- exec:3.0.0:java (postcompile) @ app-erp-notify-service ---
SLF4J: Failed to load class "org.slf4j.impl.StaticLoggerBinder".
SLF4J: Defaulting to no-operation (NOP) logger implementation
SLF4J: See http://www.slf4j.org/codes.html#StaticLoggerBinder for further details.
nop.skip-codegen-when-tpl-dir-is-empty:/Users/abc/app/nop-app-erp/module-notify/erp-notify-service/postcompile
[INFO] 
[INFO] --- resources:3.3.1:testResources (default-testResources) @ app-erp-notify-service ---
[INFO] Copying 2 resources from src/test/resources to target/test-classes
[INFO] 
[INFO] --- compiler:3.11.0:testCompile (default-testCompile) @ app-erp-notify-service ---
[INFO] Changes detected - recompiling the module! :dependency
[INFO] Compiling 6 source files with javac [debug release 17] to target/test-classes
[INFO] 
[INFO] --- surefire:3.2.2:test (default-test) @ app-erp-notify-service ---
[INFO] Tests are skipped.
[INFO] 
[INFO] --- jar:3.3.0:jar (default-jar) @ app-erp-notify-service ---
[INFO] Building jar: /Users/abc/app/nop-app-erp/module-notify/erp-notify-service/target/app-erp-notify-service-1.0-SNAPSHOT.jar
[INFO] 
[INFO] --- source:3.3.0:jar-no-fork (attach-sources) @ app-erp-notify-service ---
[INFO] Building jar: /Users/abc/app/nop-app-erp/module-notify/erp-notify-service/target/app-erp-notify-service-1.0-SNAPSHOT-sources.jar
[INFO] 
[INFO] --- install:3.1.1:install (default-install) @ app-erp-notify-service ---
[INFO] Installing /Users/abc/app/nop-app-erp/module-notify/erp-notify-service/pom.xml to /Users/abc/.m2/repository/io/nop/app/app-erp-notify-service/1.0-SNAPSHOT/app-erp-notify-service-1.0-SNAPSHOT.pom
[INFO] Installing /Users/abc/app/nop-app-erp/module-notify/erp-notify-service/target/app-erp-notify-service-1.0-SNAPSHOT.jar to /Users/abc/.m2/repository/io/nop/app/app-erp-notify-service/1.0-SNAPSHOT/app-erp-notify-service-1.0-SNAPSHOT.jar
[INFO] Installing /Users/abc/app/nop-app-erp/module-notify/erp-notify-service/target/app-erp-notify-service-1.0-SNAPSHOT-sources.jar to /Users/abc/.m2/repository/io/nop/app/app-erp-notify-service/1.0-SNAPSHOT/app-erp-notify-service-1.0-SNAPSHOT-sources.jar
[INFO] 
[INFO] -----------------< io.nop.app:app-erp-finance-service >-----------------
[INFO] Building app-erp-finance-service 1.0-SNAPSHOT                   [43/156]
[INFO]   from module-finance/erp-fin-service/pom.xml
[INFO] --------------------------------[ jar ]---------------------------------
[INFO] 
[INFO] --- clean:3.4.0:clean (default-clean) @ app-erp-finance-service ---
[INFO] Deleting /Users/abc/app/nop-app-erp/module-finance/erp-fin-service/target
[INFO] 
[INFO] --- enforcer:3.0.0-M2:enforce (enforce-no-duplicate-dependencies) @ app-erp-finance-service ---
[INFO] 
[INFO] --- jacoco:0.8.14:prepare-agent (default-prepare-agent) @ app-erp-finance-service ---
[INFO] jacocoArgLine set to -javaagent:/Users/abc/.m2/repository/org/jacoco/org.jacoco.agent/0.8.14/org.jacoco.agent-0.8.14-runtime.jar=destfile=/Users/abc/app/nop-app-erp/module-finance/erp-fin-service/target/jacoco.exec,excludes=**/_gen/**:**/_*.java:**/_*.xml:**/*Errors.*:**/*Configs.*:**/*Constants*:**/parse/antlr/**
[INFO] 
[INFO] --- exec:3.0.0:java (precompile) @ app-erp-finance-service ---
SLF4J: Failed to load class "org.slf4j.impl.StaticLoggerBinder".
SLF4J: Defaulting to no-operation (NOP) logger implementation
SLF4J: See http://www.slf4j.org/codes.html#StaticLoggerBinder for further details.
nop.skip-codegen-when-tpl-dir-is-empty:/Users/abc/app/nop-app-erp/module-finance/erp-fin-service/precompile
[INFO] 
[INFO] --- exec:3.0.0:java (precompile2) @ app-erp-finance-service ---
SLF4J: Failed to load class "org.slf4j.impl.StaticLoggerBinder".
SLF4J: Defaulting to no-operation (NOP) logger implementation
SLF4J: See http://www.slf4j.org/codes.html#StaticLoggerBinder for further details.
nop.skip-codegen-when-tpl-dir-is-empty:/Users/abc/app/nop-app-erp/module-finance/erp-fin-service/precompile2
[INFO] 
[INFO] --- resources:3.3.1:resources (default-resources) @ app-erp-finance-service ---
[INFO] Copying 92 resources from src/main/resources to target/classes
[INFO] 
[INFO] --- compiler:3.11.0:compile (default-compile) @ app-erp-finance-service ---
[INFO] Changes detected - recompiling the module! :dependency
[INFO] Compiling 195 source files with javac [debug release 17] to target/classes
[INFO] 
[INFO] --- exec:3.0.0:java (aop) @ app-erp-finance-service ---
SLF4J: Failed to load class "org.slf4j.impl.StaticLoggerBinder".
SLF4J: Defaulting to no-operation (NOP) logger implementation
SLF4J: See http://www.slf4j.org/codes.html#StaticLoggerBinder for further details.
nop.gen-aop-proxy
[INFO] 
[INFO] --- exec:3.0.0:java (postcompile) @ app-erp-finance-service ---
SLF4J: Failed to load class "org.slf4j.impl.StaticLoggerBinder".
SLF4J: Defaulting to no-operation (NOP) logger implementation
SLF4J: See http://www.slf4j.org/codes.html#StaticLoggerBinder for further details.
nop.skip-codegen-when-tpl-dir-is-empty:/Users/abc/app/nop-app-erp/module-finance/erp-fin-service/postcompile
[INFO] 
[INFO] --- resources:3.3.1:testResources (default-testResources) @ app-erp-finance-service ---
[INFO] Copying 17 resources from src/test/resources to target/test-classes
[INFO] 
[INFO] --- compiler:3.11.0:testCompile (default-testCompile) @ app-erp-finance-service ---
[INFO] Changes detected - recompiling the module! :dependency
[INFO] Compiling 107 source files with javac [debug release 17] to target/test-classes
[INFO] 
[INFO] --- surefire:3.2.2:test (default-test) @ app-erp-finance-service ---
[INFO] Tests are skipped.
[INFO] 
[INFO] --- jar:3.3.0:jar (default-jar) @ app-erp-finance-service ---
[INFO] Building jar: /Users/abc/app/nop-app-erp/module-finance/erp-fin-service/target/app-erp-finance-service-1.0-SNAPSHOT.jar
[INFO] 
[INFO] --- source:3.3.0:jar-no-fork (attach-sources) @ app-erp-finance-service ---
[INFO] Building jar: /Users/abc/app/nop-app-erp/module-finance/erp-fin-service/target/app-erp-finance-service-1.0-SNAPSHOT-sources.jar
[INFO] 
[INFO] --- install:3.1.1:install (default-install) @ app-erp-finance-service ---
[INFO] Installing /Users/abc/app/nop-app-erp/module-finance/erp-fin-service/pom.xml to /Users/abc/.m2/repository/io/nop/app/app-erp-finance-service/1.0-SNAPSHOT/app-erp-finance-service-1.0-SNAPSHOT.pom
[INFO] Installing /Users/abc/app/nop-app-erp/module-finance/erp-fin-service/target/app-erp-finance-service-1.0-SNAPSHOT.jar to /Users/abc/.m2/repository/io/nop/app/app-erp-finance-service/1.0-SNAPSHOT/app-erp-finance-service-1.0-SNAPSHOT.jar
[INFO] Installing /Users/abc/app/nop-app-erp/module-finance/erp-fin-service/target/app-erp-finance-service-1.0-SNAPSHOT-sources.jar to /Users/abc/.m2/repository/io/nop/app/app-erp-finance-service/1.0-SNAPSHOT/app-erp-finance-service-1.0-SNAPSHOT-sources.jar
[INFO] 
[INFO] ----------------< io.nop.app:app-erp-inventory-service >----------------
[INFO] Building app-erp-inventory-service 1.0-SNAPSHOT                 [44/156]
[INFO]   from module-inventory/erp-inv-service/pom.xml
[INFO] --------------------------------[ jar ]---------------------------------
[INFO] 
[INFO] --- clean:3.4.0:clean (default-clean) @ app-erp-inventory-service ---
[INFO] Deleting /Users/abc/app/nop-app-erp/module-inventory/erp-inv-service/target
[INFO] 
[INFO] --- enforcer:3.0.0-M2:enforce (enforce-no-duplicate-dependencies) @ app-erp-inventory-service ---
[INFO] 
[INFO] --- jacoco:0.8.14:prepare-agent (default-prepare-agent) @ app-erp-inventory-service ---
[INFO] jacocoArgLine set to -javaagent:/Users/abc/.m2/repository/org/jacoco/org.jacoco.agent/0.8.14/org.jacoco.agent-0.8.14-runtime.jar=destfile=/Users/abc/app/nop-app-erp/module-inventory/erp-inv-service/target/jacoco.exec,excludes=**/_gen/**:**/_*.java:**/_*.xml:**/*Errors.*:**/*Configs.*:**/*Constants*:**/parse/antlr/**
[INFO] 
[INFO] --- exec:3.0.0:java (precompile) @ app-erp-inventory-service ---
SLF4J: Failed to load class "org.slf4j.impl.StaticLoggerBinder".
SLF4J: Defaulting to no-operation (NOP) logger implementation
SLF4J: See http://www.slf4j.org/codes.html#StaticLoggerBinder for further details.
nop.skip-codegen-when-tpl-dir-is-empty:/Users/abc/app/nop-app-erp/module-inventory/erp-inv-service/precompile
[INFO] 
[INFO] --- exec:3.0.0:java (precompile2) @ app-erp-inventory-service ---
SLF4J: Failed to load class "org.slf4j.impl.StaticLoggerBinder".
SLF4J: Defaulting to no-operation (NOP) logger implementation
SLF4J: See http://www.slf4j.org/codes.html#StaticLoggerBinder for further details.
nop.skip-codegen-when-tpl-dir-is-empty:/Users/abc/app/nop-app-erp/module-inventory/erp-inv-service/precompile2
[INFO] 
[INFO] --- resources:3.3.1:resources (default-resources) @ app-erp-inventory-service ---
[INFO] Copying 48 resources from src/main/resources to target/classes
[INFO] 
[INFO] --- compiler:3.11.0:compile (default-compile) @ app-erp-inventory-service ---
[INFO] Changes detected - recompiling the module! :dependency
[INFO] Compiling 85 source files with javac [debug release 17] to target/classes
[INFO] /Users/abc/app/nop-app-erp/module-inventory/erp-inv-service/src/main/java/app/erp/inv/service/processor/ErpInvOwnershipTransferProcessor.java: 某些输入文件使用或覆盖了已过时的 API。
[INFO] /Users/abc/app/nop-app-erp/module-inventory/erp-inv-service/src/main/java/app/erp/inv/service/processor/ErpInvOwnershipTransferProcessor.java: 有关详细信息, 请使用 -Xlint:deprecation 重新编译。
[INFO] 
[INFO] --- exec:3.0.0:java (aop) @ app-erp-inventory-service ---
SLF4J: Failed to load class "org.slf4j.impl.StaticLoggerBinder".
SLF4J: Defaulting to no-operation (NOP) logger implementation
SLF4J: See http://www.slf4j.org/codes.html#StaticLoggerBinder for further details.
nop.gen-aop-proxy
[INFO] 
[INFO] --- exec:3.0.0:java (postcompile) @ app-erp-inventory-service ---
SLF4J: Failed to load class "org.slf4j.impl.StaticLoggerBinder".
SLF4J: Defaulting to no-operation (NOP) logger implementation
SLF4J: See http://www.slf4j.org/codes.html#StaticLoggerBinder for further details.
nop.skip-codegen-when-tpl-dir-is-empty:/Users/abc/app/nop-app-erp/module-inventory/erp-inv-service/postcompile
[INFO] 
[INFO] --- resources:3.3.1:testResources (default-testResources) @ app-erp-inventory-service ---
[INFO] skip non existing resourceDirectory /Users/abc/app/nop-app-erp/module-inventory/erp-inv-service/src/test/resources
[INFO] 
[INFO] --- compiler:3.11.0:testCompile (default-testCompile) @ app-erp-inventory-service ---
[INFO] Changes detected - recompiling the module! :dependency
[INFO] Compiling 44 source files with javac [debug release 17] to target/test-classes
[INFO] 
[INFO] --- surefire:3.2.2:test (default-test) @ app-erp-inventory-service ---
[INFO] Tests are skipped.
[INFO] 
[INFO] --- jar:3.3.0:jar (default-jar) @ app-erp-inventory-service ---
[INFO] Building jar: /Users/abc/app/nop-app-erp/module-inventory/erp-inv-service/target/app-erp-inventory-service-1.0-SNAPSHOT.jar
[INFO] 
[INFO] --- source:3.3.0:jar-no-fork (attach-sources) @ app-erp-inventory-service ---
[INFO] Building jar: /Users/abc/app/nop-app-erp/module-inventory/erp-inv-service/target/app-erp-inventory-service-1.0-SNAPSHOT-sources.jar
[INFO] 
[INFO] --- install:3.1.1:install (default-install) @ app-erp-inventory-service ---
[INFO] Installing /Users/abc/app/nop-app-erp/module-inventory/erp-inv-service/pom.xml to /Users/abc/.m2/repository/io/nop/app/app-erp-inventory-service/1.0-SNAPSHOT/app-erp-inventory-service-1.0-SNAPSHOT.pom
[INFO] Installing /Users/abc/app/nop-app-erp/module-inventory/erp-inv-service/target/app-erp-inventory-service-1.0-SNAPSHOT.jar to /Users/abc/.m2/repository/io/nop/app/app-erp-inventory-service/1.0-SNAPSHOT/app-erp-inventory-service-1.0-SNAPSHOT.jar
[INFO] Installing /Users/abc/app/nop-app-erp/module-inventory/erp-inv-service/target/app-erp-inventory-service-1.0-SNAPSHOT-sources.jar to /Users/abc/.m2/repository/io/nop/app/app-erp-inventory-service/1.0-SNAPSHOT/app-erp-inventory-service-1.0-SNAPSHOT-sources.jar
[INFO] 
[INFO] ------------------< io.nop.app:app-erp-inventory-web >------------------
[INFO] Building app-erp-inventory-web 1.0-SNAPSHOT                     [45/156]
[INFO]   from module-inventory/erp-inv-web/pom.xml
[INFO] --------------------------------[ jar ]---------------------------------
[INFO] 
[INFO] --- clean:3.4.0:clean (default-clean) @ app-erp-inventory-web ---
[INFO] Deleting /Users/abc/app/nop-app-erp/module-inventory/erp-inv-web/target
[INFO] 
[INFO] --- enforcer:3.0.0-M2:enforce (enforce-no-duplicate-dependencies) @ app-erp-inventory-web ---
[INFO] 
[INFO] --- jacoco:0.8.14:prepare-agent (default-prepare-agent) @ app-erp-inventory-web ---
[INFO] jacocoArgLine set to -javaagent:/Users/abc/.m2/repository/org/jacoco/org.jacoco.agent/0.8.14/org.jacoco.agent-0.8.14-runtime.jar=destfile=/Users/abc/app/nop-app-erp/module-inventory/erp-inv-web/target/jacoco.exec,excludes=**/_gen/**:**/_*.java:**/_*.xml:**/*Errors.*:**/*Configs.*:**/*Constants*:**/parse/antlr/**
[INFO] 
[INFO] --- exec:3.0.0:java (precompile) @ app-erp-inventory-web ---
SLF4J: Failed to load class "org.slf4j.impl.StaticLoggerBinder".
SLF4J: Defaulting to no-operation (NOP) logger implementation
SLF4J: See http://www.slf4j.org/codes.html#StaticLoggerBinder for further details.
projectDir=/Users/abc/app/nop-app-erp/module-inventory/erp-inv-web,dryRun=false,tplRoot=precompile
end
[INFO] 
[INFO] --- exec:3.0.0:java (precompile2) @ app-erp-inventory-web ---
SLF4J: Failed to load class "org.slf4j.impl.StaticLoggerBinder".
SLF4J: Defaulting to no-operation (NOP) logger implementation
SLF4J: See http://www.slf4j.org/codes.html#StaticLoggerBinder for further details.
projectDir=/Users/abc/app/nop-app-erp/module-inventory/erp-inv-web,dryRun=false,tplRoot=precompile2
end
[INFO] 
[INFO] --- resources:3.3.1:resources (default-resources) @ app-erp-inventory-web ---
[INFO] Copying 115 resources from src/main/resources to target/classes
[INFO] 
[INFO] --- compiler:3.11.0:compile (default-compile) @ app-erp-inventory-web ---
[INFO] No sources to compile
[INFO] 
[INFO] --- exec:3.0.0:java (aop) @ app-erp-inventory-web ---
SLF4J: Failed to load class "org.slf4j.impl.StaticLoggerBinder".
SLF4J: Defaulting to no-operation (NOP) logger implementation
SLF4J: See http://www.slf4j.org/codes.html#StaticLoggerBinder for further details.
nop.gen-aop-proxy
[INFO] 
[INFO] --- exec:3.0.0:java (postcompile) @ app-erp-inventory-web ---
SLF4J: Failed to load class "org.slf4j.impl.StaticLoggerBinder".
SLF4J: Defaulting to no-operation (NOP) logger implementation
SLF4J: See http://www.slf4j.org/codes.html#StaticLoggerBinder for further details.
nop.skip-codegen-when-tpl-dir-is-empty:/Users/abc/app/nop-app-erp/module-inventory/erp-inv-web/postcompile
[INFO] 
[INFO] --- resources:3.3.1:testResources (default-testResources) @ app-erp-inventory-web ---
[INFO] skip non existing resourceDirectory /Users/abc/app/nop-app-erp/module-inventory/erp-inv-web/src/test/resources
[INFO] 
[INFO] --- compiler:3.11.0:testCompile (default-testCompile) @ app-erp-inventory-web ---
[INFO] Changes detected - recompiling the module! :dependency
[INFO] Compiling 2 source files with javac [debug release 17] to target/test-classes
[INFO] 
[INFO] --- surefire:3.2.2:test (default-test) @ app-erp-inventory-web ---
[INFO] Tests are skipped.
[INFO] 
[INFO] --- jar:3.3.0:jar (default-jar) @ app-erp-inventory-web ---
[INFO] Building jar: /Users/abc/app/nop-app-erp/module-inventory/erp-inv-web/target/app-erp-inventory-web-1.0-SNAPSHOT.jar
[INFO] 
[INFO] --- source:3.3.0:jar-no-fork (attach-sources) @ app-erp-inventory-web ---
[INFO] Building jar: /Users/abc/app/nop-app-erp/module-inventory/erp-inv-web/target/app-erp-inventory-web-1.0-SNAPSHOT-sources.jar
[INFO] 
[INFO] --- install:3.1.1:install (default-install) @ app-erp-inventory-web ---
[INFO] Installing /Users/abc/app/nop-app-erp/module-inventory/erp-inv-web/pom.xml to /Users/abc/.m2/repository/io/nop/app/app-erp-inventory-web/1.0-SNAPSHOT/app-erp-inventory-web-1.0-SNAPSHOT.pom
[INFO] Installing /Users/abc/app/nop-app-erp/module-inventory/erp-inv-web/target/app-erp-inventory-web-1.0-SNAPSHOT.jar to /Users/abc/.m2/repository/io/nop/app/app-erp-inventory-web/1.0-SNAPSHOT/app-erp-inventory-web-1.0-SNAPSHOT.jar
[INFO] Installing /Users/abc/app/nop-app-erp/module-inventory/erp-inv-web/target/app-erp-inventory-web-1.0-SNAPSHOT-sources.jar to /Users/abc/.m2/repository/io/nop/app/app-erp-inventory-web/1.0-SNAPSHOT/app-erp-inventory-web-1.0-SNAPSHOT-sources.jar
[INFO] 
[INFO] ------------------< io.nop.app:app-erp-inventory-app >------------------
[INFO] Building app-erp-inventory-app 1.0-SNAPSHOT                     [46/156]
[INFO]   from module-inventory/erp-inv-app/pom.xml
[INFO] --------------------------------[ jar ]---------------------------------
[INFO] 
[INFO] --- clean:3.4.0:clean (default-clean) @ app-erp-inventory-app ---
[INFO] Deleting /Users/abc/app/nop-app-erp/module-inventory/erp-inv-app/target
[INFO] 
[INFO] --- enforcer:3.0.0-M2:enforce (enforce-no-duplicate-dependencies) @ app-erp-inventory-app ---
[INFO] 
[INFO] --- jacoco:0.8.14:prepare-agent (default-prepare-agent) @ app-erp-inventory-app ---
[INFO] jacocoArgLine set to -javaagent:/Users/abc/.m2/repository/org/jacoco/org.jacoco.agent/0.8.14/org.jacoco.agent-0.8.14-runtime.jar=destfile=/Users/abc/app/nop-app-erp/module-inventory/erp-inv-app/target/jacoco.exec,excludes=**/_gen/**:**/_*.java:**/_*.xml:**/*Errors.*:**/*Configs.*:**/*Constants*:**/parse/antlr/**
[INFO] 
[INFO] --- exec:3.0.0:java (precompile) @ app-erp-inventory-app ---
nop.skip-codegen-when-tpl-dir-is-empty:/Users/abc/app/nop-app-erp/module-inventory/erp-inv-app/precompile
[INFO] 
[INFO] --- exec:3.0.0:java (precompile2) @ app-erp-inventory-app ---
nop.skip-codegen-when-tpl-dir-is-empty:/Users/abc/app/nop-app-erp/module-inventory/erp-inv-app/precompile2
[INFO] 
[INFO] --- resources:3.3.1:resources (default-resources) @ app-erp-inventory-app ---
[INFO] Copying 7 resources from src/main/resources to target/classes
[INFO] 
[INFO] --- compiler:3.11.0:compile (default-compile) @ app-erp-inventory-app ---
[INFO] Changes detected - recompiling the module! :dependency
[INFO] Compiling 1 source file with javac [debug release 17] to target/classes
[INFO] 
[INFO] --- exec:3.0.0:java (aop) @ app-erp-inventory-app ---
nop.gen-aop-proxy
[INFO] 
[INFO] --- exec:3.0.0:java (postcompile) @ app-erp-inventory-app ---
nop.skip-codegen-when-tpl-dir-is-empty:/Users/abc/app/nop-app-erp/module-inventory/erp-inv-app/postcompile
[INFO] 
[INFO] --- resources:3.3.1:testResources (default-testResources) @ app-erp-inventory-app ---
[INFO] skip non existing resourceDirectory /Users/abc/app/nop-app-erp/module-inventory/erp-inv-app/src/test/resources
[INFO] 
[INFO] --- compiler:3.11.0:testCompile (default-testCompile) @ app-erp-inventory-app ---
[INFO] No sources to compile
[INFO] 
[INFO] --- surefire:3.0.0-M5:test (default-test) @ app-erp-inventory-app ---
[INFO] Tests are skipped.
[INFO] 
[INFO] --- jar:3.3.0:jar (default-jar) @ app-erp-inventory-app ---
[INFO] Building jar: /Users/abc/app/nop-app-erp/module-inventory/erp-inv-app/target/app-erp-inventory-app-1.0-SNAPSHOT.jar
[INFO] 
[INFO] --- source:3.3.0:jar-no-fork (attach-sources) @ app-erp-inventory-app ---
[INFO] Building jar: /Users/abc/app/nop-app-erp/module-inventory/erp-inv-app/target/app-erp-inventory-app-1.0-SNAPSHOT-sources.jar
[INFO] 
[INFO] --- quarkus:3.35.1:build (default) @ app-erp-inventory-app ---
[WARNING] The Maven extensions for the Quarkus Maven plugin are not enabled for this build. We recommend enabling this, so that the plugin can verify essential build settings have been configured as required. Please enable by adding "<extensions>true</extensions>" in your quarkus-maven-plugin declaration; it should look like:

	<plugin>
		<groupId>${quarkus.platform.group-id}</groupId>
		<artifactId>quarkus-maven-plugin</artifactId>
		<version>${quarkus.platform.version}</version>
		<extensions>true</extensions> <!-- THIS ONE -->
		...

[WARNING] [io.quarkus.config] Unrecognized configuration key "quarkus.http.cors" was provided; it will be ignored; verify that the dependency extension for this configuration is set or that you did not make a typo
[WARNING] [io.quarkus.agroal.deployment.AgroalProcessor] The Agroal dependency is present but no JDBC datasources have been defined.
[INFO] [io.quarkus.deployment.QuarkusAugmentor] Quarkus augmentation completed in 1323ms
[INFO] 
[INFO] --- install:3.1.1:install (default-install) @ app-erp-inventory-app ---
[INFO] Skipping artifact installation
[INFO] 
[INFO] ------------------< io.nop.app:app-erp-purchase-api >-------------------
[INFO] Building app-erp-purchase-api 1.0-SNAPSHOT                      [47/156]
[INFO]   from module-purchase/erp-pur-api/pom.xml
[INFO] --------------------------------[ jar ]---------------------------------
[INFO] 
[INFO] --- clean:3.2.0:clean (default-clean) @ app-erp-purchase-api ---
[INFO] Deleting /Users/abc/app/nop-app-erp/module-purchase/erp-pur-api/target
[INFO] 
[INFO] --- resources:3.3.1:resources (default-resources) @ app-erp-purchase-api ---
[INFO] skip non existing resourceDirectory /Users/abc/app/nop-app-erp/module-purchase/erp-pur-api/src/main/resources
[INFO] 
[INFO] --- compiler:3.13.0:compile (default-compile) @ app-erp-purchase-api ---
[INFO] Recompiling the module because of changed source code.
[INFO] Compiling 60 source files with javac [debug release 11] to target/classes
[INFO] 
[INFO] --- resources:3.3.1:testResources (default-testResources) @ app-erp-purchase-api ---
[INFO] skip non existing resourceDirectory /Users/abc/app/nop-app-erp/module-purchase/erp-pur-api/src/test/resources
[INFO] 
[INFO] --- compiler:3.13.0:testCompile (default-testCompile) @ app-erp-purchase-api ---
[INFO] No sources to compile
[INFO] 
[INFO] --- surefire:3.2.5:test (default-test) @ app-erp-purchase-api ---
[INFO] Tests are skipped.
[INFO] 
[INFO] --- jar:3.4.1:jar (default-jar) @ app-erp-purchase-api ---
[INFO] Building jar: /Users/abc/app/nop-app-erp/module-purchase/erp-pur-api/target/app-erp-purchase-api-1.0-SNAPSHOT.jar
[INFO] 
[INFO] --- install:3.1.2:install (default-install) @ app-erp-purchase-api ---
[INFO] Installing /Users/abc/app/nop-app-erp/module-purchase/erp-pur-api/pom.xml to /Users/abc/.m2/repository/io/nop/app/app-erp-purchase-api/1.0-SNAPSHOT/app-erp-purchase-api-1.0-SNAPSHOT.pom
[INFO] Installing /Users/abc/app/nop-app-erp/module-purchase/erp-pur-api/target/app-erp-purchase-api-1.0-SNAPSHOT.jar to /Users/abc/.m2/repository/io/nop/app/app-erp-purchase-api/1.0-SNAPSHOT/app-erp-purchase-api-1.0-SNAPSHOT.jar
[INFO] 
[INFO] ------------------< io.nop.app:app-erp-purchase-meta >------------------
[INFO] Building app-erp-purchase-meta 1.0-SNAPSHOT                     [48/156]
[INFO]   from module-purchase/erp-pur-meta/pom.xml
[INFO] --------------------------------[ jar ]---------------------------------
[INFO] 
[INFO] --- clean:3.4.0:clean (default-clean) @ app-erp-purchase-meta ---
[INFO] Deleting /Users/abc/app/nop-app-erp/module-purchase/erp-pur-meta/target
[INFO] 
[INFO] --- enforcer:3.0.0-M2:enforce (enforce-no-duplicate-dependencies) @ app-erp-purchase-meta ---
[INFO] 
[INFO] --- jacoco:0.8.14:prepare-agent (default-prepare-agent) @ app-erp-purchase-meta ---
[INFO] jacocoArgLine set to -javaagent:/Users/abc/.m2/repository/org/jacoco/org.jacoco.agent/0.8.14/org.jacoco.agent-0.8.14-runtime.jar=destfile=/Users/abc/app/nop-app-erp/module-purchase/erp-pur-meta/target/jacoco.exec,excludes=**/_gen/**:**/_*.java:**/_*.xml:**/*Errors.*:**/*Configs.*:**/*Constants*:**/parse/antlr/**
[INFO] 
[INFO] --- exec:3.0.0:java (precompile) @ app-erp-purchase-meta ---
SLF4J: Failed to load class "org.slf4j.impl.StaticLoggerBinder".
SLF4J: Defaulting to no-operation (NOP) logger implementation
SLF4J: See http://www.slf4j.org/codes.html#StaticLoggerBinder for further details.
projectDir=/Users/abc/app/nop-app-erp/module-purchase/erp-pur-meta,dryRun=false,tplRoot=precompile
end
[INFO] 
[INFO] --- exec:3.0.0:java (precompile2) @ app-erp-purchase-meta ---
SLF4J: Failed to load class "org.slf4j.impl.StaticLoggerBinder".
SLF4J: Defaulting to no-operation (NOP) logger implementation
SLF4J: See http://www.slf4j.org/codes.html#StaticLoggerBinder for further details.
nop.skip-codegen-when-tpl-dir-is-empty:/Users/abc/app/nop-app-erp/module-purchase/erp-pur-meta/precompile2
[INFO] 
[INFO] --- resources:3.3.1:resources (default-resources) @ app-erp-purchase-meta ---
[INFO] Copying 55 resources from src/main/resources to target/classes
[INFO] 
[INFO] --- compiler:3.11.0:compile (default-compile) @ app-erp-purchase-meta ---
[INFO] No sources to compile
[INFO] 
[INFO] --- exec:3.0.0:java (aop) @ app-erp-purchase-meta ---
SLF4J: Failed to load class "org.slf4j.impl.StaticLoggerBinder".
SLF4J: Defaulting to no-operation (NOP) logger implementation
SLF4J: See http://www.slf4j.org/codes.html#StaticLoggerBinder for further details.
nop.gen-aop-proxy
[INFO] 
[INFO] --- exec:3.0.0:java (postcompile) @ app-erp-purchase-meta ---
SLF4J: Failed to load class "org.slf4j.impl.StaticLoggerBinder".
SLF4J: Defaulting to no-operation (NOP) logger implementation
SLF4J: See http://www.slf4j.org/codes.html#StaticLoggerBinder for further details.
projectDir=/Users/abc/app/nop-app-erp/module-purchase/erp-pur-meta,dryRun=false,tplRoot=postcompile
end
[INFO] 
[INFO] --- resources:3.3.1:testResources (default-testResources) @ app-erp-purchase-meta ---
[INFO] skip non existing resourceDirectory /Users/abc/app/nop-app-erp/module-purchase/erp-pur-meta/src/test/resources
[INFO] 
[INFO] --- compiler:3.11.0:testCompile (default-testCompile) @ app-erp-purchase-meta ---
[INFO] No sources to compile
[INFO] 
[INFO] --- surefire:3.2.2:test (default-test) @ app-erp-purchase-meta ---
[INFO] Tests are skipped.
[INFO] 
[INFO] --- jar:3.3.0:jar (default-jar) @ app-erp-purchase-meta ---
[INFO] Building jar: /Users/abc/app/nop-app-erp/module-purchase/erp-pur-meta/target/app-erp-purchase-meta-1.0-SNAPSHOT.jar
[INFO] 
[INFO] --- source:3.3.0:jar-no-fork (attach-sources) @ app-erp-purchase-meta ---
[INFO] Building jar: /Users/abc/app/nop-app-erp/module-purchase/erp-pur-meta/target/app-erp-purchase-meta-1.0-SNAPSHOT-sources.jar
[INFO] 
[INFO] --- install:3.1.1:install (default-install) @ app-erp-purchase-meta ---
[INFO] Installing /Users/abc/app/nop-app-erp/module-purchase/erp-pur-meta/pom.xml to /Users/abc/.m2/repository/io/nop/app/app-erp-purchase-meta/1.0-SNAPSHOT/app-erp-purchase-meta-1.0-SNAPSHOT.pom
[INFO] Installing /Users/abc/app/nop-app-erp/module-purchase/erp-pur-meta/target/app-erp-purchase-meta-1.0-SNAPSHOT.jar to /Users/abc/.m2/repository/io/nop/app/app-erp-purchase-meta/1.0-SNAPSHOT/app-erp-purchase-meta-1.0-SNAPSHOT.jar
[INFO] Installing /Users/abc/app/nop-app-erp/module-purchase/erp-pur-meta/target/app-erp-purchase-meta-1.0-SNAPSHOT-sources.jar to /Users/abc/.m2/repository/io/nop/app/app-erp-purchase-meta/1.0-SNAPSHOT/app-erp-purchase-meta-1.0-SNAPSHOT-sources.jar
[INFO] 
[INFO] ---------------------< io.nop.app:app-erp-quality >---------------------
[INFO] Building app-erp-quality 1.0-SNAPSHOT                           [49/156]
[INFO]   from module-quality/pom.xml
[INFO] --------------------------------[ pom ]---------------------------------
[INFO] 
[INFO] --- clean:3.4.0:clean (default-clean) @ app-erp-quality ---
[INFO] 
[INFO] --- enforcer:3.0.0-M2:enforce (enforce-no-duplicate-dependencies) @ app-erp-quality ---
[INFO] 
[INFO] --- jacoco:0.8.14:prepare-agent (default-prepare-agent) @ app-erp-quality ---
[INFO] jacocoArgLine set to -javaagent:/Users/abc/.m2/repository/org/jacoco/org.jacoco.agent/0.8.14/org.jacoco.agent-0.8.14-runtime.jar=destfile=/Users/abc/app/nop-app-erp/module-quality/target/jacoco.exec,excludes=**/_gen/**:**/_*.java:**/_*.xml:**/*Errors.*:**/*Configs.*:**/*Constants*:**/parse/antlr/**
[INFO] 
[INFO] --- source:3.3.0:jar-no-fork (attach-sources) @ app-erp-quality ---
[INFO] 
[INFO] --- install:3.1.1:install (default-install) @ app-erp-quality ---
[INFO] Installing /Users/abc/app/nop-app-erp/module-quality/pom.xml to /Users/abc/.m2/repository/io/nop/app/app-erp-quality/1.0-SNAPSHOT/app-erp-quality-1.0-SNAPSHOT.pom
[INFO] 
[INFO] -----------------< io.nop.app:app-erp-quality-codegen >-----------------
[INFO] Building app-erp-quality-codegen 1.0-SNAPSHOT                   [50/156]
[INFO]   from module-quality/erp-qa-codegen/pom.xml
[INFO] --------------------------------[ jar ]---------------------------------
[INFO] 
[INFO] --- clean:3.4.0:clean (default-clean) @ app-erp-quality-codegen ---
[INFO] Deleting /Users/abc/app/nop-app-erp/module-quality/erp-qa-codegen/target
[INFO] 
[INFO] --- enforcer:3.0.0-M2:enforce (enforce-no-duplicate-dependencies) @ app-erp-quality-codegen ---
[INFO] 
[INFO] --- jacoco:0.8.14:prepare-agent (default-prepare-agent) @ app-erp-quality-codegen ---
[INFO] jacocoArgLine set to -javaagent:/Users/abc/.m2/repository/org/jacoco/org.jacoco.agent/0.8.14/org.jacoco.agent-0.8.14-runtime.jar=destfile=/Users/abc/app/nop-app-erp/module-quality/erp-qa-codegen/target/jacoco.exec,excludes=**/_gen/**:**/_*.java:**/_*.xml:**/*Errors.*:**/*Configs.*:**/*Constants*:**/parse/antlr/**
[INFO] 
[INFO] --- exec:3.0.0:java (precompile) @ app-erp-quality-codegen ---
SLF4J: Failed to load class "org.slf4j.impl.StaticLoggerBinder".
SLF4J: Defaulting to no-operation (NOP) logger implementation
SLF4J: See http://www.slf4j.org/codes.html#StaticLoggerBinder for further details.
nop.skip-codegen-when-tpl-dir-is-empty:/Users/abc/app/nop-app-erp/module-quality/erp-qa-codegen/precompile
[INFO] 
[INFO] --- exec:3.0.0:java (precompile2) @ app-erp-quality-codegen ---
SLF4J: Failed to load class "org.slf4j.impl.StaticLoggerBinder".
SLF4J: Defaulting to no-operation (NOP) logger implementation
SLF4J: See http://www.slf4j.org/codes.html#StaticLoggerBinder for further details.
nop.skip-codegen-when-tpl-dir-is-empty:/Users/abc/app/nop-app-erp/module-quality/erp-qa-codegen/precompile2
[INFO] 
[INFO] --- resources:3.3.1:resources (default-resources) @ app-erp-quality-codegen ---
[INFO] skip non existing resourceDirectory /Users/abc/app/nop-app-erp/module-quality/erp-qa-codegen/src/main/resources
[INFO] 
[INFO] --- compiler:3.11.0:compile (default-compile) @ app-erp-quality-codegen ---
[INFO] No sources to compile
[INFO] 
[INFO] --- exec:3.0.0:java (aop) @ app-erp-quality-codegen ---
SLF4J: Failed to load class "org.slf4j.impl.StaticLoggerBinder".
SLF4J: Defaulting to no-operation (NOP) logger implementation
SLF4J: See http://www.slf4j.org/codes.html#StaticLoggerBinder for further details.
nop.gen-aop-proxy
[INFO] 
[INFO] --- exec:3.0.0:java (postcompile) @ app-erp-quality-codegen ---
SLF4J: Failed to load class "org.slf4j.impl.StaticLoggerBinder".
SLF4J: Defaulting to no-operation (NOP) logger implementation
SLF4J: See http://www.slf4j.org/codes.html#StaticLoggerBinder for further details.
projectDir=/Users/abc/app/nop-app-erp/module-quality/erp-qa-codegen,dryRun=false,tplRoot=postcompile
end
[INFO] 
[INFO] --- resources:3.3.1:testResources (default-testResources) @ app-erp-quality-codegen ---
[INFO] skip non existing resourceDirectory /Users/abc/app/nop-app-erp/module-quality/erp-qa-codegen/src/test/resources
[INFO] 
[INFO] --- compiler:3.11.0:testCompile (default-testCompile) @ app-erp-quality-codegen ---
[INFO] Changes detected - recompiling the module! :source
[INFO] Compiling 1 source file with javac [debug release 17] to target/test-classes
[INFO] 
[INFO] --- surefire:3.2.2:test (default-test) @ app-erp-quality-codegen ---
[INFO] Tests are skipped.
[INFO] 
[INFO] --- jar:3.3.0:jar (default-jar) @ app-erp-quality-codegen ---
[WARNING] JAR will be empty - no content was marked for inclusion!
[INFO] Building jar: /Users/abc/app/nop-app-erp/module-quality/erp-qa-codegen/target/app-erp-quality-codegen-1.0-SNAPSHOT.jar
[INFO] 
[INFO] --- source:3.3.0:jar-no-fork (attach-sources) @ app-erp-quality-codegen ---
[INFO] No sources in project. Archive not created.
[INFO] 
[INFO] --- install:3.1.1:install (default-install) @ app-erp-quality-codegen ---
[INFO] Installing /Users/abc/app/nop-app-erp/module-quality/erp-qa-codegen/pom.xml to /Users/abc/.m2/repository/io/nop/app/app-erp-quality-codegen/1.0-SNAPSHOT/app-erp-quality-codegen-1.0-SNAPSHOT.pom
[INFO] Installing /Users/abc/app/nop-app-erp/module-quality/erp-qa-codegen/target/app-erp-quality-codegen-1.0-SNAPSHOT.jar to /Users/abc/.m2/repository/io/nop/app/app-erp-quality-codegen/1.0-SNAPSHOT/app-erp-quality-codegen-1.0-SNAPSHOT.jar
[INFO] 
[INFO] -------------------< io.nop.app:app-erp-quality-dao >-------------------
[INFO] Building app-erp-quality-dao 1.0-SNAPSHOT                       [51/156]
[INFO]   from module-quality/erp-qa-dao/pom.xml
[INFO] --------------------------------[ jar ]---------------------------------
[INFO] 
[INFO] --- clean:3.4.0:clean (default-clean) @ app-erp-quality-dao ---
[INFO] Deleting /Users/abc/app/nop-app-erp/module-quality/erp-qa-dao/target
[INFO] 
[INFO] --- enforcer:3.0.0-M2:enforce (enforce-no-duplicate-dependencies) @ app-erp-quality-dao ---
[INFO] 
[INFO] --- jacoco:0.8.14:prepare-agent (default-prepare-agent) @ app-erp-quality-dao ---
[INFO] jacocoArgLine set to -javaagent:/Users/abc/.m2/repository/org/jacoco/org.jacoco.agent/0.8.14/org.jacoco.agent-0.8.14-runtime.jar=destfile=/Users/abc/app/nop-app-erp/module-quality/erp-qa-dao/target/jacoco.exec,excludes=**/_gen/**:**/_*.java:**/_*.xml:**/*Errors.*:**/*Configs.*:**/*Constants*:**/parse/antlr/**
[INFO] 
[INFO] --- resources:3.3.1:resources (default-resources) @ app-erp-quality-dao ---
[INFO] Copying 4 resources from src/main/resources to target/classes
[INFO] 
[INFO] --- compiler:3.11.0:compile (default-compile) @ app-erp-quality-dao ---
[INFO] Changes detected - recompiling the module! :dependency
[INFO] Compiling 55 source files with javac [debug release 17] to target/classes
[INFO] 
[INFO] --- resources:3.3.1:testResources (default-testResources) @ app-erp-quality-dao ---
[INFO] skip non existing resourceDirectory /Users/abc/app/nop-app-erp/module-quality/erp-qa-dao/src/test/resources
[INFO] 
[INFO] --- compiler:3.11.0:testCompile (default-testCompile) @ app-erp-quality-dao ---
[INFO] No sources to compile
[INFO] 
[INFO] --- surefire:3.2.2:test (default-test) @ app-erp-quality-dao ---
[INFO] Tests are skipped.
[INFO] 
[INFO] --- jar:3.3.0:jar (default-jar) @ app-erp-quality-dao ---
[INFO] Building jar: /Users/abc/app/nop-app-erp/module-quality/erp-qa-dao/target/app-erp-quality-dao-1.0-SNAPSHOT.jar
[INFO] 
[INFO] --- source:3.3.0:jar-no-fork (attach-sources) @ app-erp-quality-dao ---
[INFO] Building jar: /Users/abc/app/nop-app-erp/module-quality/erp-qa-dao/target/app-erp-quality-dao-1.0-SNAPSHOT-sources.jar
[INFO] 
[INFO] --- install:3.1.1:install (default-install) @ app-erp-quality-dao ---
[INFO] Installing /Users/abc/app/nop-app-erp/module-quality/erp-qa-dao/pom.xml to /Users/abc/.m2/repository/io/nop/app/app-erp-quality-dao/1.0-SNAPSHOT/app-erp-quality-dao-1.0-SNAPSHOT.pom
[INFO] Installing /Users/abc/app/nop-app-erp/module-quality/erp-qa-dao/target/app-erp-quality-dao-1.0-SNAPSHOT.jar to /Users/abc/.m2/repository/io/nop/app/app-erp-quality-dao/1.0-SNAPSHOT/app-erp-quality-dao-1.0-SNAPSHOT.jar
[INFO] Installing /Users/abc/app/nop-app-erp/module-quality/erp-qa-dao/target/app-erp-quality-dao-1.0-SNAPSHOT-sources.jar to /Users/abc/.m2/repository/io/nop/app/app-erp-quality-dao/1.0-SNAPSHOT/app-erp-quality-dao-1.0-SNAPSHOT-sources.jar
[INFO] 
[INFO] -----------------------< io.nop.app:app-erp-drp >-----------------------
[INFO] Building app-erp-drp 1.0-SNAPSHOT                               [52/156]
[INFO]   from module-drp/pom.xml
[INFO] --------------------------------[ pom ]---------------------------------
[INFO] 
[INFO] --- clean:3.4.0:clean (default-clean) @ app-erp-drp ---
[INFO] 
[INFO] --- enforcer:3.0.0-M2:enforce (enforce-no-duplicate-dependencies) @ app-erp-drp ---
[INFO] 
[INFO] --- jacoco:0.8.14:prepare-agent (default-prepare-agent) @ app-erp-drp ---
[INFO] jacocoArgLine set to -javaagent:/Users/abc/.m2/repository/org/jacoco/org.jacoco.agent/0.8.14/org.jacoco.agent-0.8.14-runtime.jar=destfile=/Users/abc/app/nop-app-erp/module-drp/target/jacoco.exec,excludes=**/_gen/**:**/_*.java:**/_*.xml:**/*Errors.*:**/*Configs.*:**/*Constants*:**/parse/antlr/**
[INFO] 
[INFO] --- source:3.3.0:jar-no-fork (attach-sources) @ app-erp-drp ---
[INFO] 
[INFO] --- install:3.1.1:install (default-install) @ app-erp-drp ---
[INFO] Installing /Users/abc/app/nop-app-erp/module-drp/pom.xml to /Users/abc/.m2/repository/io/nop/app/app-erp-drp/1.0-SNAPSHOT/app-erp-drp-1.0-SNAPSHOT.pom
[INFO] 
[INFO] -------------------< io.nop.app:app-erp-drp-codegen >-------------------
[INFO] Building app-erp-drp-codegen 1.0-SNAPSHOT                       [53/156]
[INFO]   from module-drp/erp-drp-codegen/pom.xml
[INFO] --------------------------------[ jar ]---------------------------------
[INFO] 
[INFO] --- clean:3.4.0:clean (default-clean) @ app-erp-drp-codegen ---
[INFO] Deleting /Users/abc/app/nop-app-erp/module-drp/erp-drp-codegen/target
[INFO] 
[INFO] --- enforcer:3.0.0-M2:enforce (enforce-no-duplicate-dependencies) @ app-erp-drp-codegen ---
[INFO] 
[INFO] --- jacoco:0.8.14:prepare-agent (default-prepare-agent) @ app-erp-drp-codegen ---
[INFO] jacocoArgLine set to -javaagent:/Users/abc/.m2/repository/org/jacoco/org.jacoco.agent/0.8.14/org.jacoco.agent-0.8.14-runtime.jar=destfile=/Users/abc/app/nop-app-erp/module-drp/erp-drp-codegen/target/jacoco.exec,excludes=**/_gen/**:**/_*.java:**/_*.xml:**/*Errors.*:**/*Configs.*:**/*Constants*:**/parse/antlr/**
[INFO] 
[INFO] --- exec:3.0.0:java (precompile) @ app-erp-drp-codegen ---
SLF4J: Failed to load class "org.slf4j.impl.StaticLoggerBinder".
SLF4J: Defaulting to no-operation (NOP) logger implementation
SLF4J: See http://www.slf4j.org/codes.html#StaticLoggerBinder for further details.
nop.skip-codegen-when-tpl-dir-is-empty:/Users/abc/app/nop-app-erp/module-drp/erp-drp-codegen/precompile
[INFO] 
[INFO] --- exec:3.0.0:java (precompile2) @ app-erp-drp-codegen ---
SLF4J: Failed to load class "org.slf4j.impl.StaticLoggerBinder".
SLF4J: Defaulting to no-operation (NOP) logger implementation
SLF4J: See http://www.slf4j.org/codes.html#StaticLoggerBinder for further details.
nop.skip-codegen-when-tpl-dir-is-empty:/Users/abc/app/nop-app-erp/module-drp/erp-drp-codegen/precompile2
[INFO] 
[INFO] --- resources:3.3.1:resources (default-resources) @ app-erp-drp-codegen ---
[INFO] skip non existing resourceDirectory /Users/abc/app/nop-app-erp/module-drp/erp-drp-codegen/src/main/resources
[INFO] 
[INFO] --- compiler:3.11.0:compile (default-compile) @ app-erp-drp-codegen ---
[INFO] No sources to compile
[INFO] 
[INFO] --- exec:3.0.0:java (aop) @ app-erp-drp-codegen ---
SLF4J: Failed to load class "org.slf4j.impl.StaticLoggerBinder".
SLF4J: Defaulting to no-operation (NOP) logger implementation
SLF4J: See http://www.slf4j.org/codes.html#StaticLoggerBinder for further details.
nop.gen-aop-proxy
[INFO] 
[INFO] --- exec:3.0.0:java (postcompile) @ app-erp-drp-codegen ---
SLF4J: Failed to load class "org.slf4j.impl.StaticLoggerBinder".
SLF4J: Defaulting to no-operation (NOP) logger implementation
SLF4J: See http://www.slf4j.org/codes.html#StaticLoggerBinder for further details.
projectDir=/Users/abc/app/nop-app-erp/module-drp/erp-drp-codegen,dryRun=false,tplRoot=postcompile
end
[INFO] 
[INFO] --- resources:3.3.1:testResources (default-testResources) @ app-erp-drp-codegen ---
[INFO] skip non existing resourceDirectory /Users/abc/app/nop-app-erp/module-drp/erp-drp-codegen/src/test/resources
[INFO] 
[INFO] --- compiler:3.11.0:testCompile (default-testCompile) @ app-erp-drp-codegen ---
[INFO] Changes detected - recompiling the module! :source
[INFO] Compiling 1 source file with javac [debug release 17] to target/test-classes
[INFO] 
[INFO] --- surefire:3.2.2:test (default-test) @ app-erp-drp-codegen ---
[INFO] Tests are skipped.
[INFO] 
[INFO] --- jar:3.3.0:jar (default-jar) @ app-erp-drp-codegen ---
[WARNING] JAR will be empty - no content was marked for inclusion!
[INFO] Building jar: /Users/abc/app/nop-app-erp/module-drp/erp-drp-codegen/target/app-erp-drp-codegen-1.0-SNAPSHOT.jar
[INFO] 
[INFO] --- source:3.3.0:jar-no-fork (attach-sources) @ app-erp-drp-codegen ---
[INFO] No sources in project. Archive not created.
[INFO] 
[INFO] --- install:3.1.1:install (default-install) @ app-erp-drp-codegen ---
[INFO] Installing /Users/abc/app/nop-app-erp/module-drp/erp-drp-codegen/pom.xml to /Users/abc/.m2/repository/io/nop/app/app-erp-drp-codegen/1.0-SNAPSHOT/app-erp-drp-codegen-1.0-SNAPSHOT.pom
[INFO] Installing /Users/abc/app/nop-app-erp/module-drp/erp-drp-codegen/target/app-erp-drp-codegen-1.0-SNAPSHOT.jar to /Users/abc/.m2/repository/io/nop/app/app-erp-drp-codegen/1.0-SNAPSHOT/app-erp-drp-codegen-1.0-SNAPSHOT.jar
[INFO] 
[INFO] ---------------------< io.nop.app:app-erp-drp-dao >---------------------
[INFO] Building app-erp-drp-dao 1.0-SNAPSHOT                           [54/156]
[INFO]   from module-drp/erp-drp-dao/pom.xml
[INFO] --------------------------------[ jar ]---------------------------------
[INFO] 
[INFO] --- clean:3.4.0:clean (default-clean) @ app-erp-drp-dao ---
[INFO] Deleting /Users/abc/app/nop-app-erp/module-drp/erp-drp-dao/target
[INFO] 
[INFO] --- enforcer:3.0.0-M2:enforce (enforce-no-duplicate-dependencies) @ app-erp-drp-dao ---
[INFO] 
[INFO] --- jacoco:0.8.14:prepare-agent (default-prepare-agent) @ app-erp-drp-dao ---
[INFO] jacocoArgLine set to -javaagent:/Users/abc/.m2/repository/org/jacoco/org.jacoco.agent/0.8.14/org.jacoco.agent-0.8.14-runtime.jar=destfile=/Users/abc/app/nop-app-erp/module-drp/erp-drp-dao/target/jacoco.exec,excludes=**/_gen/**:**/_*.java:**/_*.xml:**/*Errors.*:**/*Configs.*:**/*Constants*:**/parse/antlr/**
[INFO] 
[INFO] --- resources:3.3.1:resources (default-resources) @ app-erp-drp-dao ---
[INFO] Copying 4 resources from src/main/resources to target/classes
[INFO] 
[INFO] --- compiler:3.11.0:compile (default-compile) @ app-erp-drp-dao ---
[INFO] Changes detected - recompiling the module! :dependency
[INFO] Compiling 37 source files with javac [debug release 17] to target/classes
[INFO] 
[INFO] --- resources:3.3.1:testResources (default-testResources) @ app-erp-drp-dao ---
[INFO] skip non existing resourceDirectory /Users/abc/app/nop-app-erp/module-drp/erp-drp-dao/src/test/resources
[INFO] 
[INFO] --- compiler:3.11.0:testCompile (default-testCompile) @ app-erp-drp-dao ---
[INFO] No sources to compile
[INFO] 
[INFO] --- surefire:3.2.2:test (default-test) @ app-erp-drp-dao ---
[INFO] Tests are skipped.
[INFO] 
[INFO] --- jar:3.3.0:jar (default-jar) @ app-erp-drp-dao ---
[INFO] Building jar: /Users/abc/app/nop-app-erp/module-drp/erp-drp-dao/target/app-erp-drp-dao-1.0-SNAPSHOT.jar
[INFO] 
[INFO] --- source:3.3.0:jar-no-fork (attach-sources) @ app-erp-drp-dao ---
[INFO] Building jar: /Users/abc/app/nop-app-erp/module-drp/erp-drp-dao/target/app-erp-drp-dao-1.0-SNAPSHOT-sources.jar
[INFO] 
[INFO] --- install:3.1.1:install (default-install) @ app-erp-drp-dao ---
[INFO] Installing /Users/abc/app/nop-app-erp/module-drp/erp-drp-dao/pom.xml to /Users/abc/.m2/repository/io/nop/app/app-erp-drp-dao/1.0-SNAPSHOT/app-erp-drp-dao-1.0-SNAPSHOT.pom
[INFO] Installing /Users/abc/app/nop-app-erp/module-drp/erp-drp-dao/target/app-erp-drp-dao-1.0-SNAPSHOT.jar to /Users/abc/.m2/repository/io/nop/app/app-erp-drp-dao/1.0-SNAPSHOT/app-erp-drp-dao-1.0-SNAPSHOT.jar
[INFO] Installing /Users/abc/app/nop-app-erp/module-drp/erp-drp-dao/target/app-erp-drp-dao-1.0-SNAPSHOT-sources.jar to /Users/abc/.m2/repository/io/nop/app/app-erp-drp-dao/1.0-SNAPSHOT/app-erp-drp-dao-1.0-SNAPSHOT-sources.jar
[INFO] 
[INFO] ------------------< io.nop.app:app-erp-quality-meta >-------------------
[INFO] Building app-erp-quality-meta 1.0-SNAPSHOT                      [55/156]
[INFO]   from module-quality/erp-qa-meta/pom.xml
[INFO] --------------------------------[ jar ]---------------------------------
[INFO] 
[INFO] --- clean:3.4.0:clean (default-clean) @ app-erp-quality-meta ---
[INFO] Deleting /Users/abc/app/nop-app-erp/module-quality/erp-qa-meta/target
[INFO] 
[INFO] --- enforcer:3.0.0-M2:enforce (enforce-no-duplicate-dependencies) @ app-erp-quality-meta ---
[INFO] 
[INFO] --- jacoco:0.8.14:prepare-agent (default-prepare-agent) @ app-erp-quality-meta ---
[INFO] jacocoArgLine set to -javaagent:/Users/abc/.m2/repository/org/jacoco/org.jacoco.agent/0.8.14/org.jacoco.agent-0.8.14-runtime.jar=destfile=/Users/abc/app/nop-app-erp/module-quality/erp-qa-meta/target/jacoco.exec,excludes=**/_gen/**:**/_*.java:**/_*.xml:**/*Errors.*:**/*Configs.*:**/*Constants*:**/parse/antlr/**
[INFO] 
[INFO] --- exec:3.0.0:java (precompile) @ app-erp-quality-meta ---
SLF4J: Failed to load class "org.slf4j.impl.StaticLoggerBinder".
SLF4J: Defaulting to no-operation (NOP) logger implementation
SLF4J: See http://www.slf4j.org/codes.html#StaticLoggerBinder for further details.
projectDir=/Users/abc/app/nop-app-erp/module-quality/erp-qa-meta,dryRun=false,tplRoot=precompile
end
[INFO] 
[INFO] --- exec:3.0.0:java (precompile2) @ app-erp-quality-meta ---
SLF4J: Failed to load class "org.slf4j.impl.StaticLoggerBinder".
SLF4J: Defaulting to no-operation (NOP) logger implementation
SLF4J: See http://www.slf4j.org/codes.html#StaticLoggerBinder for further details.
nop.skip-codegen-when-tpl-dir-is-empty:/Users/abc/app/nop-app-erp/module-quality/erp-qa-meta/precompile2
[INFO] 
[INFO] --- resources:3.3.1:resources (default-resources) @ app-erp-quality-meta ---
[INFO] Copying 57 resources from src/main/resources to target/classes
[INFO] 
[INFO] --- compiler:3.11.0:compile (default-compile) @ app-erp-quality-meta ---
[INFO] No sources to compile
[INFO] 
[INFO] --- exec:3.0.0:java (aop) @ app-erp-quality-meta ---
SLF4J: Failed to load class "org.slf4j.impl.StaticLoggerBinder".
SLF4J: Defaulting to no-operation (NOP) logger implementation
SLF4J: See http://www.slf4j.org/codes.html#StaticLoggerBinder for further details.
nop.gen-aop-proxy
[INFO] 
[INFO] --- exec:3.0.0:java (postcompile) @ app-erp-quality-meta ---
SLF4J: Failed to load class "org.slf4j.impl.StaticLoggerBinder".
SLF4J: Defaulting to no-operation (NOP) logger implementation
SLF4J: See http://www.slf4j.org/codes.html#StaticLoggerBinder for further details.
projectDir=/Users/abc/app/nop-app-erp/module-quality/erp-qa-meta,dryRun=false,tplRoot=postcompile
end
[INFO] 
[INFO] --- resources:3.3.1:testResources (default-testResources) @ app-erp-quality-meta ---
[INFO] skip non existing resourceDirectory /Users/abc/app/nop-app-erp/module-quality/erp-qa-meta/src/test/resources
[INFO] 
[INFO] --- compiler:3.11.0:testCompile (default-testCompile) @ app-erp-quality-meta ---
[INFO] No sources to compile
[INFO] 
[INFO] --- surefire:3.2.2:test (default-test) @ app-erp-quality-meta ---
[INFO] Tests are skipped.
[INFO] 
[INFO] --- jar:3.3.0:jar (default-jar) @ app-erp-quality-meta ---
[INFO] Building jar: /Users/abc/app/nop-app-erp/module-quality/erp-qa-meta/target/app-erp-quality-meta-1.0-SNAPSHOT.jar
[INFO] 
[INFO] --- source:3.3.0:jar-no-fork (attach-sources) @ app-erp-quality-meta ---
[INFO] Building jar: /Users/abc/app/nop-app-erp/module-quality/erp-qa-meta/target/app-erp-quality-meta-1.0-SNAPSHOT-sources.jar
[INFO] 
[INFO] --- install:3.1.1:install (default-install) @ app-erp-quality-meta ---
[INFO] Installing /Users/abc/app/nop-app-erp/module-quality/erp-qa-meta/pom.xml to /Users/abc/.m2/repository/io/nop/app/app-erp-quality-meta/1.0-SNAPSHOT/app-erp-quality-meta-1.0-SNAPSHOT.pom
[INFO] Installing /Users/abc/app/nop-app-erp/module-quality/erp-qa-meta/target/app-erp-quality-meta-1.0-SNAPSHOT.jar to /Users/abc/.m2/repository/io/nop/app/app-erp-quality-meta/1.0-SNAPSHOT/app-erp-quality-meta-1.0-SNAPSHOT.jar
[INFO] Installing /Users/abc/app/nop-app-erp/module-quality/erp-qa-meta/target/app-erp-quality-meta-1.0-SNAPSHOT-sources.jar to /Users/abc/.m2/repository/io/nop/app/app-erp-quality-meta/1.0-SNAPSHOT/app-erp-quality-meta-1.0-SNAPSHOT-sources.jar
[INFO] 
[INFO] -------------------< io.nop.app:app-erp-sales-meta >--------------------
[INFO] Building app-erp-sales-meta 1.0-SNAPSHOT                        [56/156]
[INFO]   from module-sales/erp-sal-meta/pom.xml
[INFO] --------------------------------[ jar ]---------------------------------
[INFO] 
[INFO] --- clean:3.4.0:clean (default-clean) @ app-erp-sales-meta ---
[INFO] Deleting /Users/abc/app/nop-app-erp/module-sales/erp-sal-meta/target
[INFO] 
[INFO] --- enforcer:3.0.0-M2:enforce (enforce-no-duplicate-dependencies) @ app-erp-sales-meta ---
[INFO] 
[INFO] --- jacoco:0.8.14:prepare-agent (default-prepare-agent) @ app-erp-sales-meta ---
[INFO] jacocoArgLine set to -javaagent:/Users/abc/.m2/repository/org/jacoco/org.jacoco.agent/0.8.14/org.jacoco.agent-0.8.14-runtime.jar=destfile=/Users/abc/app/nop-app-erp/module-sales/erp-sal-meta/target/jacoco.exec,excludes=**/_gen/**:**/_*.java:**/_*.xml:**/*Errors.*:**/*Configs.*:**/*Constants*:**/parse/antlr/**
[INFO] 
[INFO] --- exec:3.0.0:java (precompile) @ app-erp-sales-meta ---
SLF4J: Failed to load class "org.slf4j.impl.StaticLoggerBinder".
SLF4J: Defaulting to no-operation (NOP) logger implementation
SLF4J: See http://www.slf4j.org/codes.html#StaticLoggerBinder for further details.
projectDir=/Users/abc/app/nop-app-erp/module-sales/erp-sal-meta,dryRun=false,tplRoot=precompile
end
[INFO] 
[INFO] --- exec:3.0.0:java (precompile2) @ app-erp-sales-meta ---
SLF4J: Failed to load class "org.slf4j.impl.StaticLoggerBinder".
SLF4J: Defaulting to no-operation (NOP) logger implementation
SLF4J: See http://www.slf4j.org/codes.html#StaticLoggerBinder for further details.
nop.skip-codegen-when-tpl-dir-is-empty:/Users/abc/app/nop-app-erp/module-sales/erp-sal-meta/precompile2
[INFO] 
[INFO] --- resources:3.3.1:resources (default-resources) @ app-erp-sales-meta ---
[INFO] Copying 47 resources from src/main/resources to target/classes
[INFO] 
[INFO] --- compiler:3.11.0:compile (default-compile) @ app-erp-sales-meta ---
[INFO] No sources to compile
[INFO] 
[INFO] --- exec:3.0.0:java (aop) @ app-erp-sales-meta ---
SLF4J: Failed to load class "org.slf4j.impl.StaticLoggerBinder".
SLF4J: Defaulting to no-operation (NOP) logger implementation
SLF4J: See http://www.slf4j.org/codes.html#StaticLoggerBinder for further details.
nop.gen-aop-proxy
[INFO] 
[INFO] --- exec:3.0.0:java (postcompile) @ app-erp-sales-meta ---
SLF4J: Failed to load class "org.slf4j.impl.StaticLoggerBinder".
SLF4J: Defaulting to no-operation (NOP) logger implementation
SLF4J: See http://www.slf4j.org/codes.html#StaticLoggerBinder for further details.
projectDir=/Users/abc/app/nop-app-erp/module-sales/erp-sal-meta,dryRun=false,tplRoot=postcompile
end
[INFO] 
[INFO] --- resources:3.3.1:testResources (default-testResources) @ app-erp-sales-meta ---
[INFO] skip non existing resourceDirectory /Users/abc/app/nop-app-erp/module-sales/erp-sal-meta/src/test/resources
[INFO] 
[INFO] --- compiler:3.11.0:testCompile (default-testCompile) @ app-erp-sales-meta ---
[INFO] No sources to compile
[INFO] 
[INFO] --- surefire:3.2.2:test (default-test) @ app-erp-sales-meta ---
[INFO] Tests are skipped.
[INFO] 
[INFO] --- jar:3.3.0:jar (default-jar) @ app-erp-sales-meta ---
[INFO] Building jar: /Users/abc/app/nop-app-erp/module-sales/erp-sal-meta/target/app-erp-sales-meta-1.0-SNAPSHOT.jar
[INFO] 
[INFO] --- source:3.3.0:jar-no-fork (attach-sources) @ app-erp-sales-meta ---
[INFO] Building jar: /Users/abc/app/nop-app-erp/module-sales/erp-sal-meta/target/app-erp-sales-meta-1.0-SNAPSHOT-sources.jar
[INFO] 
[INFO] --- install:3.1.1:install (default-install) @ app-erp-sales-meta ---
[INFO] Installing /Users/abc/app/nop-app-erp/module-sales/erp-sal-meta/pom.xml to /Users/abc/.m2/repository/io/nop/app/app-erp-sales-meta/1.0-SNAPSHOT/app-erp-sales-meta-1.0-SNAPSHOT.pom
[INFO] Installing /Users/abc/app/nop-app-erp/module-sales/erp-sal-meta/target/app-erp-sales-meta-1.0-SNAPSHOT.jar to /Users/abc/.m2/repository/io/nop/app/app-erp-sales-meta/1.0-SNAPSHOT/app-erp-sales-meta-1.0-SNAPSHOT.jar
[INFO] Installing /Users/abc/app/nop-app-erp/module-sales/erp-sal-meta/target/app-erp-sales-meta-1.0-SNAPSHOT-sources.jar to /Users/abc/.m2/repository/io/nop/app/app-erp-sales-meta/1.0-SNAPSHOT/app-erp-sales-meta-1.0-SNAPSHOT-sources.jar
[INFO] 
[INFO] -----------------< io.nop.app:app-erp-quality-service >-----------------
[INFO] Building app-erp-quality-service 1.0-SNAPSHOT                   [57/156]
[INFO]   from module-quality/erp-qa-service/pom.xml
[INFO] --------------------------------[ jar ]---------------------------------
[INFO] 
[INFO] --- clean:3.4.0:clean (default-clean) @ app-erp-quality-service ---
[INFO] Deleting /Users/abc/app/nop-app-erp/module-quality/erp-qa-service/target
[INFO] 
[INFO] --- enforcer:3.0.0-M2:enforce (enforce-no-duplicate-dependencies) @ app-erp-quality-service ---
[INFO] 
[INFO] --- jacoco:0.8.14:prepare-agent (default-prepare-agent) @ app-erp-quality-service ---
[INFO] jacocoArgLine set to -javaagent:/Users/abc/.m2/repository/org/jacoco/org.jacoco.agent/0.8.14/org.jacoco.agent-0.8.14-runtime.jar=destfile=/Users/abc/app/nop-app-erp/module-quality/erp-qa-service/target/jacoco.exec,excludes=**/_gen/**:**/_*.java:**/_*.xml:**/*Errors.*:**/*Configs.*:**/*Constants*:**/parse/antlr/**
[INFO] 
[INFO] --- exec:3.0.0:java (precompile) @ app-erp-quality-service ---
SLF4J: Failed to load class "org.slf4j.impl.StaticLoggerBinder".
SLF4J: Defaulting to no-operation (NOP) logger implementation
SLF4J: See http://www.slf4j.org/codes.html#StaticLoggerBinder for further details.
nop.skip-codegen-when-tpl-dir-is-empty:/Users/abc/app/nop-app-erp/module-quality/erp-qa-service/precompile
[INFO] 
[INFO] --- exec:3.0.0:java (precompile2) @ app-erp-quality-service ---
SLF4J: Failed to load class "org.slf4j.impl.StaticLoggerBinder".
SLF4J: Defaulting to no-operation (NOP) logger implementation
SLF4J: See http://www.slf4j.org/codes.html#StaticLoggerBinder for further details.
nop.skip-codegen-when-tpl-dir-is-empty:/Users/abc/app/nop-app-erp/module-quality/erp-qa-service/precompile2
[INFO] 
[INFO] --- resources:3.3.1:resources (default-resources) @ app-erp-quality-service ---
[INFO] Copying 40 resources from src/main/resources to target/classes
[INFO] 
[INFO] --- compiler:3.11.0:compile (default-compile) @ app-erp-quality-service ---
[INFO] Changes detected - recompiling the module! :dependency
[INFO] Compiling 71 source files with javac [debug release 17] to target/classes
[INFO] 
[INFO] --- exec:3.0.0:java (aop) @ app-erp-quality-service ---
SLF4J: Failed to load class "org.slf4j.impl.StaticLoggerBinder".
SLF4J: Defaulting to no-operation (NOP) logger implementation
SLF4J: See http://www.slf4j.org/codes.html#StaticLoggerBinder for further details.
nop.gen-aop-proxy
[INFO] 
[INFO] --- exec:3.0.0:java (postcompile) @ app-erp-quality-service ---
SLF4J: Failed to load class "org.slf4j.impl.StaticLoggerBinder".
SLF4J: Defaulting to no-operation (NOP) logger implementation
SLF4J: See http://www.slf4j.org/codes.html#StaticLoggerBinder for further details.
nop.skip-codegen-when-tpl-dir-is-empty:/Users/abc/app/nop-app-erp/module-quality/erp-qa-service/postcompile
[INFO] 
[INFO] --- resources:3.3.1:testResources (default-testResources) @ app-erp-quality-service ---
[INFO] Copying 3 resources from src/test/resources to target/test-classes
[INFO] 
[INFO] --- compiler:3.11.0:testCompile (default-testCompile) @ app-erp-quality-service ---
[INFO] Changes detected - recompiling the module! :dependency
[INFO] Compiling 35 source files with javac [debug release 17] to target/test-classes
[INFO] /Users/abc/app/nop-app-erp/module-quality/erp-qa-service/src/test/java/app/erp/qa/service/TestErpQaBusinessCancelLinkage.java: 某些输入文件使用了未经检查或不安全的操作。
[INFO] /Users/abc/app/nop-app-erp/module-quality/erp-qa-service/src/test/java/app/erp/qa/service/TestErpQaBusinessCancelLinkage.java: 有关详细信息, 请使用 -Xlint:unchecked 重新编译。
[INFO] 
[INFO] --- surefire:3.2.2:test (default-test) @ app-erp-quality-service ---
[INFO] Tests are skipped.
[INFO] 
[INFO] --- jar:3.3.0:jar (default-jar) @ app-erp-quality-service ---
[INFO] Building jar: /Users/abc/app/nop-app-erp/module-quality/erp-qa-service/target/app-erp-quality-service-1.0-SNAPSHOT.jar
[INFO] 
[INFO] --- source:3.3.0:jar-no-fork (attach-sources) @ app-erp-quality-service ---
[INFO] Building jar: /Users/abc/app/nop-app-erp/module-quality/erp-qa-service/target/app-erp-quality-service-1.0-SNAPSHOT-sources.jar
[INFO] 
[INFO] --- install:3.1.1:install (default-install) @ app-erp-quality-service ---
[INFO] Installing /Users/abc/app/nop-app-erp/module-quality/erp-qa-service/pom.xml to /Users/abc/.m2/repository/io/nop/app/app-erp-quality-service/1.0-SNAPSHOT/app-erp-quality-service-1.0-SNAPSHOT.pom
[INFO] Installing /Users/abc/app/nop-app-erp/module-quality/erp-qa-service/target/app-erp-quality-service-1.0-SNAPSHOT.jar to /Users/abc/.m2/repository/io/nop/app/app-erp-quality-service/1.0-SNAPSHOT/app-erp-quality-service-1.0-SNAPSHOT.jar
[INFO] Installing /Users/abc/app/nop-app-erp/module-quality/erp-qa-service/target/app-erp-quality-service-1.0-SNAPSHOT-sources.jar to /Users/abc/.m2/repository/io/nop/app/app-erp-quality-service/1.0-SNAPSHOT/app-erp-quality-service-1.0-SNAPSHOT-sources.jar
[INFO] 
[INFO] ------------------< io.nop.app:app-erp-projects-meta >------------------
[INFO] Building app-erp-projects-meta 1.0-SNAPSHOT                     [58/156]
[INFO]   from module-projects/erp-prj-meta/pom.xml
[INFO] --------------------------------[ jar ]---------------------------------
[INFO] 
[INFO] --- clean:3.4.0:clean (default-clean) @ app-erp-projects-meta ---
[INFO] Deleting /Users/abc/app/nop-app-erp/module-projects/erp-prj-meta/target
[INFO] 
[INFO] --- enforcer:3.0.0-M2:enforce (enforce-no-duplicate-dependencies) @ app-erp-projects-meta ---
[INFO] 
[INFO] --- jacoco:0.8.14:prepare-agent (default-prepare-agent) @ app-erp-projects-meta ---
[INFO] jacocoArgLine set to -javaagent:/Users/abc/.m2/repository/org/jacoco/org.jacoco.agent/0.8.14/org.jacoco.agent-0.8.14-runtime.jar=destfile=/Users/abc/app/nop-app-erp/module-projects/erp-prj-meta/target/jacoco.exec,excludes=**/_gen/**:**/_*.java:**/_*.xml:**/*Errors.*:**/*Configs.*:**/*Constants*:**/parse/antlr/**
[INFO] 
[INFO] --- exec:3.0.0:java (precompile) @ app-erp-projects-meta ---
SLF4J: Failed to load class "org.slf4j.impl.StaticLoggerBinder".
SLF4J: Defaulting to no-operation (NOP) logger implementation
SLF4J: See http://www.slf4j.org/codes.html#StaticLoggerBinder for further details.
projectDir=/Users/abc/app/nop-app-erp/module-projects/erp-prj-meta,dryRun=false,tplRoot=precompile
end
[INFO] 
[INFO] --- exec:3.0.0:java (precompile2) @ app-erp-projects-meta ---
SLF4J: Failed to load class "org.slf4j.impl.StaticLoggerBinder".
SLF4J: Defaulting to no-operation (NOP) logger implementation
SLF4J: See http://www.slf4j.org/codes.html#StaticLoggerBinder for further details.
nop.skip-codegen-when-tpl-dir-is-empty:/Users/abc/app/nop-app-erp/module-projects/erp-prj-meta/precompile2
[INFO] 
[INFO] --- resources:3.3.1:resources (default-resources) @ app-erp-projects-meta ---
[INFO] Copying 47 resources from src/main/resources to target/classes
[INFO] 
[INFO] --- compiler:3.11.0:compile (default-compile) @ app-erp-projects-meta ---
[INFO] No sources to compile
[INFO] 
[INFO] --- exec:3.0.0:java (aop) @ app-erp-projects-meta ---
SLF4J: Failed to load class "org.slf4j.impl.StaticLoggerBinder".
SLF4J: Defaulting to no-operation (NOP) logger implementation
SLF4J: See http://www.slf4j.org/codes.html#StaticLoggerBinder for further details.
nop.gen-aop-proxy
[INFO] 
[INFO] --- exec:3.0.0:java (postcompile) @ app-erp-projects-meta ---
SLF4J: Failed to load class "org.slf4j.impl.StaticLoggerBinder".
SLF4J: Defaulting to no-operation (NOP) logger implementation
SLF4J: See http://www.slf4j.org/codes.html#StaticLoggerBinder for further details.
projectDir=/Users/abc/app/nop-app-erp/module-projects/erp-prj-meta,dryRun=false,tplRoot=postcompile
end
[INFO] 
[INFO] --- resources:3.3.1:testResources (default-testResources) @ app-erp-projects-meta ---
[INFO] skip non existing resourceDirectory /Users/abc/app/nop-app-erp/module-projects/erp-prj-meta/src/test/resources
[INFO] 
[INFO] --- compiler:3.11.0:testCompile (default-testCompile) @ app-erp-projects-meta ---
[INFO] No sources to compile
[INFO] 
[INFO] --- surefire:3.2.2:test (default-test) @ app-erp-projects-meta ---
[INFO] Tests are skipped.
[INFO] 
[INFO] --- jar:3.3.0:jar (default-jar) @ app-erp-projects-meta ---
[INFO] Building jar: /Users/abc/app/nop-app-erp/module-projects/erp-prj-meta/target/app-erp-projects-meta-1.0-SNAPSHOT.jar
[INFO] 
[INFO] --- source:3.3.0:jar-no-fork (attach-sources) @ app-erp-projects-meta ---
[INFO] Building jar: /Users/abc/app/nop-app-erp/module-projects/erp-prj-meta/target/app-erp-projects-meta-1.0-SNAPSHOT-sources.jar
[INFO] 
[INFO] --- install:3.1.1:install (default-install) @ app-erp-projects-meta ---
[INFO] Installing /Users/abc/app/nop-app-erp/module-projects/erp-prj-meta/pom.xml to /Users/abc/.m2/repository/io/nop/app/app-erp-projects-meta/1.0-SNAPSHOT/app-erp-projects-meta-1.0-SNAPSHOT.pom
[INFO] Installing /Users/abc/app/nop-app-erp/module-projects/erp-prj-meta/target/app-erp-projects-meta-1.0-SNAPSHOT.jar to /Users/abc/.m2/repository/io/nop/app/app-erp-projects-meta/1.0-SNAPSHOT/app-erp-projects-meta-1.0-SNAPSHOT.jar
[INFO] Installing /Users/abc/app/nop-app-erp/module-projects/erp-prj-meta/target/app-erp-projects-meta-1.0-SNAPSHOT-sources.jar to /Users/abc/.m2/repository/io/nop/app/app-erp-projects-meta/1.0-SNAPSHOT/app-erp-projects-meta-1.0-SNAPSHOT-sources.jar
[INFO] 
[INFO] -------------------< io.nop.app:app-erp-maintenance >-------------------
[INFO] Building app-erp-maintenance 1.0-SNAPSHOT                       [59/156]
[INFO]   from module-maintenance/pom.xml
[INFO] --------------------------------[ pom ]---------------------------------
[INFO] 
[INFO] --- clean:3.4.0:clean (default-clean) @ app-erp-maintenance ---
[INFO] 
[INFO] --- enforcer:3.0.0-M2:enforce (enforce-no-duplicate-dependencies) @ app-erp-maintenance ---
[INFO] 
[INFO] --- jacoco:0.8.14:prepare-agent (default-prepare-agent) @ app-erp-maintenance ---
[INFO] jacocoArgLine set to -javaagent:/Users/abc/.m2/repository/org/jacoco/org.jacoco.agent/0.8.14/org.jacoco.agent-0.8.14-runtime.jar=destfile=/Users/abc/app/nop-app-erp/module-maintenance/target/jacoco.exec,excludes=**/_gen/**:**/_*.java:**/_*.xml:**/*Errors.*:**/*Configs.*:**/*Constants*:**/parse/antlr/**
[INFO] 
[INFO] --- source:3.3.0:jar-no-fork (attach-sources) @ app-erp-maintenance ---
[INFO] 
[INFO] --- install:3.1.1:install (default-install) @ app-erp-maintenance ---
[INFO] Installing /Users/abc/app/nop-app-erp/module-maintenance/pom.xml to /Users/abc/.m2/repository/io/nop/app/app-erp-maintenance/1.0-SNAPSHOT/app-erp-maintenance-1.0-SNAPSHOT.pom
[INFO] 
[INFO] ---------------< io.nop.app:app-erp-maintenance-codegen >---------------
[INFO] Building app-erp-maintenance-codegen 1.0-SNAPSHOT               [60/156]
[INFO]   from module-maintenance/erp-mnt-codegen/pom.xml
[INFO] --------------------------------[ jar ]---------------------------------
[INFO] 
[INFO] --- clean:3.4.0:clean (default-clean) @ app-erp-maintenance-codegen ---
[INFO] Deleting /Users/abc/app/nop-app-erp/module-maintenance/erp-mnt-codegen/target
[INFO] 
[INFO] --- enforcer:3.0.0-M2:enforce (enforce-no-duplicate-dependencies) @ app-erp-maintenance-codegen ---
[INFO] 
[INFO] --- jacoco:0.8.14:prepare-agent (default-prepare-agent) @ app-erp-maintenance-codegen ---
[INFO] jacocoArgLine set to -javaagent:/Users/abc/.m2/repository/org/jacoco/org.jacoco.agent/0.8.14/org.jacoco.agent-0.8.14-runtime.jar=destfile=/Users/abc/app/nop-app-erp/module-maintenance/erp-mnt-codegen/target/jacoco.exec,excludes=**/_gen/**:**/_*.java:**/_*.xml:**/*Errors.*:**/*Configs.*:**/*Constants*:**/parse/antlr/**
[INFO] 
[INFO] --- exec:3.0.0:java (precompile) @ app-erp-maintenance-codegen ---
SLF4J: Failed to load class "org.slf4j.impl.StaticLoggerBinder".
SLF4J: Defaulting to no-operation (NOP) logger implementation
SLF4J: See http://www.slf4j.org/codes.html#StaticLoggerBinder for further details.
nop.skip-codegen-when-tpl-dir-is-empty:/Users/abc/app/nop-app-erp/module-maintenance/erp-mnt-codegen/precompile
[INFO] 
[INFO] --- exec:3.0.0:java (precompile2) @ app-erp-maintenance-codegen ---
SLF4J: Failed to load class "org.slf4j.impl.StaticLoggerBinder".
SLF4J: Defaulting to no-operation (NOP) logger implementation
SLF4J: See http://www.slf4j.org/codes.html#StaticLoggerBinder for further details.
nop.skip-codegen-when-tpl-dir-is-empty:/Users/abc/app/nop-app-erp/module-maintenance/erp-mnt-codegen/precompile2
[INFO] 
[INFO] --- resources:3.3.1:resources (default-resources) @ app-erp-maintenance-codegen ---
[INFO] skip non existing resourceDirectory /Users/abc/app/nop-app-erp/module-maintenance/erp-mnt-codegen/src/main/resources
[INFO] 
[INFO] --- compiler:3.11.0:compile (default-compile) @ app-erp-maintenance-codegen ---
[INFO] No sources to compile
[INFO] 
[INFO] --- exec:3.0.0:java (aop) @ app-erp-maintenance-codegen ---
SLF4J: Failed to load class "org.slf4j.impl.StaticLoggerBinder".
SLF4J: Defaulting to no-operation (NOP) logger implementation
SLF4J: See http://www.slf4j.org/codes.html#StaticLoggerBinder for further details.
nop.gen-aop-proxy
[INFO] 
[INFO] --- exec:3.0.0:java (postcompile) @ app-erp-maintenance-codegen ---
SLF4J: Failed to load class "org.slf4j.impl.StaticLoggerBinder".
SLF4J: Defaulting to no-operation (NOP) logger implementation
SLF4J: See http://www.slf4j.org/codes.html#StaticLoggerBinder for further details.
projectDir=/Users/abc/app/nop-app-erp/module-maintenance/erp-mnt-codegen,dryRun=false,tplRoot=postcompile
end
[INFO] 
[INFO] --- resources:3.3.1:testResources (default-testResources) @ app-erp-maintenance-codegen ---
[INFO] skip non existing resourceDirectory /Users/abc/app/nop-app-erp/module-maintenance/erp-mnt-codegen/src/test/resources
[INFO] 
[INFO] --- compiler:3.11.0:testCompile (default-testCompile) @ app-erp-maintenance-codegen ---
[INFO] Changes detected - recompiling the module! :source
[INFO] Compiling 1 source file with javac [debug release 17] to target/test-classes
[INFO] 
[INFO] --- surefire:3.2.2:test (default-test) @ app-erp-maintenance-codegen ---
[INFO] Tests are skipped.
[INFO] 
[INFO] --- jar:3.3.0:jar (default-jar) @ app-erp-maintenance-codegen ---
[WARNING] JAR will be empty - no content was marked for inclusion!
[INFO] Building jar: /Users/abc/app/nop-app-erp/module-maintenance/erp-mnt-codegen/target/app-erp-maintenance-codegen-1.0-SNAPSHOT.jar
[INFO] 
[INFO] --- source:3.3.0:jar-no-fork (attach-sources) @ app-erp-maintenance-codegen ---
[INFO] No sources in project. Archive not created.
[INFO] 
[INFO] --- install:3.1.1:install (default-install) @ app-erp-maintenance-codegen ---
[INFO] Installing /Users/abc/app/nop-app-erp/module-maintenance/erp-mnt-codegen/pom.xml to /Users/abc/.m2/repository/io/nop/app/app-erp-maintenance-codegen/1.0-SNAPSHOT/app-erp-maintenance-codegen-1.0-SNAPSHOT.pom
[INFO] Installing /Users/abc/app/nop-app-erp/module-maintenance/erp-mnt-codegen/target/app-erp-maintenance-codegen-1.0-SNAPSHOT.jar to /Users/abc/.m2/repository/io/nop/app/app-erp-maintenance-codegen/1.0-SNAPSHOT/app-erp-maintenance-codegen-1.0-SNAPSHOT.jar
[INFO] 
[INFO] -----------------< io.nop.app:app-erp-maintenance-dao >-----------------
[INFO] Building app-erp-maintenance-dao 1.0-SNAPSHOT                   [61/156]
[INFO]   from module-maintenance/erp-mnt-dao/pom.xml
[INFO] --------------------------------[ jar ]---------------------------------
[INFO] 
[INFO] --- clean:3.4.0:clean (default-clean) @ app-erp-maintenance-dao ---
[INFO] Deleting /Users/abc/app/nop-app-erp/module-maintenance/erp-mnt-dao/target
[INFO] 
[INFO] --- enforcer:3.0.0-M2:enforce (enforce-no-duplicate-dependencies) @ app-erp-maintenance-dao ---
[INFO] 
[INFO] --- jacoco:0.8.14:prepare-agent (default-prepare-agent) @ app-erp-maintenance-dao ---
[INFO] jacocoArgLine set to -javaagent:/Users/abc/.m2/repository/org/jacoco/org.jacoco.agent/0.8.14/org.jacoco.agent-0.8.14-runtime.jar=destfile=/Users/abc/app/nop-app-erp/module-maintenance/erp-mnt-dao/target/jacoco.exec,excludes=**/_gen/**:**/_*.java:**/_*.xml:**/*Errors.*:**/*Configs.*:**/*Constants*:**/parse/antlr/**
[INFO] 
[INFO] --- resources:3.3.1:resources (default-resources) @ app-erp-maintenance-dao ---
[INFO] Copying 4 resources from src/main/resources to target/classes
[INFO] 
[INFO] --- compiler:3.11.0:compile (default-compile) @ app-erp-maintenance-dao ---
[INFO] Changes detected - recompiling the module! :dependency
[INFO] Compiling 49 source files with javac [debug release 17] to target/classes
[INFO] 
[INFO] --- resources:3.3.1:testResources (default-testResources) @ app-erp-maintenance-dao ---
[INFO] skip non existing resourceDirectory /Users/abc/app/nop-app-erp/module-maintenance/erp-mnt-dao/src/test/resources
[INFO] 
[INFO] --- compiler:3.11.0:testCompile (default-testCompile) @ app-erp-maintenance-dao ---
[INFO] No sources to compile
[INFO] 
[INFO] --- surefire:3.2.2:test (default-test) @ app-erp-maintenance-dao ---
[INFO] Tests are skipped.
[INFO] 
[INFO] --- jar:3.3.0:jar (default-jar) @ app-erp-maintenance-dao ---
[INFO] Building jar: /Users/abc/app/nop-app-erp/module-maintenance/erp-mnt-dao/target/app-erp-maintenance-dao-1.0-SNAPSHOT.jar
[INFO] 
[INFO] --- source:3.3.0:jar-no-fork (attach-sources) @ app-erp-maintenance-dao ---
[INFO] Building jar: /Users/abc/app/nop-app-erp/module-maintenance/erp-mnt-dao/target/app-erp-maintenance-dao-1.0-SNAPSHOT-sources.jar
[INFO] 
[INFO] --- install:3.1.1:install (default-install) @ app-erp-maintenance-dao ---
[INFO] Installing /Users/abc/app/nop-app-erp/module-maintenance/erp-mnt-dao/pom.xml to /Users/abc/.m2/repository/io/nop/app/app-erp-maintenance-dao/1.0-SNAPSHOT/app-erp-maintenance-dao-1.0-SNAPSHOT.pom
[INFO] Installing /Users/abc/app/nop-app-erp/module-maintenance/erp-mnt-dao/target/app-erp-maintenance-dao-1.0-SNAPSHOT.jar to /Users/abc/.m2/repository/io/nop/app/app-erp-maintenance-dao/1.0-SNAPSHOT/app-erp-maintenance-dao-1.0-SNAPSHOT.jar
[INFO] Installing /Users/abc/app/nop-app-erp/module-maintenance/erp-mnt-dao/target/app-erp-maintenance-dao-1.0-SNAPSHOT-sources.jar to /Users/abc/.m2/repository/io/nop/app/app-erp-maintenance-dao/1.0-SNAPSHOT/app-erp-maintenance-dao-1.0-SNAPSHOT-sources.jar
[INFO] 
[INFO] -------------------< io.nop.app:app-erp-assets-meta >-------------------
[INFO] Building app-erp-assets-meta 1.0-SNAPSHOT                       [62/156]
[INFO]   from module-assets/erp-ast-meta/pom.xml
[INFO] --------------------------------[ jar ]---------------------------------
[INFO] 
[INFO] --- clean:3.4.0:clean (default-clean) @ app-erp-assets-meta ---
[INFO] Deleting /Users/abc/app/nop-app-erp/module-assets/erp-ast-meta/target
[INFO] 
[INFO] --- enforcer:3.0.0-M2:enforce (enforce-no-duplicate-dependencies) @ app-erp-assets-meta ---
[INFO] 
[INFO] --- jacoco:0.8.14:prepare-agent (default-prepare-agent) @ app-erp-assets-meta ---
[INFO] jacocoArgLine set to -javaagent:/Users/abc/.m2/repository/org/jacoco/org.jacoco.agent/0.8.14/org.jacoco.agent-0.8.14-runtime.jar=destfile=/Users/abc/app/nop-app-erp/module-assets/erp-ast-meta/target/jacoco.exec,excludes=**/_gen/**:**/_*.java:**/_*.xml:**/*Errors.*:**/*Configs.*:**/*Constants*:**/parse/antlr/**
[INFO] 
[INFO] --- exec:3.0.0:java (precompile) @ app-erp-assets-meta ---
SLF4J: Failed to load class "org.slf4j.impl.StaticLoggerBinder".
SLF4J: Defaulting to no-operation (NOP) logger implementation
SLF4J: See http://www.slf4j.org/codes.html#StaticLoggerBinder for further details.
projectDir=/Users/abc/app/nop-app-erp/module-assets/erp-ast-meta,dryRun=false,tplRoot=precompile
end
[INFO] 
[INFO] --- exec:3.0.0:java (precompile2) @ app-erp-assets-meta ---
SLF4J: Failed to load class "org.slf4j.impl.StaticLoggerBinder".
SLF4J: Defaulting to no-operation (NOP) logger implementation
SLF4J: See http://www.slf4j.org/codes.html#StaticLoggerBinder for further details.
nop.skip-codegen-when-tpl-dir-is-empty:/Users/abc/app/nop-app-erp/module-assets/erp-ast-meta/precompile2
[INFO] 
[INFO] --- resources:3.3.1:resources (default-resources) @ app-erp-assets-meta ---
[INFO] Copying 64 resources from src/main/resources to target/classes
[INFO] 
[INFO] --- compiler:3.11.0:compile (default-compile) @ app-erp-assets-meta ---
[INFO] No sources to compile
[INFO] 
[INFO] --- exec:3.0.0:java (aop) @ app-erp-assets-meta ---
SLF4J: Failed to load class "org.slf4j.impl.StaticLoggerBinder".
SLF4J: Defaulting to no-operation (NOP) logger implementation
SLF4J: See http://www.slf4j.org/codes.html#StaticLoggerBinder for further details.
nop.gen-aop-proxy
[INFO] 
[INFO] --- exec:3.0.0:java (postcompile) @ app-erp-assets-meta ---
SLF4J: Failed to load class "org.slf4j.impl.StaticLoggerBinder".
SLF4J: Defaulting to no-operation (NOP) logger implementation
SLF4J: See http://www.slf4j.org/codes.html#StaticLoggerBinder for further details.
projectDir=/Users/abc/app/nop-app-erp/module-assets/erp-ast-meta,dryRun=false,tplRoot=postcompile
end
[INFO] 
[INFO] --- resources:3.3.1:testResources (default-testResources) @ app-erp-assets-meta ---
[INFO] skip non existing resourceDirectory /Users/abc/app/nop-app-erp/module-assets/erp-ast-meta/src/test/resources
[INFO] 
[INFO] --- compiler:3.11.0:testCompile (default-testCompile) @ app-erp-assets-meta ---
[INFO] No sources to compile
[INFO] 
[INFO] --- surefire:3.2.2:test (default-test) @ app-erp-assets-meta ---
[INFO] Tests are skipped.
[INFO] 
[INFO] --- jar:3.3.0:jar (default-jar) @ app-erp-assets-meta ---
[INFO] Building jar: /Users/abc/app/nop-app-erp/module-assets/erp-ast-meta/target/app-erp-assets-meta-1.0-SNAPSHOT.jar
[INFO] 
[INFO] --- source:3.3.0:jar-no-fork (attach-sources) @ app-erp-assets-meta ---
[INFO] Building jar: /Users/abc/app/nop-app-erp/module-assets/erp-ast-meta/target/app-erp-assets-meta-1.0-SNAPSHOT-sources.jar
[INFO] 
[INFO] --- install:3.1.1:install (default-install) @ app-erp-assets-meta ---
[INFO] Installing /Users/abc/app/nop-app-erp/module-assets/erp-ast-meta/pom.xml to /Users/abc/.m2/repository/io/nop/app/app-erp-assets-meta/1.0-SNAPSHOT/app-erp-assets-meta-1.0-SNAPSHOT.pom
[INFO] Installing /Users/abc/app/nop-app-erp/module-assets/erp-ast-meta/target/app-erp-assets-meta-1.0-SNAPSHOT.jar to /Users/abc/.m2/repository/io/nop/app/app-erp-assets-meta/1.0-SNAPSHOT/app-erp-assets-meta-1.0-SNAPSHOT.jar
[INFO] Installing /Users/abc/app/nop-app-erp/module-assets/erp-ast-meta/target/app-erp-assets-meta-1.0-SNAPSHOT-sources.jar to /Users/abc/.m2/repository/io/nop/app/app-erp-assets-meta/1.0-SNAPSHOT/app-erp-assets-meta-1.0-SNAPSHOT-sources.jar
[INFO] 
[INFO] -----------------< io.nop.app:app-erp-assets-service >------------------
[INFO] Building app-erp-assets-service 1.0-SNAPSHOT                    [63/156]
[INFO]   from module-assets/erp-ast-service/pom.xml
[INFO] --------------------------------[ jar ]---------------------------------
[INFO] 
[INFO] --- clean:3.4.0:clean (default-clean) @ app-erp-assets-service ---
[INFO] Deleting /Users/abc/app/nop-app-erp/module-assets/erp-ast-service/target
[INFO] 
[INFO] --- enforcer:3.0.0-M2:enforce (enforce-no-duplicate-dependencies) @ app-erp-assets-service ---
[INFO] 
[INFO] --- jacoco:0.8.14:prepare-agent (default-prepare-agent) @ app-erp-assets-service ---
[INFO] jacocoArgLine set to -javaagent:/Users/abc/.m2/repository/org/jacoco/org.jacoco.agent/0.8.14/org.jacoco.agent-0.8.14-runtime.jar=destfile=/Users/abc/app/nop-app-erp/module-assets/erp-ast-service/target/jacoco.exec,excludes=**/_gen/**:**/_*.java:**/_*.xml:**/*Errors.*:**/*Configs.*:**/*Constants*:**/parse/antlr/**
[INFO] 
[INFO] --- exec:3.0.0:java (precompile) @ app-erp-assets-service ---
SLF4J: Failed to load class "org.slf4j.impl.StaticLoggerBinder".
SLF4J: Defaulting to no-operation (NOP) logger implementation
SLF4J: See http://www.slf4j.org/codes.html#StaticLoggerBinder for further details.
nop.skip-codegen-when-tpl-dir-is-empty:/Users/abc/app/nop-app-erp/module-assets/erp-ast-service/precompile
[INFO] 
[INFO] --- exec:3.0.0:java (precompile2) @ app-erp-assets-service ---
SLF4J: Failed to load class "org.slf4j.impl.StaticLoggerBinder".
SLF4J: Defaulting to no-operation (NOP) logger implementation
SLF4J: See http://www.slf4j.org/codes.html#StaticLoggerBinder for further details.
nop.skip-codegen-when-tpl-dir-is-empty:/Users/abc/app/nop-app-erp/module-assets/erp-ast-service/precompile2
[INFO] 
[INFO] --- resources:3.3.1:resources (default-resources) @ app-erp-assets-service ---
[INFO] Copying 48 resources from src/main/resources to target/classes
[INFO] 
[INFO] --- compiler:3.11.0:compile (default-compile) @ app-erp-assets-service ---
[INFO] Changes detected - recompiling the module! :dependency
[INFO] Compiling 126 source files with javac [debug release 17] to target/classes
[INFO] 
[INFO] --- exec:3.0.0:java (aop) @ app-erp-assets-service ---
SLF4J: Failed to load class "org.slf4j.impl.StaticLoggerBinder".
SLF4J: Defaulting to no-operation (NOP) logger implementation
SLF4J: See http://www.slf4j.org/codes.html#StaticLoggerBinder for further details.
nop.gen-aop-proxy
[INFO] 
[INFO] --- exec:3.0.0:java (postcompile) @ app-erp-assets-service ---
SLF4J: Failed to load class "org.slf4j.impl.StaticLoggerBinder".
SLF4J: Defaulting to no-operation (NOP) logger implementation
SLF4J: See http://www.slf4j.org/codes.html#StaticLoggerBinder for further details.
nop.skip-codegen-when-tpl-dir-is-empty:/Users/abc/app/nop-app-erp/module-assets/erp-ast-service/postcompile
[INFO] 
[INFO] --- resources:3.3.1:testResources (default-testResources) @ app-erp-assets-service ---
[INFO] Copying 3 resources from src/test/resources to target/test-classes
[INFO] 
[INFO] --- compiler:3.11.0:testCompile (default-testCompile) @ app-erp-assets-service ---
[INFO] Changes detected - recompiling the module! :dependency
[INFO] Compiling 42 source files with javac [debug release 17] to target/test-classes
[INFO] 
[INFO] --- surefire:3.2.2:test (default-test) @ app-erp-assets-service ---
[INFO] Tests are skipped.
[INFO] 
[INFO] --- jar:3.3.0:jar (default-jar) @ app-erp-assets-service ---
[INFO] Building jar: /Users/abc/app/nop-app-erp/module-assets/erp-ast-service/target/app-erp-assets-service-1.0-SNAPSHOT.jar
[INFO] 
[INFO] --- source:3.3.0:jar-no-fork (attach-sources) @ app-erp-assets-service ---
[INFO] Building jar: /Users/abc/app/nop-app-erp/module-assets/erp-ast-service/target/app-erp-assets-service-1.0-SNAPSHOT-sources.jar
[INFO] 
[INFO] --- install:3.1.1:install (default-install) @ app-erp-assets-service ---
[INFO] Installing /Users/abc/app/nop-app-erp/module-assets/erp-ast-service/pom.xml to /Users/abc/.m2/repository/io/nop/app/app-erp-assets-service/1.0-SNAPSHOT/app-erp-assets-service-1.0-SNAPSHOT.pom
[INFO] Installing /Users/abc/app/nop-app-erp/module-assets/erp-ast-service/target/app-erp-assets-service-1.0-SNAPSHOT.jar to /Users/abc/.m2/repository/io/nop/app/app-erp-assets-service/1.0-SNAPSHOT/app-erp-assets-service-1.0-SNAPSHOT.jar
[INFO] Installing /Users/abc/app/nop-app-erp/module-assets/erp-ast-service/target/app-erp-assets-service-1.0-SNAPSHOT-sources.jar to /Users/abc/.m2/repository/io/nop/app/app-erp-assets-service/1.0-SNAPSHOT/app-erp-assets-service-1.0-SNAPSHOT-sources.jar
[INFO] 
[INFO] ----------------< io.nop.app:app-erp-projects-service >-----------------
[INFO] Building app-erp-projects-service 1.0-SNAPSHOT                  [64/156]
[INFO]   from module-projects/erp-prj-service/pom.xml
[INFO] --------------------------------[ jar ]---------------------------------
[INFO] 
[INFO] --- clean:3.4.0:clean (default-clean) @ app-erp-projects-service ---
[INFO] Deleting /Users/abc/app/nop-app-erp/module-projects/erp-prj-service/target
[INFO] 
[INFO] --- enforcer:3.0.0-M2:enforce (enforce-no-duplicate-dependencies) @ app-erp-projects-service ---
[INFO] 
[INFO] --- jacoco:0.8.14:prepare-agent (default-prepare-agent) @ app-erp-projects-service ---
[INFO] jacocoArgLine set to -javaagent:/Users/abc/.m2/repository/org/jacoco/org.jacoco.agent/0.8.14/org.jacoco.agent-0.8.14-runtime.jar=destfile=/Users/abc/app/nop-app-erp/module-projects/erp-prj-service/target/jacoco.exec,excludes=**/_gen/**:**/_*.java:**/_*.xml:**/*Errors.*:**/*Configs.*:**/*Constants*:**/parse/antlr/**
[INFO] 
[INFO] --- exec:3.0.0:java (precompile) @ app-erp-projects-service ---
SLF4J: Failed to load class "org.slf4j.impl.StaticLoggerBinder".
SLF4J: Defaulting to no-operation (NOP) logger implementation
SLF4J: See http://www.slf4j.org/codes.html#StaticLoggerBinder for further details.
nop.skip-codegen-when-tpl-dir-is-empty:/Users/abc/app/nop-app-erp/module-projects/erp-prj-service/precompile
[INFO] 
[INFO] --- exec:3.0.0:java (precompile2) @ app-erp-projects-service ---
SLF4J: Failed to load class "org.slf4j.impl.StaticLoggerBinder".
SLF4J: Defaulting to no-operation (NOP) logger implementation
SLF4J: See http://www.slf4j.org/codes.html#StaticLoggerBinder for further details.
nop.skip-codegen-when-tpl-dir-is-empty:/Users/abc/app/nop-app-erp/module-projects/erp-prj-service/precompile2
[INFO] 
[INFO] --- resources:3.3.1:resources (default-resources) @ app-erp-projects-service ---
[INFO] Copying 41 resources from src/main/resources to target/classes
[INFO] 
[INFO] --- compiler:3.11.0:compile (default-compile) @ app-erp-projects-service ---
[INFO] Changes detected - recompiling the module! :dependency
[INFO] Compiling 58 source files with javac [debug release 17] to target/classes
[INFO] /Users/abc/app/nop-app-erp/module-projects/erp-prj-service/src/main/java/app/erp/prj/service/dashboard/ErpPrjDashboardBizModel.java: /Users/abc/app/nop-app-erp/module-projects/erp-prj-service/src/main/java/app/erp/prj/service/dashboard/ErpPrjDashboardBizModel.java使用或覆盖了已过时的 API。
[INFO] /Users/abc/app/nop-app-erp/module-projects/erp-prj-service/src/main/java/app/erp/prj/service/dashboard/ErpPrjDashboardBizModel.java: 有关详细信息, 请使用 -Xlint:deprecation 重新编译。
[INFO] 
[INFO] --- exec:3.0.0:java (aop) @ app-erp-projects-service ---
SLF4J: Failed to load class "org.slf4j.impl.StaticLoggerBinder".
SLF4J: Defaulting to no-operation (NOP) logger implementation
SLF4J: See http://www.slf4j.org/codes.html#StaticLoggerBinder for further details.
nop.gen-aop-proxy
[INFO] 
[INFO] --- exec:3.0.0:java (postcompile) @ app-erp-projects-service ---
SLF4J: Failed to load class "org.slf4j.impl.StaticLoggerBinder".
SLF4J: Defaulting to no-operation (NOP) logger implementation
SLF4J: See http://www.slf4j.org/codes.html#StaticLoggerBinder for further details.
nop.skip-codegen-when-tpl-dir-is-empty:/Users/abc/app/nop-app-erp/module-projects/erp-prj-service/postcompile
[INFO] 
[INFO] --- resources:3.3.1:testResources (default-testResources) @ app-erp-projects-service ---
[INFO] Copying 1 resource from src/test/resources to target/test-classes
[INFO] 
[INFO] --- compiler:3.11.0:testCompile (default-testCompile) @ app-erp-projects-service ---
[INFO] Changes detected - recompiling the module! :dependency
[INFO] Compiling 28 source files with javac [debug release 17] to target/test-classes
[INFO] 
[INFO] --- surefire:3.2.2:test (default-test) @ app-erp-projects-service ---
[INFO] Tests are skipped.
[INFO] 
[INFO] --- jar:3.3.0:jar (default-jar) @ app-erp-projects-service ---
[INFO] Building jar: /Users/abc/app/nop-app-erp/module-projects/erp-prj-service/target/app-erp-projects-service-1.0-SNAPSHOT.jar
[INFO] 
[INFO] --- source:3.3.0:jar-no-fork (attach-sources) @ app-erp-projects-service ---
[INFO] Building jar: /Users/abc/app/nop-app-erp/module-projects/erp-prj-service/target/app-erp-projects-service-1.0-SNAPSHOT-sources.jar
[INFO] 
[INFO] --- install:3.1.1:install (default-install) @ app-erp-projects-service ---
[INFO] Installing /Users/abc/app/nop-app-erp/module-projects/erp-prj-service/pom.xml to /Users/abc/.m2/repository/io/nop/app/app-erp-projects-service/1.0-SNAPSHOT/app-erp-projects-service-1.0-SNAPSHOT.pom
[INFO] Installing /Users/abc/app/nop-app-erp/module-projects/erp-prj-service/target/app-erp-projects-service-1.0-SNAPSHOT.jar to /Users/abc/.m2/repository/io/nop/app/app-erp-projects-service/1.0-SNAPSHOT/app-erp-projects-service-1.0-SNAPSHOT.jar
[INFO] Installing /Users/abc/app/nop-app-erp/module-projects/erp-prj-service/target/app-erp-projects-service-1.0-SNAPSHOT-sources.jar to /Users/abc/.m2/repository/io/nop/app/app-erp-projects-service/1.0-SNAPSHOT/app-erp-projects-service-1.0-SNAPSHOT-sources.jar
[INFO] 
[INFO] ------------------< io.nop.app:app-erp-contract-meta >------------------
[INFO] Building app-erp-contract-meta 1.0-SNAPSHOT                     [65/156]
[INFO]   from module-contract/erp-ct-meta/pom.xml
[INFO] --------------------------------[ jar ]---------------------------------
[INFO] 
[INFO] --- clean:3.4.0:clean (default-clean) @ app-erp-contract-meta ---
[INFO] Deleting /Users/abc/app/nop-app-erp/module-contract/erp-ct-meta/target
[INFO] 
[INFO] --- enforcer:3.0.0-M2:enforce (enforce-no-duplicate-dependencies) @ app-erp-contract-meta ---
[INFO] 
[INFO] --- jacoco:0.8.14:prepare-agent (default-prepare-agent) @ app-erp-contract-meta ---
[INFO] jacocoArgLine set to -javaagent:/Users/abc/.m2/repository/org/jacoco/org.jacoco.agent/0.8.14/org.jacoco.agent-0.8.14-runtime.jar=destfile=/Users/abc/app/nop-app-erp/module-contract/erp-ct-meta/target/jacoco.exec,excludes=**/_gen/**:**/_*.java:**/_*.xml:**/*Errors.*:**/*Configs.*:**/*Constants*:**/parse/antlr/**
[INFO] 
[INFO] --- exec:3.0.0:java (precompile) @ app-erp-contract-meta ---
SLF4J: Failed to load class "org.slf4j.impl.StaticLoggerBinder".
SLF4J: Defaulting to no-operation (NOP) logger implementation
SLF4J: See http://www.slf4j.org/codes.html#StaticLoggerBinder for further details.
projectDir=/Users/abc/app/nop-app-erp/module-contract/erp-ct-meta,dryRun=false,tplRoot=precompile
end
[INFO] 
[INFO] --- exec:3.0.0:java (precompile2) @ app-erp-contract-meta ---
SLF4J: Failed to load class "org.slf4j.impl.StaticLoggerBinder".
SLF4J: Defaulting to no-operation (NOP) logger implementation
SLF4J: See http://www.slf4j.org/codes.html#StaticLoggerBinder for further details.
nop.skip-codegen-when-tpl-dir-is-empty:/Users/abc/app/nop-app-erp/module-contract/erp-ct-meta/precompile2
[INFO] 
[INFO] --- resources:3.3.1:resources (default-resources) @ app-erp-contract-meta ---
[INFO] Copying 51 resources from src/main/resources to target/classes
[INFO] 
[INFO] --- compiler:3.11.0:compile (default-compile) @ app-erp-contract-meta ---
[INFO] No sources to compile
[INFO] 
[INFO] --- exec:3.0.0:java (aop) @ app-erp-contract-meta ---
SLF4J: Failed to load class "org.slf4j.impl.StaticLoggerBinder".
SLF4J: Defaulting to no-operation (NOP) logger implementation
SLF4J: See http://www.slf4j.org/codes.html#StaticLoggerBinder for further details.
nop.gen-aop-proxy
[INFO] 
[INFO] --- exec:3.0.0:java (postcompile) @ app-erp-contract-meta ---
SLF4J: Failed to load class "org.slf4j.impl.StaticLoggerBinder".
SLF4J: Defaulting to no-operation (NOP) logger implementation
SLF4J: See http://www.slf4j.org/codes.html#StaticLoggerBinder for further details.
projectDir=/Users/abc/app/nop-app-erp/module-contract/erp-ct-meta,dryRun=false,tplRoot=postcompile
end
[INFO] 
[INFO] --- resources:3.3.1:testResources (default-testResources) @ app-erp-contract-meta ---
[INFO] skip non existing resourceDirectory /Users/abc/app/nop-app-erp/module-contract/erp-ct-meta/src/test/resources
[INFO] 
[INFO] --- compiler:3.11.0:testCompile (default-testCompile) @ app-erp-contract-meta ---
[INFO] No sources to compile
[INFO] 
[INFO] --- surefire:3.2.2:test (default-test) @ app-erp-contract-meta ---
[INFO] Tests are skipped.
[INFO] 
[INFO] --- jar:3.3.0:jar (default-jar) @ app-erp-contract-meta ---
[INFO] Building jar: /Users/abc/app/nop-app-erp/module-contract/erp-ct-meta/target/app-erp-contract-meta-1.0-SNAPSHOT.jar
[INFO] 
[INFO] --- source:3.3.0:jar-no-fork (attach-sources) @ app-erp-contract-meta ---
[INFO] Building jar: /Users/abc/app/nop-app-erp/module-contract/erp-ct-meta/target/app-erp-contract-meta-1.0-SNAPSHOT-sources.jar
[INFO] 
[INFO] --- install:3.1.1:install (default-install) @ app-erp-contract-meta ---
[INFO] Installing /Users/abc/app/nop-app-erp/module-contract/erp-ct-meta/pom.xml to /Users/abc/.m2/repository/io/nop/app/app-erp-contract-meta/1.0-SNAPSHOT/app-erp-contract-meta-1.0-SNAPSHOT.pom
[INFO] Installing /Users/abc/app/nop-app-erp/module-contract/erp-ct-meta/target/app-erp-contract-meta-1.0-SNAPSHOT.jar to /Users/abc/.m2/repository/io/nop/app/app-erp-contract-meta/1.0-SNAPSHOT/app-erp-contract-meta-1.0-SNAPSHOT.jar
[INFO] Installing /Users/abc/app/nop-app-erp/module-contract/erp-ct-meta/target/app-erp-contract-meta-1.0-SNAPSHOT-sources.jar to /Users/abc/.m2/repository/io/nop/app/app-erp-contract-meta/1.0-SNAPSHOT/app-erp-contract-meta-1.0-SNAPSHOT-sources.jar
[INFO] 
[INFO] ----------------< io.nop.app:app-erp-contract-service >-----------------
[INFO] Building app-erp-contract-service 1.0-SNAPSHOT                  [66/156]
[INFO]   from module-contract/erp-ct-service/pom.xml
[INFO] --------------------------------[ jar ]---------------------------------
[INFO] 
[INFO] --- clean:3.4.0:clean (default-clean) @ app-erp-contract-service ---
[INFO] Deleting /Users/abc/app/nop-app-erp/module-contract/erp-ct-service/target
[INFO] 
[INFO] --- enforcer:3.0.0-M2:enforce (enforce-no-duplicate-dependencies) @ app-erp-contract-service ---
[INFO] 
[INFO] --- jacoco:0.8.14:prepare-agent (default-prepare-agent) @ app-erp-contract-service ---
[INFO] jacocoArgLine set to -javaagent:/Users/abc/.m2/repository/org/jacoco/org.jacoco.agent/0.8.14/org.jacoco.agent-0.8.14-runtime.jar=destfile=/Users/abc/app/nop-app-erp/module-contract/erp-ct-service/target/jacoco.exec,excludes=**/_gen/**:**/_*.java:**/_*.xml:**/*Errors.*:**/*Configs.*:**/*Constants*:**/parse/antlr/**
[INFO] 
[INFO] --- exec:3.0.0:java (precompile) @ app-erp-contract-service ---
SLF4J: Failed to load class "org.slf4j.impl.StaticLoggerBinder".
SLF4J: Defaulting to no-operation (NOP) logger implementation
SLF4J: See http://www.slf4j.org/codes.html#StaticLoggerBinder for further details.
nop.skip-codegen-when-tpl-dir-is-empty:/Users/abc/app/nop-app-erp/module-contract/erp-ct-service/precompile
[INFO] 
[INFO] --- exec:3.0.0:java (precompile2) @ app-erp-contract-service ---
SLF4J: Failed to load class "org.slf4j.impl.StaticLoggerBinder".
SLF4J: Defaulting to no-operation (NOP) logger implementation
SLF4J: See http://www.slf4j.org/codes.html#StaticLoggerBinder for further details.
nop.skip-codegen-when-tpl-dir-is-empty:/Users/abc/app/nop-app-erp/module-contract/erp-ct-service/precompile2
[INFO] 
[INFO] --- resources:3.3.1:resources (default-resources) @ app-erp-contract-service ---
[INFO] Copying 34 resources from src/main/resources to target/classes
[INFO] 
[INFO] --- compiler:3.11.0:compile (default-compile) @ app-erp-contract-service ---
[INFO] Changes detected - recompiling the module! :dependency
[INFO] Compiling 52 source files with javac [debug release 17] to target/classes
[INFO] 
[INFO] --- exec:3.0.0:java (aop) @ app-erp-contract-service ---
SLF4J: Failed to load class "org.slf4j.impl.StaticLoggerBinder".
SLF4J: Defaulting to no-operation (NOP) logger implementation
SLF4J: See http://www.slf4j.org/codes.html#StaticLoggerBinder for further details.
nop.gen-aop-proxy
[INFO] 
[INFO] --- exec:3.0.0:java (postcompile) @ app-erp-contract-service ---
SLF4J: Failed to load class "org.slf4j.impl.StaticLoggerBinder".
SLF4J: Defaulting to no-operation (NOP) logger implementation
SLF4J: See http://www.slf4j.org/codes.html#StaticLoggerBinder for further details.
nop.skip-codegen-when-tpl-dir-is-empty:/Users/abc/app/nop-app-erp/module-contract/erp-ct-service/postcompile
[INFO] 
[INFO] --- resources:3.3.1:testResources (default-testResources) @ app-erp-contract-service ---
[INFO] Copying 4 resources from src/test/resources to target/test-classes
[INFO] 
[INFO] --- compiler:3.11.0:testCompile (default-testCompile) @ app-erp-contract-service ---
[INFO] Changes detected - recompiling the module! :dependency
[INFO] Compiling 25 source files with javac [debug release 17] to target/test-classes
[INFO] 
[INFO] --- surefire:3.2.2:test (default-test) @ app-erp-contract-service ---
[INFO] Tests are skipped.
[INFO] 
[INFO] --- jar:3.3.0:jar (default-jar) @ app-erp-contract-service ---
[INFO] Building jar: /Users/abc/app/nop-app-erp/module-contract/erp-ct-service/target/app-erp-contract-service-1.0-SNAPSHOT.jar
[INFO] 
[INFO] --- source:3.3.0:jar-no-fork (attach-sources) @ app-erp-contract-service ---
[INFO] Building jar: /Users/abc/app/nop-app-erp/module-contract/erp-ct-service/target/app-erp-contract-service-1.0-SNAPSHOT-sources.jar
[INFO] 
[INFO] --- install:3.1.1:install (default-install) @ app-erp-contract-service ---
[INFO] Installing /Users/abc/app/nop-app-erp/module-contract/erp-ct-service/pom.xml to /Users/abc/.m2/repository/io/nop/app/app-erp-contract-service/1.0-SNAPSHOT/app-erp-contract-service-1.0-SNAPSHOT.pom
[INFO] Installing /Users/abc/app/nop-app-erp/module-contract/erp-ct-service/target/app-erp-contract-service-1.0-SNAPSHOT.jar to /Users/abc/.m2/repository/io/nop/app/app-erp-contract-service/1.0-SNAPSHOT/app-erp-contract-service-1.0-SNAPSHOT.jar
[INFO] Installing /Users/abc/app/nop-app-erp/module-contract/erp-ct-service/target/app-erp-contract-service-1.0-SNAPSHOT-sources.jar to /Users/abc/.m2/repository/io/nop/app/app-erp-contract-service/1.0-SNAPSHOT/app-erp-contract-service-1.0-SNAPSHOT-sources.jar
[INFO] 
[INFO] ----------------< io.nop.app:app-erp-purchase-service >-----------------
[INFO] Building app-erp-purchase-service 1.0-SNAPSHOT                  [67/156]
[INFO]   from module-purchase/erp-pur-service/pom.xml
[INFO] --------------------------------[ jar ]---------------------------------
[INFO] 
[INFO] --- clean:3.4.0:clean (default-clean) @ app-erp-purchase-service ---
[INFO] Deleting /Users/abc/app/nop-app-erp/module-purchase/erp-pur-service/target
[INFO] 
[INFO] --- enforcer:3.0.0-M2:enforce (enforce-no-duplicate-dependencies) @ app-erp-purchase-service ---
[INFO] 
[INFO] --- jacoco:0.8.14:prepare-agent (default-prepare-agent) @ app-erp-purchase-service ---
[INFO] jacocoArgLine set to -javaagent:/Users/abc/.m2/repository/org/jacoco/org.jacoco.agent/0.8.14/org.jacoco.agent-0.8.14-runtime.jar=destfile=/Users/abc/app/nop-app-erp/module-purchase/erp-pur-service/target/jacoco.exec,excludes=**/_gen/**:**/_*.java:**/_*.xml:**/*Errors.*:**/*Configs.*:**/*Constants*:**/parse/antlr/**
[INFO] 
[INFO] --- exec:3.0.0:java (precompile) @ app-erp-purchase-service ---
SLF4J: Failed to load class "org.slf4j.impl.StaticLoggerBinder".
SLF4J: Defaulting to no-operation (NOP) logger implementation
SLF4J: See http://www.slf4j.org/codes.html#StaticLoggerBinder for further details.
nop.skip-codegen-when-tpl-dir-is-empty:/Users/abc/app/nop-app-erp/module-purchase/erp-pur-service/precompile
[INFO] 
[INFO] --- exec:3.0.0:java (precompile2) @ app-erp-purchase-service ---
SLF4J: Failed to load class "org.slf4j.impl.StaticLoggerBinder".
SLF4J: Defaulting to no-operation (NOP) logger implementation
SLF4J: See http://www.slf4j.org/codes.html#StaticLoggerBinder for further details.
nop.skip-codegen-when-tpl-dir-is-empty:/Users/abc/app/nop-app-erp/module-purchase/erp-pur-service/precompile2
[INFO] 
[INFO] --- resources:3.3.1:resources (default-resources) @ app-erp-purchase-service ---
[INFO] Copying 45 resources from src/main/resources to target/classes
[INFO] 
[INFO] --- compiler:3.11.0:compile (default-compile) @ app-erp-purchase-service ---
[INFO] Changes detected - recompiling the module! :dependency
[INFO] Compiling 103 source files with javac [debug release 17] to target/classes
[INFO] /Users/abc/app/nop-app-erp/module-purchase/erp-pur-service/src/main/java/app/erp/pur/service/entity/RequisitionToOrderConverter.java: 某些输入文件使用或覆盖了已过时的 API。
[INFO] /Users/abc/app/nop-app-erp/module-purchase/erp-pur-service/src/main/java/app/erp/pur/service/entity/RequisitionToOrderConverter.java: 有关详细信息, 请使用 -Xlint:deprecation 重新编译。
[INFO] 
[INFO] --- exec:3.0.0:java (aop) @ app-erp-purchase-service ---
SLF4J: Failed to load class "org.slf4j.impl.StaticLoggerBinder".
SLF4J: Defaulting to no-operation (NOP) logger implementation
SLF4J: See http://www.slf4j.org/codes.html#StaticLoggerBinder for further details.
nop.gen-aop-proxy
[INFO] 
[INFO] --- exec:3.0.0:java (postcompile) @ app-erp-purchase-service ---
SLF4J: Failed to load class "org.slf4j.impl.StaticLoggerBinder".
SLF4J: Defaulting to no-operation (NOP) logger implementation
SLF4J: See http://www.slf4j.org/codes.html#StaticLoggerBinder for further details.
nop.skip-codegen-when-tpl-dir-is-empty:/Users/abc/app/nop-app-erp/module-purchase/erp-pur-service/postcompile
[INFO] 
[INFO] --- resources:3.3.1:testResources (default-testResources) @ app-erp-purchase-service ---
[INFO] Copying 4 resources from src/test/resources to target/test-classes
[INFO] 
[INFO] --- compiler:3.11.0:testCompile (default-testCompile) @ app-erp-purchase-service ---
[INFO] Changes detected - recompiling the module! :dependency
[INFO] Compiling 61 source files with javac [debug release 17] to target/test-classes
[INFO] /Users/abc/app/nop-app-erp/module-purchase/erp-pur-service/src/test/java/app/erp/pur/service/TestErpPurReceiveCancelInspectionLinkage.java: /Users/abc/app/nop-app-erp/module-purchase/erp-pur-service/src/test/java/app/erp/pur/service/TestErpPurReceiveCancelInspectionLinkage.java使用了未经检查或不安全的操作。
[INFO] /Users/abc/app/nop-app-erp/module-purchase/erp-pur-service/src/test/java/app/erp/pur/service/TestErpPurReceiveCancelInspectionLinkage.java: 有关详细信息, 请使用 -Xlint:unchecked 重新编译。
[INFO] 
[INFO] --- surefire:3.2.2:test (default-test) @ app-erp-purchase-service ---
[INFO] Tests are skipped.
[INFO] 
[INFO] --- jar:3.3.0:jar (default-jar) @ app-erp-purchase-service ---
[INFO] Building jar: /Users/abc/app/nop-app-erp/module-purchase/erp-pur-service/target/app-erp-purchase-service-1.0-SNAPSHOT.jar
[INFO] 
[INFO] --- source:3.3.0:jar-no-fork (attach-sources) @ app-erp-purchase-service ---
[INFO] Building jar: /Users/abc/app/nop-app-erp/module-purchase/erp-pur-service/target/app-erp-purchase-service-1.0-SNAPSHOT-sources.jar
[INFO] 
[INFO] --- install:3.1.1:install (default-install) @ app-erp-purchase-service ---
[INFO] Installing /Users/abc/app/nop-app-erp/module-purchase/erp-pur-service/pom.xml to /Users/abc/.m2/repository/io/nop/app/app-erp-purchase-service/1.0-SNAPSHOT/app-erp-purchase-service-1.0-SNAPSHOT.pom
[INFO] Installing /Users/abc/app/nop-app-erp/module-purchase/erp-pur-service/target/app-erp-purchase-service-1.0-SNAPSHOT.jar to /Users/abc/.m2/repository/io/nop/app/app-erp-purchase-service/1.0-SNAPSHOT/app-erp-purchase-service-1.0-SNAPSHOT.jar
[INFO] Installing /Users/abc/app/nop-app-erp/module-purchase/erp-pur-service/target/app-erp-purchase-service-1.0-SNAPSHOT-sources.jar to /Users/abc/.m2/repository/io/nop/app/app-erp-purchase-service/1.0-SNAPSHOT/app-erp-purchase-service-1.0-SNAPSHOT-sources.jar
[INFO] 
[INFO] ------------------< io.nop.app:app-erp-purchase-web >-------------------
[INFO] Building app-erp-purchase-web 1.0-SNAPSHOT                      [68/156]
[INFO]   from module-purchase/erp-pur-web/pom.xml
[INFO] --------------------------------[ jar ]---------------------------------
[INFO] 
[INFO] --- clean:3.4.0:clean (default-clean) @ app-erp-purchase-web ---
[INFO] Deleting /Users/abc/app/nop-app-erp/module-purchase/erp-pur-web/target
[INFO] 
[INFO] --- enforcer:3.0.0-M2:enforce (enforce-no-duplicate-dependencies) @ app-erp-purchase-web ---
[INFO] 
[INFO] --- jacoco:0.8.14:prepare-agent (default-prepare-agent) @ app-erp-purchase-web ---
[INFO] jacocoArgLine set to -javaagent:/Users/abc/.m2/repository/org/jacoco/org.jacoco.agent/0.8.14/org.jacoco.agent-0.8.14-runtime.jar=destfile=/Users/abc/app/nop-app-erp/module-purchase/erp-pur-web/target/jacoco.exec,excludes=**/_gen/**:**/_*.java:**/_*.xml:**/*Errors.*:**/*Configs.*:**/*Constants*:**/parse/antlr/**
[INFO] 
[INFO] --- exec:3.0.0:java (precompile) @ app-erp-purchase-web ---
SLF4J: Failed to load class "org.slf4j.impl.StaticLoggerBinder".
SLF4J: Defaulting to no-operation (NOP) logger implementation
SLF4J: See http://www.slf4j.org/codes.html#StaticLoggerBinder for further details.
projectDir=/Users/abc/app/nop-app-erp/module-purchase/erp-pur-web,dryRun=false,tplRoot=precompile
end
[INFO] 
[INFO] --- exec:3.0.0:java (precompile2) @ app-erp-purchase-web ---
SLF4J: Failed to load class "org.slf4j.impl.StaticLoggerBinder".
SLF4J: Defaulting to no-operation (NOP) logger implementation
SLF4J: See http://www.slf4j.org/codes.html#StaticLoggerBinder for further details.
projectDir=/Users/abc/app/nop-app-erp/module-purchase/erp-pur-web,dryRun=false,tplRoot=precompile2
end
[INFO] 
[INFO] --- resources:3.3.1:resources (default-resources) @ app-erp-purchase-web ---
[INFO] Copying 110 resources from src/main/resources to target/classes
[INFO] 
[INFO] --- compiler:3.11.0:compile (default-compile) @ app-erp-purchase-web ---
[INFO] No sources to compile
[INFO] 
[INFO] --- exec:3.0.0:java (aop) @ app-erp-purchase-web ---
SLF4J: Failed to load class "org.slf4j.impl.StaticLoggerBinder".
SLF4J: Defaulting to no-operation (NOP) logger implementation
SLF4J: See http://www.slf4j.org/codes.html#StaticLoggerBinder for further details.
nop.gen-aop-proxy
[INFO] 
[INFO] --- exec:3.0.0:java (postcompile) @ app-erp-purchase-web ---
SLF4J: Failed to load class "org.slf4j.impl.StaticLoggerBinder".
SLF4J: Defaulting to no-operation (NOP) logger implementation
SLF4J: See http://www.slf4j.org/codes.html#StaticLoggerBinder for further details.
nop.skip-codegen-when-tpl-dir-is-empty:/Users/abc/app/nop-app-erp/module-purchase/erp-pur-web/postcompile
[INFO] 
[INFO] --- resources:3.3.1:testResources (default-testResources) @ app-erp-purchase-web ---
[INFO] skip non existing resourceDirectory /Users/abc/app/nop-app-erp/module-purchase/erp-pur-web/src/test/resources
[INFO] 
[INFO] --- compiler:3.11.0:testCompile (default-testCompile) @ app-erp-purchase-web ---
[INFO] Changes detected - recompiling the module! :dependency
[INFO] Compiling 2 source files with javac [debug release 17] to target/test-classes
[INFO] 
[INFO] --- surefire:3.2.2:test (default-test) @ app-erp-purchase-web ---
[INFO] Tests are skipped.
[INFO] 
[INFO] --- jar:3.3.0:jar (default-jar) @ app-erp-purchase-web ---
[INFO] Building jar: /Users/abc/app/nop-app-erp/module-purchase/erp-pur-web/target/app-erp-purchase-web-1.0-SNAPSHOT.jar
[INFO] 
[INFO] --- source:3.3.0:jar-no-fork (attach-sources) @ app-erp-purchase-web ---
[INFO] Building jar: /Users/abc/app/nop-app-erp/module-purchase/erp-pur-web/target/app-erp-purchase-web-1.0-SNAPSHOT-sources.jar
[INFO] 
[INFO] --- install:3.1.1:install (default-install) @ app-erp-purchase-web ---
[INFO] Installing /Users/abc/app/nop-app-erp/module-purchase/erp-pur-web/pom.xml to /Users/abc/.m2/repository/io/nop/app/app-erp-purchase-web/1.0-SNAPSHOT/app-erp-purchase-web-1.0-SNAPSHOT.pom
[INFO] Installing /Users/abc/app/nop-app-erp/module-purchase/erp-pur-web/target/app-erp-purchase-web-1.0-SNAPSHOT.jar to /Users/abc/.m2/repository/io/nop/app/app-erp-purchase-web/1.0-SNAPSHOT/app-erp-purchase-web-1.0-SNAPSHOT.jar
[INFO] Installing /Users/abc/app/nop-app-erp/module-purchase/erp-pur-web/target/app-erp-purchase-web-1.0-SNAPSHOT-sources.jar to /Users/abc/.m2/repository/io/nop/app/app-erp-purchase-web/1.0-SNAPSHOT/app-erp-purchase-web-1.0-SNAPSHOT-sources.jar
[INFO] 
[INFO] ------------------< io.nop.app:app-erp-purchase-app >-------------------
[INFO] Building app-erp-purchase-app 1.0-SNAPSHOT                      [69/156]
[INFO]   from module-purchase/erp-pur-app/pom.xml
[INFO] --------------------------------[ jar ]---------------------------------
[INFO] 
[INFO] --- clean:3.4.0:clean (default-clean) @ app-erp-purchase-app ---
[INFO] Deleting /Users/abc/app/nop-app-erp/module-purchase/erp-pur-app/target
[INFO] 
[INFO] --- enforcer:3.0.0-M2:enforce (enforce-no-duplicate-dependencies) @ app-erp-purchase-app ---
[INFO] 
[INFO] --- jacoco:0.8.14:prepare-agent (default-prepare-agent) @ app-erp-purchase-app ---
[INFO] jacocoArgLine set to -javaagent:/Users/abc/.m2/repository/org/jacoco/org.jacoco.agent/0.8.14/org.jacoco.agent-0.8.14-runtime.jar=destfile=/Users/abc/app/nop-app-erp/module-purchase/erp-pur-app/target/jacoco.exec,excludes=**/_gen/**:**/_*.java:**/_*.xml:**/*Errors.*:**/*Configs.*:**/*Constants*:**/parse/antlr/**
[INFO] 
[INFO] --- exec:3.0.0:java (precompile) @ app-erp-purchase-app ---
nop.skip-codegen-when-tpl-dir-is-empty:/Users/abc/app/nop-app-erp/module-purchase/erp-pur-app/precompile
[INFO] 
[INFO] --- exec:3.0.0:java (precompile2) @ app-erp-purchase-app ---
nop.skip-codegen-when-tpl-dir-is-empty:/Users/abc/app/nop-app-erp/module-purchase/erp-pur-app/precompile2
[INFO] 
[INFO] --- resources:3.3.1:resources (default-resources) @ app-erp-purchase-app ---
[INFO] Copying 7 resources from src/main/resources to target/classes
[INFO] 
[INFO] --- compiler:3.11.0:compile (default-compile) @ app-erp-purchase-app ---
[INFO] Changes detected - recompiling the module! :dependency
[INFO] Compiling 1 source file with javac [debug release 17] to target/classes
[INFO] 
[INFO] --- exec:3.0.0:java (aop) @ app-erp-purchase-app ---
nop.gen-aop-proxy
[INFO] 
[INFO] --- exec:3.0.0:java (postcompile) @ app-erp-purchase-app ---
nop.skip-codegen-when-tpl-dir-is-empty:/Users/abc/app/nop-app-erp/module-purchase/erp-pur-app/postcompile
[INFO] 
[INFO] --- resources:3.3.1:testResources (default-testResources) @ app-erp-purchase-app ---
[INFO] skip non existing resourceDirectory /Users/abc/app/nop-app-erp/module-purchase/erp-pur-app/src/test/resources
[INFO] 
[INFO] --- compiler:3.11.0:testCompile (default-testCompile) @ app-erp-purchase-app ---
[INFO] No sources to compile
[INFO] 
[INFO] --- surefire:3.0.0-M5:test (default-test) @ app-erp-purchase-app ---
[INFO] Tests are skipped.
[INFO] 
[INFO] --- jar:3.3.0:jar (default-jar) @ app-erp-purchase-app ---
[INFO] Building jar: /Users/abc/app/nop-app-erp/module-purchase/erp-pur-app/target/app-erp-purchase-app-1.0-SNAPSHOT.jar
[INFO] 
[INFO] --- source:3.3.0:jar-no-fork (attach-sources) @ app-erp-purchase-app ---
[INFO] Building jar: /Users/abc/app/nop-app-erp/module-purchase/erp-pur-app/target/app-erp-purchase-app-1.0-SNAPSHOT-sources.jar
[INFO] 
[INFO] --- quarkus:3.35.1:build (default) @ app-erp-purchase-app ---
[WARNING] The Maven extensions for the Quarkus Maven plugin are not enabled for this build. We recommend enabling this, so that the plugin can verify essential build settings have been configured as required. Please enable by adding "<extensions>true</extensions>" in your quarkus-maven-plugin declaration; it should look like:

	<plugin>
		<groupId>${quarkus.platform.group-id}</groupId>
		<artifactId>quarkus-maven-plugin</artifactId>
		<version>${quarkus.platform.version}</version>
		<extensions>true</extensions> <!-- THIS ONE -->
		...

[WARNING] [io.quarkus.config] Unrecognized configuration key "quarkus.http.cors" was provided; it will be ignored; verify that the dependency extension for this configuration is set or that you did not make a typo
[WARNING] [io.quarkus.agroal.deployment.AgroalProcessor] The Agroal dependency is present but no JDBC datasources have been defined.
[INFO] [io.quarkus.deployment.QuarkusAugmentor] Quarkus augmentation completed in 1205ms
[INFO] 
[INFO] --- install:3.1.1:install (default-install) @ app-erp-purchase-app ---
[INFO] Skipping artifact installation
[INFO] 
[INFO] --------------------< io.nop.app:app-erp-sales-api >--------------------
[INFO] Building app-erp-sales-api 1.0-SNAPSHOT                         [70/156]
[INFO]   from module-sales/erp-sal-api/pom.xml
[INFO] --------------------------------[ jar ]---------------------------------
[INFO] 
[INFO] --- clean:3.2.0:clean (default-clean) @ app-erp-sales-api ---
[INFO] Deleting /Users/abc/app/nop-app-erp/module-sales/erp-sal-api/target
[INFO] 
[INFO] --- resources:3.3.1:resources (default-resources) @ app-erp-sales-api ---
[INFO] skip non existing resourceDirectory /Users/abc/app/nop-app-erp/module-sales/erp-sal-api/src/main/resources
[INFO] 
[INFO] --- compiler:3.13.0:compile (default-compile) @ app-erp-sales-api ---
[INFO] Recompiling the module because of changed source code.
[INFO] Compiling 48 source files with javac [debug release 11] to target/classes
[INFO] 
[INFO] --- resources:3.3.1:testResources (default-testResources) @ app-erp-sales-api ---
[INFO] skip non existing resourceDirectory /Users/abc/app/nop-app-erp/module-sales/erp-sal-api/src/test/resources
[INFO] 
[INFO] --- compiler:3.13.0:testCompile (default-testCompile) @ app-erp-sales-api ---
[INFO] No sources to compile
[INFO] 
[INFO] --- surefire:3.2.5:test (default-test) @ app-erp-sales-api ---
[INFO] Tests are skipped.
[INFO] 
[INFO] --- jar:3.4.1:jar (default-jar) @ app-erp-sales-api ---
[INFO] Building jar: /Users/abc/app/nop-app-erp/module-sales/erp-sal-api/target/app-erp-sales-api-1.0-SNAPSHOT.jar
[INFO] 
[INFO] --- install:3.1.2:install (default-install) @ app-erp-sales-api ---
[INFO] Installing /Users/abc/app/nop-app-erp/module-sales/erp-sal-api/pom.xml to /Users/abc/.m2/repository/io/nop/app/app-erp-sales-api/1.0-SNAPSHOT/app-erp-sales-api-1.0-SNAPSHOT.pom
[INFO] Installing /Users/abc/app/nop-app-erp/module-sales/erp-sal-api/target/app-erp-sales-api-1.0-SNAPSHOT.jar to /Users/abc/.m2/repository/io/nop/app/app-erp-sales-api/1.0-SNAPSHOT/app-erp-sales-api-1.0-SNAPSHOT.jar
[INFO] 
[INFO] ------------------< io.nop.app:app-erp-sales-service >------------------
[INFO] Building app-erp-sales-service 1.0-SNAPSHOT                     [71/156]
[INFO]   from module-sales/erp-sal-service/pom.xml
[INFO] --------------------------------[ jar ]---------------------------------
[INFO] 
[INFO] --- clean:3.4.0:clean (default-clean) @ app-erp-sales-service ---
[INFO] Deleting /Users/abc/app/nop-app-erp/module-sales/erp-sal-service/target
[INFO] 
[INFO] --- enforcer:3.0.0-M2:enforce (enforce-no-duplicate-dependencies) @ app-erp-sales-service ---
[INFO] 
[INFO] --- jacoco:0.8.14:prepare-agent (default-prepare-agent) @ app-erp-sales-service ---
[INFO] jacocoArgLine set to -javaagent:/Users/abc/.m2/repository/org/jacoco/org.jacoco.agent/0.8.14/org.jacoco.agent-0.8.14-runtime.jar=destfile=/Users/abc/app/nop-app-erp/module-sales/erp-sal-service/target/jacoco.exec,excludes=**/_gen/**:**/_*.java:**/_*.xml:**/*Errors.*:**/*Configs.*:**/*Constants*:**/parse/antlr/**
[INFO] 
[INFO] --- exec:3.0.0:java (precompile) @ app-erp-sales-service ---
SLF4J: Failed to load class "org.slf4j.impl.StaticLoggerBinder".
SLF4J: Defaulting to no-operation (NOP) logger implementation
SLF4J: See http://www.slf4j.org/codes.html#StaticLoggerBinder for further details.
nop.skip-codegen-when-tpl-dir-is-empty:/Users/abc/app/nop-app-erp/module-sales/erp-sal-service/precompile
[INFO] 
[INFO] --- exec:3.0.0:java (precompile2) @ app-erp-sales-service ---
SLF4J: Failed to load class "org.slf4j.impl.StaticLoggerBinder".
SLF4J: Defaulting to no-operation (NOP) logger implementation
SLF4J: See http://www.slf4j.org/codes.html#StaticLoggerBinder for further details.
nop.skip-codegen-when-tpl-dir-is-empty:/Users/abc/app/nop-app-erp/module-sales/erp-sal-service/precompile2
[INFO] 
[INFO] --- resources:3.3.1:resources (default-resources) @ app-erp-sales-service ---
[INFO] Copying 37 resources from src/main/resources to target/classes
[INFO] 
[INFO] --- compiler:3.11.0:compile (default-compile) @ app-erp-sales-service ---
[INFO] Changes detected - recompiling the module! :dependency
[INFO] Compiling 97 source files with javac [debug release 17] to target/classes
[INFO] 
[INFO] --- exec:3.0.0:java (aop) @ app-erp-sales-service ---
SLF4J: Failed to load class "org.slf4j.impl.StaticLoggerBinder".
SLF4J: Defaulting to no-operation (NOP) logger implementation
SLF4J: See http://www.slf4j.org/codes.html#StaticLoggerBinder for further details.
nop.gen-aop-proxy
[INFO] 
[INFO] --- exec:3.0.0:java (postcompile) @ app-erp-sales-service ---
SLF4J: Failed to load class "org.slf4j.impl.StaticLoggerBinder".
SLF4J: Defaulting to no-operation (NOP) logger implementation
SLF4J: See http://www.slf4j.org/codes.html#StaticLoggerBinder for further details.
nop.skip-codegen-when-tpl-dir-is-empty:/Users/abc/app/nop-app-erp/module-sales/erp-sal-service/postcompile
[INFO] 
[INFO] --- resources:3.3.1:testResources (default-testResources) @ app-erp-sales-service ---
[INFO] Copying 1 resource from src/test/resources to target/test-classes
[INFO] 
[INFO] --- compiler:3.11.0:testCompile (default-testCompile) @ app-erp-sales-service ---
[INFO] Changes detected - recompiling the module! :dependency
[INFO] Compiling 56 source files with javac [debug release 17] to target/test-classes
[INFO] /Users/abc/app/nop-app-erp/module-sales/erp-sal-service/src/test/java/app/erp/sal/service/TestErpSalDeliveryCancelInspectionLinkage.java: /Users/abc/app/nop-app-erp/module-sales/erp-sal-service/src/test/java/app/erp/sal/service/TestErpSalDeliveryCancelInspectionLinkage.java使用了未经检查或不安全的操作。
[INFO] /Users/abc/app/nop-app-erp/module-sales/erp-sal-service/src/test/java/app/erp/sal/service/TestErpSalDeliveryCancelInspectionLinkage.java: 有关详细信息, 请使用 -Xlint:unchecked 重新编译。
[INFO] 
[INFO] --- surefire:3.2.2:test (default-test) @ app-erp-sales-service ---
[INFO] Tests are skipped.
[INFO] 
[INFO] --- jar:3.3.0:jar (default-jar) @ app-erp-sales-service ---
[INFO] Building jar: /Users/abc/app/nop-app-erp/module-sales/erp-sal-service/target/app-erp-sales-service-1.0-SNAPSHOT.jar
[INFO] 
[INFO] --- source:3.3.0:jar-no-fork (attach-sources) @ app-erp-sales-service ---
[INFO] Building jar: /Users/abc/app/nop-app-erp/module-sales/erp-sal-service/target/app-erp-sales-service-1.0-SNAPSHOT-sources.jar
[INFO] 
[INFO] --- install:3.1.1:install (default-install) @ app-erp-sales-service ---
[INFO] Installing /Users/abc/app/nop-app-erp/module-sales/erp-sal-service/pom.xml to /Users/abc/.m2/repository/io/nop/app/app-erp-sales-service/1.0-SNAPSHOT/app-erp-sales-service-1.0-SNAPSHOT.pom
[INFO] Installing /Users/abc/app/nop-app-erp/module-sales/erp-sal-service/target/app-erp-sales-service-1.0-SNAPSHOT.jar to /Users/abc/.m2/repository/io/nop/app/app-erp-sales-service/1.0-SNAPSHOT/app-erp-sales-service-1.0-SNAPSHOT.jar
[INFO] Installing /Users/abc/app/nop-app-erp/module-sales/erp-sal-service/target/app-erp-sales-service-1.0-SNAPSHOT-sources.jar to /Users/abc/.m2/repository/io/nop/app/app-erp-sales-service/1.0-SNAPSHOT/app-erp-sales-service-1.0-SNAPSHOT-sources.jar
[INFO] 
[INFO] --------------------< io.nop.app:app-erp-sales-web >--------------------
[INFO] Building app-erp-sales-web 1.0-SNAPSHOT                         [72/156]
[INFO]   from module-sales/erp-sal-web/pom.xml
[INFO] --------------------------------[ jar ]---------------------------------
[INFO] 
[INFO] --- clean:3.4.0:clean (default-clean) @ app-erp-sales-web ---
[INFO] Deleting /Users/abc/app/nop-app-erp/module-sales/erp-sal-web/target
[INFO] 
[INFO] --- enforcer:3.0.0-M2:enforce (enforce-no-duplicate-dependencies) @ app-erp-sales-web ---
[INFO] 
[INFO] --- jacoco:0.8.14:prepare-agent (default-prepare-agent) @ app-erp-sales-web ---
[INFO] jacocoArgLine set to -javaagent:/Users/abc/.m2/repository/org/jacoco/org.jacoco.agent/0.8.14/org.jacoco.agent-0.8.14-runtime.jar=destfile=/Users/abc/app/nop-app-erp/module-sales/erp-sal-web/target/jacoco.exec,excludes=**/_gen/**:**/_*.java:**/_*.xml:**/*Errors.*:**/*Configs.*:**/*Constants*:**/parse/antlr/**
[INFO] 
[INFO] --- exec:3.0.0:java (precompile) @ app-erp-sales-web ---
SLF4J: Failed to load class "org.slf4j.impl.StaticLoggerBinder".
SLF4J: Defaulting to no-operation (NOP) logger implementation
SLF4J: See http://www.slf4j.org/codes.html#StaticLoggerBinder for further details.
projectDir=/Users/abc/app/nop-app-erp/module-sales/erp-sal-web,dryRun=false,tplRoot=precompile
end
[INFO] 
[INFO] --- exec:3.0.0:java (precompile2) @ app-erp-sales-web ---
SLF4J: Failed to load class "org.slf4j.impl.StaticLoggerBinder".
SLF4J: Defaulting to no-operation (NOP) logger implementation
SLF4J: See http://www.slf4j.org/codes.html#StaticLoggerBinder for further details.
projectDir=/Users/abc/app/nop-app-erp/module-sales/erp-sal-web,dryRun=false,tplRoot=precompile2
end
[INFO] 
[INFO] --- resources:3.3.1:resources (default-resources) @ app-erp-sales-web ---
[INFO] Copying 90 resources from src/main/resources to target/classes
[INFO] 
[INFO] --- compiler:3.11.0:compile (default-compile) @ app-erp-sales-web ---
[INFO] No sources to compile
[INFO] 
[INFO] --- exec:3.0.0:java (aop) @ app-erp-sales-web ---
SLF4J: Failed to load class "org.slf4j.impl.StaticLoggerBinder".
SLF4J: Defaulting to no-operation (NOP) logger implementation
SLF4J: See http://www.slf4j.org/codes.html#StaticLoggerBinder for further details.
nop.gen-aop-proxy
[INFO] 
[INFO] --- exec:3.0.0:java (postcompile) @ app-erp-sales-web ---
SLF4J: Failed to load class "org.slf4j.impl.StaticLoggerBinder".
SLF4J: Defaulting to no-operation (NOP) logger implementation
SLF4J: See http://www.slf4j.org/codes.html#StaticLoggerBinder for further details.
nop.skip-codegen-when-tpl-dir-is-empty:/Users/abc/app/nop-app-erp/module-sales/erp-sal-web/postcompile
[INFO] 
[INFO] --- resources:3.3.1:testResources (default-testResources) @ app-erp-sales-web ---
[INFO] skip non existing resourceDirectory /Users/abc/app/nop-app-erp/module-sales/erp-sal-web/src/test/resources
[INFO] 
[INFO] --- compiler:3.11.0:testCompile (default-testCompile) @ app-erp-sales-web ---
[INFO] Changes detected - recompiling the module! :dependency
[INFO] Compiling 2 source files with javac [debug release 17] to target/test-classes
[INFO] 
[INFO] --- surefire:3.2.2:test (default-test) @ app-erp-sales-web ---
[INFO] Tests are skipped.
[INFO] 
[INFO] --- jar:3.3.0:jar (default-jar) @ app-erp-sales-web ---
[INFO] Building jar: /Users/abc/app/nop-app-erp/module-sales/erp-sal-web/target/app-erp-sales-web-1.0-SNAPSHOT.jar
[INFO] 
[INFO] --- source:3.3.0:jar-no-fork (attach-sources) @ app-erp-sales-web ---
[INFO] Building jar: /Users/abc/app/nop-app-erp/module-sales/erp-sal-web/target/app-erp-sales-web-1.0-SNAPSHOT-sources.jar
[INFO] 
[INFO] --- install:3.1.1:install (default-install) @ app-erp-sales-web ---
[INFO] Installing /Users/abc/app/nop-app-erp/module-sales/erp-sal-web/pom.xml to /Users/abc/.m2/repository/io/nop/app/app-erp-sales-web/1.0-SNAPSHOT/app-erp-sales-web-1.0-SNAPSHOT.pom
[INFO] Installing /Users/abc/app/nop-app-erp/module-sales/erp-sal-web/target/app-erp-sales-web-1.0-SNAPSHOT.jar to /Users/abc/.m2/repository/io/nop/app/app-erp-sales-web/1.0-SNAPSHOT/app-erp-sales-web-1.0-SNAPSHOT.jar
[INFO] Installing /Users/abc/app/nop-app-erp/module-sales/erp-sal-web/target/app-erp-sales-web-1.0-SNAPSHOT-sources.jar to /Users/abc/.m2/repository/io/nop/app/app-erp-sales-web/1.0-SNAPSHOT/app-erp-sales-web-1.0-SNAPSHOT-sources.jar
[INFO] 
[INFO] --------------------< io.nop.app:app-erp-sales-app >--------------------
[INFO] Building app-erp-sales-app 1.0-SNAPSHOT                         [73/156]
[INFO]   from module-sales/erp-sal-app/pom.xml
[INFO] --------------------------------[ jar ]---------------------------------
[INFO] 
[INFO] --- clean:3.4.0:clean (default-clean) @ app-erp-sales-app ---
[INFO] Deleting /Users/abc/app/nop-app-erp/module-sales/erp-sal-app/target
[INFO] 
[INFO] --- enforcer:3.0.0-M2:enforce (enforce-no-duplicate-dependencies) @ app-erp-sales-app ---
[INFO] 
[INFO] --- jacoco:0.8.14:prepare-agent (default-prepare-agent) @ app-erp-sales-app ---
[INFO] jacocoArgLine set to -javaagent:/Users/abc/.m2/repository/org/jacoco/org.jacoco.agent/0.8.14/org.jacoco.agent-0.8.14-runtime.jar=destfile=/Users/abc/app/nop-app-erp/module-sales/erp-sal-app/target/jacoco.exec,excludes=**/_gen/**:**/_*.java:**/_*.xml:**/*Errors.*:**/*Configs.*:**/*Constants*:**/parse/antlr/**
[INFO] 
[INFO] --- exec:3.0.0:java (precompile) @ app-erp-sales-app ---
nop.skip-codegen-when-tpl-dir-is-empty:/Users/abc/app/nop-app-erp/module-sales/erp-sal-app/precompile
[INFO] 
[INFO] --- exec:3.0.0:java (precompile2) @ app-erp-sales-app ---
nop.skip-codegen-when-tpl-dir-is-empty:/Users/abc/app/nop-app-erp/module-sales/erp-sal-app/precompile2
[INFO] 
[INFO] --- resources:3.3.1:resources (default-resources) @ app-erp-sales-app ---
[INFO] Copying 7 resources from src/main/resources to target/classes
[INFO] 
[INFO] --- compiler:3.11.0:compile (default-compile) @ app-erp-sales-app ---
[INFO] Changes detected - recompiling the module! :dependency
[INFO] Compiling 1 source file with javac [debug release 17] to target/classes
[INFO] 
[INFO] --- exec:3.0.0:java (aop) @ app-erp-sales-app ---
nop.gen-aop-proxy
[INFO] 
[INFO] --- exec:3.0.0:java (postcompile) @ app-erp-sales-app ---
nop.skip-codegen-when-tpl-dir-is-empty:/Users/abc/app/nop-app-erp/module-sales/erp-sal-app/postcompile
[INFO] 
[INFO] --- resources:3.3.1:testResources (default-testResources) @ app-erp-sales-app ---
[INFO] skip non existing resourceDirectory /Users/abc/app/nop-app-erp/module-sales/erp-sal-app/src/test/resources
[INFO] 
[INFO] --- compiler:3.11.0:testCompile (default-testCompile) @ app-erp-sales-app ---
[INFO] No sources to compile
[INFO] 
[INFO] --- surefire:3.0.0-M5:test (default-test) @ app-erp-sales-app ---
[INFO] Tests are skipped.
[INFO] 
[INFO] --- jar:3.3.0:jar (default-jar) @ app-erp-sales-app ---
[INFO] Building jar: /Users/abc/app/nop-app-erp/module-sales/erp-sal-app/target/app-erp-sales-app-1.0-SNAPSHOT.jar
[INFO] 
[INFO] --- source:3.3.0:jar-no-fork (attach-sources) @ app-erp-sales-app ---
[INFO] Building jar: /Users/abc/app/nop-app-erp/module-sales/erp-sal-app/target/app-erp-sales-app-1.0-SNAPSHOT-sources.jar
[INFO] 
[INFO] --- quarkus:3.35.1:build (default) @ app-erp-sales-app ---
[WARNING] The Maven extensions for the Quarkus Maven plugin are not enabled for this build. We recommend enabling this, so that the plugin can verify essential build settings have been configured as required. Please enable by adding "<extensions>true</extensions>" in your quarkus-maven-plugin declaration; it should look like:

	<plugin>
		<groupId>${quarkus.platform.group-id}</groupId>
		<artifactId>quarkus-maven-plugin</artifactId>
		<version>${quarkus.platform.version}</version>
		<extensions>true</extensions> <!-- THIS ONE -->
		...

[WARNING] [io.quarkus.config] Unrecognized configuration key "quarkus.http.cors" was provided; it will be ignored; verify that the dependency extension for this configuration is set or that you did not make a typo
[WARNING] [io.quarkus.agroal.deployment.AgroalProcessor] The Agroal dependency is present but no JDBC datasources have been defined.
[INFO] [io.quarkus.deployment.QuarkusAugmentor] Quarkus augmentation completed in 1067ms
[INFO] 
[INFO] --- install:3.1.1:install (default-install) @ app-erp-sales-app ---
[INFO] Skipping artifact installation
[INFO] 
[INFO] -------------------< io.nop.app:app-erp-finance-api >-------------------
[INFO] Building app-erp-finance-api 1.0-SNAPSHOT                       [74/156]
[INFO]   from module-finance/erp-fin-api/pom.xml
[INFO] --------------------------------[ jar ]---------------------------------
[INFO] 
[INFO] --- clean:3.2.0:clean (default-clean) @ app-erp-finance-api ---
[INFO] Deleting /Users/abc/app/nop-app-erp/module-finance/erp-fin-api/target
[INFO] 
[INFO] --- resources:3.3.1:resources (default-resources) @ app-erp-finance-api ---
[INFO] skip non existing resourceDirectory /Users/abc/app/nop-app-erp/module-finance/erp-fin-api/src/main/resources
[INFO] 
[INFO] --- compiler:3.13.0:compile (default-compile) @ app-erp-finance-api ---
[INFO] Recompiling the module because of changed source code.
[INFO] Compiling 114 source files with javac [debug release 11] to target/classes
[INFO] 
[INFO] --- resources:3.3.1:testResources (default-testResources) @ app-erp-finance-api ---
[INFO] skip non existing resourceDirectory /Users/abc/app/nop-app-erp/module-finance/erp-fin-api/src/test/resources
[INFO] 
[INFO] --- compiler:3.13.0:testCompile (default-testCompile) @ app-erp-finance-api ---
[INFO] No sources to compile
[INFO] 
[INFO] --- surefire:3.2.5:test (default-test) @ app-erp-finance-api ---
[INFO] Tests are skipped.
[INFO] 
[INFO] --- jar:3.4.1:jar (default-jar) @ app-erp-finance-api ---
[INFO] Building jar: /Users/abc/app/nop-app-erp/module-finance/erp-fin-api/target/app-erp-finance-api-1.0-SNAPSHOT.jar
[INFO] 
[INFO] --- install:3.1.2:install (default-install) @ app-erp-finance-api ---
[INFO] Installing /Users/abc/app/nop-app-erp/module-finance/erp-fin-api/pom.xml to /Users/abc/.m2/repository/io/nop/app/app-erp-finance-api/1.0-SNAPSHOT/app-erp-finance-api-1.0-SNAPSHOT.pom
[INFO] Installing /Users/abc/app/nop-app-erp/module-finance/erp-fin-api/target/app-erp-finance-api-1.0-SNAPSHOT.jar to /Users/abc/.m2/repository/io/nop/app/app-erp-finance-api/1.0-SNAPSHOT/app-erp-finance-api-1.0-SNAPSHOT.jar
[INFO] 
[INFO] -------------------< io.nop.app:app-erp-finance-web >-------------------
[INFO] Building app-erp-finance-web 1.0-SNAPSHOT                       [75/156]
[INFO]   from module-finance/erp-fin-web/pom.xml
[INFO] --------------------------------[ jar ]---------------------------------
[INFO] 
[INFO] --- clean:3.4.0:clean (default-clean) @ app-erp-finance-web ---
[INFO] Deleting /Users/abc/app/nop-app-erp/module-finance/erp-fin-web/target
[INFO] 
[INFO] --- enforcer:3.0.0-M2:enforce (enforce-no-duplicate-dependencies) @ app-erp-finance-web ---
[INFO] 
[INFO] --- jacoco:0.8.14:prepare-agent (default-prepare-agent) @ app-erp-finance-web ---
[INFO] jacocoArgLine set to -javaagent:/Users/abc/.m2/repository/org/jacoco/org.jacoco.agent/0.8.14/org.jacoco.agent-0.8.14-runtime.jar=destfile=/Users/abc/app/nop-app-erp/module-finance/erp-fin-web/target/jacoco.exec,excludes=**/_gen/**:**/_*.java:**/_*.xml:**/*Errors.*:**/*Configs.*:**/*Constants*:**/parse/antlr/**
[INFO] 
[INFO] --- exec:3.0.0:java (precompile) @ app-erp-finance-web ---
SLF4J: Failed to load class "org.slf4j.impl.StaticLoggerBinder".
SLF4J: Defaulting to no-operation (NOP) logger implementation
SLF4J: See http://www.slf4j.org/codes.html#StaticLoggerBinder for further details.
projectDir=/Users/abc/app/nop-app-erp/module-finance/erp-fin-web,dryRun=false,tplRoot=precompile
end
[INFO] 
[INFO] --- exec:3.0.0:java (precompile2) @ app-erp-finance-web ---
SLF4J: Failed to load class "org.slf4j.impl.StaticLoggerBinder".
SLF4J: Defaulting to no-operation (NOP) logger implementation
SLF4J: See http://www.slf4j.org/codes.html#StaticLoggerBinder for further details.
projectDir=/Users/abc/app/nop-app-erp/module-finance/erp-fin-web,dryRun=false,tplRoot=precompile2
end
[INFO] 
[INFO] --- resources:3.3.1:resources (default-resources) @ app-erp-finance-web ---
[INFO] Copying 213 resources from src/main/resources to target/classes
[INFO] 
[INFO] --- compiler:3.11.0:compile (default-compile) @ app-erp-finance-web ---
[INFO] No sources to compile
[INFO] 
[INFO] --- exec:3.0.0:java (aop) @ app-erp-finance-web ---
SLF4J: Failed to load class "org.slf4j.impl.StaticLoggerBinder".
SLF4J: Defaulting to no-operation (NOP) logger implementation
SLF4J: See http://www.slf4j.org/codes.html#StaticLoggerBinder for further details.
nop.gen-aop-proxy
[INFO] 
[INFO] --- exec:3.0.0:java (postcompile) @ app-erp-finance-web ---
SLF4J: Failed to load class "org.slf4j.impl.StaticLoggerBinder".
SLF4J: Defaulting to no-operation (NOP) logger implementation
SLF4J: See http://www.slf4j.org/codes.html#StaticLoggerBinder for further details.
nop.skip-codegen-when-tpl-dir-is-empty:/Users/abc/app/nop-app-erp/module-finance/erp-fin-web/postcompile
[INFO] 
[INFO] --- resources:3.3.1:testResources (default-testResources) @ app-erp-finance-web ---
[INFO] skip non existing resourceDirectory /Users/abc/app/nop-app-erp/module-finance/erp-fin-web/src/test/resources
[INFO] 
[INFO] --- compiler:3.11.0:testCompile (default-testCompile) @ app-erp-finance-web ---
[INFO] Changes detected - recompiling the module! :dependency
[INFO] Compiling 2 source files with javac [debug release 17] to target/test-classes
[INFO] 
[INFO] --- surefire:3.2.2:test (default-test) @ app-erp-finance-web ---
[INFO] Tests are skipped.
[INFO] 
[INFO] --- jar:3.3.0:jar (default-jar) @ app-erp-finance-web ---
[INFO] Building jar: /Users/abc/app/nop-app-erp/module-finance/erp-fin-web/target/app-erp-finance-web-1.0-SNAPSHOT.jar
[INFO] 
[INFO] --- source:3.3.0:jar-no-fork (attach-sources) @ app-erp-finance-web ---
[INFO] Building jar: /Users/abc/app/nop-app-erp/module-finance/erp-fin-web/target/app-erp-finance-web-1.0-SNAPSHOT-sources.jar
[INFO] 
[INFO] --- install:3.1.1:install (default-install) @ app-erp-finance-web ---
[INFO] Installing /Users/abc/app/nop-app-erp/module-finance/erp-fin-web/pom.xml to /Users/abc/.m2/repository/io/nop/app/app-erp-finance-web/1.0-SNAPSHOT/app-erp-finance-web-1.0-SNAPSHOT.pom
[INFO] Installing /Users/abc/app/nop-app-erp/module-finance/erp-fin-web/target/app-erp-finance-web-1.0-SNAPSHOT.jar to /Users/abc/.m2/repository/io/nop/app/app-erp-finance-web/1.0-SNAPSHOT/app-erp-finance-web-1.0-SNAPSHOT.jar
[INFO] Installing /Users/abc/app/nop-app-erp/module-finance/erp-fin-web/target/app-erp-finance-web-1.0-SNAPSHOT-sources.jar to /Users/abc/.m2/repository/io/nop/app/app-erp-finance-web/1.0-SNAPSHOT/app-erp-finance-web-1.0-SNAPSHOT-sources.jar
[INFO] 
[INFO] ------------------< io.nop.app:app-erp-projects-web >-------------------
[INFO] Building app-erp-projects-web 1.0-SNAPSHOT                      [76/156]
[INFO]   from module-projects/erp-prj-web/pom.xml
[INFO] --------------------------------[ jar ]---------------------------------
[INFO] 
[INFO] --- clean:3.4.0:clean (default-clean) @ app-erp-projects-web ---
[INFO] Deleting /Users/abc/app/nop-app-erp/module-projects/erp-prj-web/target
[INFO] 
[INFO] --- enforcer:3.0.0-M2:enforce (enforce-no-duplicate-dependencies) @ app-erp-projects-web ---
[INFO] 
[INFO] --- jacoco:0.8.14:prepare-agent (default-prepare-agent) @ app-erp-projects-web ---
[INFO] jacocoArgLine set to -javaagent:/Users/abc/.m2/repository/org/jacoco/org.jacoco.agent/0.8.14/org.jacoco.agent-0.8.14-runtime.jar=destfile=/Users/abc/app/nop-app-erp/module-projects/erp-prj-web/target/jacoco.exec,excludes=**/_gen/**:**/_*.java:**/_*.xml:**/*Errors.*:**/*Configs.*:**/*Constants*:**/parse/antlr/**
[INFO] 
[INFO] --- exec:3.0.0:java (precompile) @ app-erp-projects-web ---
SLF4J: Failed to load class "org.slf4j.impl.StaticLoggerBinder".
SLF4J: Defaulting to no-operation (NOP) logger implementation
SLF4J: See http://www.slf4j.org/codes.html#StaticLoggerBinder for further details.
projectDir=/Users/abc/app/nop-app-erp/module-projects/erp-prj-web,dryRun=false,tplRoot=precompile
end
[INFO] 
[INFO] --- exec:3.0.0:java (precompile2) @ app-erp-projects-web ---
SLF4J: Failed to load class "org.slf4j.impl.StaticLoggerBinder".
SLF4J: Defaulting to no-operation (NOP) logger implementation
SLF4J: See http://www.slf4j.org/codes.html#StaticLoggerBinder for further details.
projectDir=/Users/abc/app/nop-app-erp/module-projects/erp-prj-web,dryRun=false,tplRoot=precompile2
end
[INFO] 
[INFO] --- resources:3.3.1:resources (default-resources) @ app-erp-projects-web ---
[INFO] Copying 104 resources from src/main/resources to target/classes
[INFO] 
[INFO] --- compiler:3.11.0:compile (default-compile) @ app-erp-projects-web ---
[INFO] No sources to compile
[INFO] 
[INFO] --- exec:3.0.0:java (aop) @ app-erp-projects-web ---
SLF4J: Failed to load class "org.slf4j.impl.StaticLoggerBinder".
SLF4J: Defaulting to no-operation (NOP) logger implementation
SLF4J: See http://www.slf4j.org/codes.html#StaticLoggerBinder for further details.
nop.gen-aop-proxy
[INFO] 
[INFO] --- exec:3.0.0:java (postcompile) @ app-erp-projects-web ---
SLF4J: Failed to load class "org.slf4j.impl.StaticLoggerBinder".
SLF4J: Defaulting to no-operation (NOP) logger implementation
SLF4J: See http://www.slf4j.org/codes.html#StaticLoggerBinder for further details.
nop.skip-codegen-when-tpl-dir-is-empty:/Users/abc/app/nop-app-erp/module-projects/erp-prj-web/postcompile
[INFO] 
[INFO] --- resources:3.3.1:testResources (default-testResources) @ app-erp-projects-web ---
[INFO] skip non existing resourceDirectory /Users/abc/app/nop-app-erp/module-projects/erp-prj-web/src/test/resources
[INFO] 
[INFO] --- compiler:3.11.0:testCompile (default-testCompile) @ app-erp-projects-web ---
[INFO] Changes detected - recompiling the module! :dependency
[INFO] Compiling 2 source files with javac [debug release 17] to target/test-classes
[INFO] 
[INFO] --- surefire:3.2.2:test (default-test) @ app-erp-projects-web ---
[INFO] Tests are skipped.
[INFO] 
[INFO] --- jar:3.3.0:jar (default-jar) @ app-erp-projects-web ---
[INFO] Building jar: /Users/abc/app/nop-app-erp/module-projects/erp-prj-web/target/app-erp-projects-web-1.0-SNAPSHOT.jar
[INFO] 
[INFO] --- source:3.3.0:jar-no-fork (attach-sources) @ app-erp-projects-web ---
[INFO] Building jar: /Users/abc/app/nop-app-erp/module-projects/erp-prj-web/target/app-erp-projects-web-1.0-SNAPSHOT-sources.jar
[INFO] 
[INFO] --- install:3.1.1:install (default-install) @ app-erp-projects-web ---
[INFO] Installing /Users/abc/app/nop-app-erp/module-projects/erp-prj-web/pom.xml to /Users/abc/.m2/repository/io/nop/app/app-erp-projects-web/1.0-SNAPSHOT/app-erp-projects-web-1.0-SNAPSHOT.pom
[INFO] Installing /Users/abc/app/nop-app-erp/module-projects/erp-prj-web/target/app-erp-projects-web-1.0-SNAPSHOT.jar to /Users/abc/.m2/repository/io/nop/app/app-erp-projects-web/1.0-SNAPSHOT/app-erp-projects-web-1.0-SNAPSHOT.jar
[INFO] Installing /Users/abc/app/nop-app-erp/module-projects/erp-prj-web/target/app-erp-projects-web-1.0-SNAPSHOT-sources.jar to /Users/abc/.m2/repository/io/nop/app/app-erp-projects-web/1.0-SNAPSHOT/app-erp-projects-web-1.0-SNAPSHOT-sources.jar
[INFO] 
[INFO] -------------------< io.nop.app:app-erp-assets-web >--------------------
[INFO] Building app-erp-assets-web 1.0-SNAPSHOT                        [77/156]
[INFO]   from module-assets/erp-ast-web/pom.xml
[INFO] --------------------------------[ jar ]---------------------------------
[INFO] 
[INFO] --- clean:3.4.0:clean (default-clean) @ app-erp-assets-web ---
[INFO] Deleting /Users/abc/app/nop-app-erp/module-assets/erp-ast-web/target
[INFO] 
[INFO] --- enforcer:3.0.0-M2:enforce (enforce-no-duplicate-dependencies) @ app-erp-assets-web ---
[INFO] 
[INFO] --- jacoco:0.8.14:prepare-agent (default-prepare-agent) @ app-erp-assets-web ---
[INFO] jacocoArgLine set to -javaagent:/Users/abc/.m2/repository/org/jacoco/org.jacoco.agent/0.8.14/org.jacoco.agent-0.8.14-runtime.jar=destfile=/Users/abc/app/nop-app-erp/module-assets/erp-ast-web/target/jacoco.exec,excludes=**/_gen/**:**/_*.java:**/_*.xml:**/*Errors.*:**/*Configs.*:**/*Constants*:**/parse/antlr/**
[INFO] 
[INFO] --- exec:3.0.0:java (precompile) @ app-erp-assets-web ---
SLF4J: Failed to load class "org.slf4j.impl.StaticLoggerBinder".
SLF4J: Defaulting to no-operation (NOP) logger implementation
SLF4J: See http://www.slf4j.org/codes.html#StaticLoggerBinder for further details.
projectDir=/Users/abc/app/nop-app-erp/module-assets/erp-ast-web,dryRun=false,tplRoot=precompile
end
[INFO] 
[INFO] --- exec:3.0.0:java (precompile2) @ app-erp-assets-web ---
SLF4J: Failed to load class "org.slf4j.impl.StaticLoggerBinder".
SLF4J: Defaulting to no-operation (NOP) logger implementation
SLF4J: See http://www.slf4j.org/codes.html#StaticLoggerBinder for further details.
projectDir=/Users/abc/app/nop-app-erp/module-assets/erp-ast-web,dryRun=false,tplRoot=precompile2
end
[INFO] 
[INFO] --- resources:3.3.1:resources (default-resources) @ app-erp-assets-web ---
[INFO] Copying 114 resources from src/main/resources to target/classes
[INFO] 
[INFO] --- compiler:3.11.0:compile (default-compile) @ app-erp-assets-web ---
[INFO] No sources to compile
[INFO] 
[INFO] --- exec:3.0.0:java (aop) @ app-erp-assets-web ---
SLF4J: Failed to load class "org.slf4j.impl.StaticLoggerBinder".
SLF4J: Defaulting to no-operation (NOP) logger implementation
SLF4J: See http://www.slf4j.org/codes.html#StaticLoggerBinder for further details.
nop.gen-aop-proxy
[INFO] 
[INFO] --- exec:3.0.0:java (postcompile) @ app-erp-assets-web ---
SLF4J: Failed to load class "org.slf4j.impl.StaticLoggerBinder".
SLF4J: Defaulting to no-operation (NOP) logger implementation
SLF4J: See http://www.slf4j.org/codes.html#StaticLoggerBinder for further details.
nop.skip-codegen-when-tpl-dir-is-empty:/Users/abc/app/nop-app-erp/module-assets/erp-ast-web/postcompile
[INFO] 
[INFO] --- resources:3.3.1:testResources (default-testResources) @ app-erp-assets-web ---
[INFO] skip non existing resourceDirectory /Users/abc/app/nop-app-erp/module-assets/erp-ast-web/src/test/resources
[INFO] 
[INFO] --- compiler:3.11.0:testCompile (default-testCompile) @ app-erp-assets-web ---
[INFO] Changes detected - recompiling the module! :dependency
[INFO] Compiling 2 source files with javac [debug release 17] to target/test-classes
[INFO] 
[INFO] --- surefire:3.2.2:test (default-test) @ app-erp-assets-web ---
[INFO] Tests are skipped.
[INFO] 
[INFO] --- jar:3.3.0:jar (default-jar) @ app-erp-assets-web ---
[INFO] Building jar: /Users/abc/app/nop-app-erp/module-assets/erp-ast-web/target/app-erp-assets-web-1.0-SNAPSHOT.jar
[INFO] 
[INFO] --- source:3.3.0:jar-no-fork (attach-sources) @ app-erp-assets-web ---
[INFO] Building jar: /Users/abc/app/nop-app-erp/module-assets/erp-ast-web/target/app-erp-assets-web-1.0-SNAPSHOT-sources.jar
[INFO] 
[INFO] --- install:3.1.1:install (default-install) @ app-erp-assets-web ---
[INFO] Installing /Users/abc/app/nop-app-erp/module-assets/erp-ast-web/pom.xml to /Users/abc/.m2/repository/io/nop/app/app-erp-assets-web/1.0-SNAPSHOT/app-erp-assets-web-1.0-SNAPSHOT.pom
[INFO] Installing /Users/abc/app/nop-app-erp/module-assets/erp-ast-web/target/app-erp-assets-web-1.0-SNAPSHOT.jar to /Users/abc/.m2/repository/io/nop/app/app-erp-assets-web/1.0-SNAPSHOT/app-erp-assets-web-1.0-SNAPSHOT.jar
[INFO] Installing /Users/abc/app/nop-app-erp/module-assets/erp-ast-web/target/app-erp-assets-web-1.0-SNAPSHOT-sources.jar to /Users/abc/.m2/repository/io/nop/app/app-erp-assets-web/1.0-SNAPSHOT/app-erp-assets-web-1.0-SNAPSHOT-sources.jar
[INFO] 
[INFO] -------------------< io.nop.app:app-erp-finance-app >-------------------
[INFO] Building app-erp-finance-app 1.0-SNAPSHOT                       [78/156]
[INFO]   from module-finance/erp-fin-app/pom.xml
[INFO] --------------------------------[ jar ]---------------------------------
[INFO] 
[INFO] --- clean:3.4.0:clean (default-clean) @ app-erp-finance-app ---
[INFO] Deleting /Users/abc/app/nop-app-erp/module-finance/erp-fin-app/target
[INFO] 
[INFO] --- enforcer:3.0.0-M2:enforce (enforce-no-duplicate-dependencies) @ app-erp-finance-app ---
[INFO] 
[INFO] --- jacoco:0.8.14:prepare-agent (default-prepare-agent) @ app-erp-finance-app ---
[INFO] jacocoArgLine set to -javaagent:/Users/abc/.m2/repository/org/jacoco/org.jacoco.agent/0.8.14/org.jacoco.agent-0.8.14-runtime.jar=destfile=/Users/abc/app/nop-app-erp/module-finance/erp-fin-app/target/jacoco.exec,excludes=**/_gen/**:**/_*.java:**/_*.xml:**/*Errors.*:**/*Configs.*:**/*Constants*:**/parse/antlr/**
[INFO] 
[INFO] --- exec:3.0.0:java (precompile) @ app-erp-finance-app ---
nop.skip-codegen-when-tpl-dir-is-empty:/Users/abc/app/nop-app-erp/module-finance/erp-fin-app/precompile
[INFO] 
[INFO] --- exec:3.0.0:java (precompile2) @ app-erp-finance-app ---
nop.skip-codegen-when-tpl-dir-is-empty:/Users/abc/app/nop-app-erp/module-finance/erp-fin-app/precompile2
[INFO] 
[INFO] --- resources:3.3.1:resources (default-resources) @ app-erp-finance-app ---
[INFO] Copying 7 resources from src/main/resources to target/classes
[INFO] 
[INFO] --- compiler:3.11.0:compile (default-compile) @ app-erp-finance-app ---
[INFO] Changes detected - recompiling the module! :dependency
[INFO] Compiling 1 source file with javac [debug release 17] to target/classes
[INFO] 
[INFO] --- exec:3.0.0:java (aop) @ app-erp-finance-app ---
nop.gen-aop-proxy
[INFO] 
[INFO] --- exec:3.0.0:java (postcompile) @ app-erp-finance-app ---
nop.skip-codegen-when-tpl-dir-is-empty:/Users/abc/app/nop-app-erp/module-finance/erp-fin-app/postcompile
[INFO] 
[INFO] --- resources:3.3.1:testResources (default-testResources) @ app-erp-finance-app ---
[INFO] skip non existing resourceDirectory /Users/abc/app/nop-app-erp/module-finance/erp-fin-app/src/test/resources
[INFO] 
[INFO] --- compiler:3.11.0:testCompile (default-testCompile) @ app-erp-finance-app ---
[INFO] No sources to compile
[INFO] 
[INFO] --- surefire:3.0.0-M5:test (default-test) @ app-erp-finance-app ---
[INFO] Tests are skipped.
[INFO] 
[INFO] --- jar:3.3.0:jar (default-jar) @ app-erp-finance-app ---
[INFO] Building jar: /Users/abc/app/nop-app-erp/module-finance/erp-fin-app/target/app-erp-finance-app-1.0-SNAPSHOT.jar
[INFO] 
[INFO] --- source:3.3.0:jar-no-fork (attach-sources) @ app-erp-finance-app ---
[INFO] Building jar: /Users/abc/app/nop-app-erp/module-finance/erp-fin-app/target/app-erp-finance-app-1.0-SNAPSHOT-sources.jar
[INFO] 
[INFO] --- quarkus:3.35.1:build (default) @ app-erp-finance-app ---
[WARNING] The Maven extensions for the Quarkus Maven plugin are not enabled for this build. We recommend enabling this, so that the plugin can verify essential build settings have been configured as required. Please enable by adding "<extensions>true</extensions>" in your quarkus-maven-plugin declaration; it should look like:

	<plugin>
		<groupId>${quarkus.platform.group-id}</groupId>
		<artifactId>quarkus-maven-plugin</artifactId>
		<version>${quarkus.platform.version}</version>
		<extensions>true</extensions> <!-- THIS ONE -->
		...

[WARNING] [io.quarkus.config] Unrecognized configuration key "quarkus.http.cors" was provided; it will be ignored; verify that the dependency extension for this configuration is set or that you did not make a typo
[WARNING] [io.quarkus.agroal.deployment.AgroalProcessor] The Agroal dependency is present but no JDBC datasources have been defined.
[INFO] [io.quarkus.deployment.QuarkusAugmentor] Quarkus augmentation completed in 1082ms
[INFO] 
[INFO] --- install:3.1.1:install (default-install) @ app-erp-finance-app ---
[INFO] Skipping artifact installation
[INFO] 
[INFO] -------------------< io.nop.app:app-erp-assets-api >--------------------
[INFO] Building app-erp-assets-api 1.0-SNAPSHOT                        [79/156]
[INFO]   from module-assets/erp-ast-api/pom.xml
[INFO] --------------------------------[ jar ]---------------------------------
[INFO] 
[INFO] --- clean:3.2.0:clean (default-clean) @ app-erp-assets-api ---
[INFO] Deleting /Users/abc/app/nop-app-erp/module-assets/erp-ast-api/target
[INFO] 
[INFO] --- resources:3.3.1:resources (default-resources) @ app-erp-assets-api ---
[INFO] skip non existing resourceDirectory /Users/abc/app/nop-app-erp/module-assets/erp-ast-api/src/main/resources
[INFO] 
[INFO] --- compiler:3.13.0:compile (default-compile) @ app-erp-assets-api ---
[INFO] Recompiling the module because of changed source code.
[INFO] Compiling 60 source files with javac [debug release 11] to target/classes
[INFO] 
[INFO] --- resources:3.3.1:testResources (default-testResources) @ app-erp-assets-api ---
[INFO] skip non existing resourceDirectory /Users/abc/app/nop-app-erp/module-assets/erp-ast-api/src/test/resources
[INFO] 
[INFO] --- compiler:3.13.0:testCompile (default-testCompile) @ app-erp-assets-api ---
[INFO] No sources to compile
[INFO] 
[INFO] --- surefire:3.2.5:test (default-test) @ app-erp-assets-api ---
[INFO] Tests are skipped.
[INFO] 
[INFO] --- jar:3.4.1:jar (default-jar) @ app-erp-assets-api ---
[INFO] Building jar: /Users/abc/app/nop-app-erp/module-assets/erp-ast-api/target/app-erp-assets-api-1.0-SNAPSHOT.jar
[INFO] 
[INFO] --- install:3.1.2:install (default-install) @ app-erp-assets-api ---
[INFO] Installing /Users/abc/app/nop-app-erp/module-assets/erp-ast-api/pom.xml to /Users/abc/.m2/repository/io/nop/app/app-erp-assets-api/1.0-SNAPSHOT/app-erp-assets-api-1.0-SNAPSHOT.pom
[INFO] Installing /Users/abc/app/nop-app-erp/module-assets/erp-ast-api/target/app-erp-assets-api-1.0-SNAPSHOT.jar to /Users/abc/.m2/repository/io/nop/app/app-erp-assets-api/1.0-SNAPSHOT/app-erp-assets-api-1.0-SNAPSHOT.jar
[INFO] 
[INFO] -------------------< io.nop.app:app-erp-assets-app >--------------------
[INFO] Building app-erp-assets-app 1.0-SNAPSHOT                        [80/156]
[INFO]   from module-assets/erp-ast-app/pom.xml
[INFO] --------------------------------[ jar ]---------------------------------
[INFO] 
[INFO] --- clean:3.4.0:clean (default-clean) @ app-erp-assets-app ---
[INFO] Deleting /Users/abc/app/nop-app-erp/module-assets/erp-ast-app/target
[INFO] 
[INFO] --- enforcer:3.0.0-M2:enforce (enforce-no-duplicate-dependencies) @ app-erp-assets-app ---
[INFO] 
[INFO] --- jacoco:0.8.14:prepare-agent (default-prepare-agent) @ app-erp-assets-app ---
[INFO] jacocoArgLine set to -javaagent:/Users/abc/.m2/repository/org/jacoco/org.jacoco.agent/0.8.14/org.jacoco.agent-0.8.14-runtime.jar=destfile=/Users/abc/app/nop-app-erp/module-assets/erp-ast-app/target/jacoco.exec,excludes=**/_gen/**:**/_*.java:**/_*.xml:**/*Errors.*:**/*Configs.*:**/*Constants*:**/parse/antlr/**
[INFO] 
[INFO] --- exec:3.0.0:java (precompile) @ app-erp-assets-app ---
nop.skip-codegen-when-tpl-dir-is-empty:/Users/abc/app/nop-app-erp/module-assets/erp-ast-app/precompile
[INFO] 
[INFO] --- exec:3.0.0:java (precompile2) @ app-erp-assets-app ---
nop.skip-codegen-when-tpl-dir-is-empty:/Users/abc/app/nop-app-erp/module-assets/erp-ast-app/precompile2
[INFO] 
[INFO] --- resources:3.3.1:resources (default-resources) @ app-erp-assets-app ---
[INFO] Copying 7 resources from src/main/resources to target/classes
[INFO] 
[INFO] --- compiler:3.11.0:compile (default-compile) @ app-erp-assets-app ---
[INFO] Changes detected - recompiling the module! :dependency
[INFO] Compiling 1 source file with javac [debug release 17] to target/classes
[INFO] 
[INFO] --- exec:3.0.0:java (aop) @ app-erp-assets-app ---
nop.gen-aop-proxy
[INFO] 
[INFO] --- exec:3.0.0:java (postcompile) @ app-erp-assets-app ---
nop.skip-codegen-when-tpl-dir-is-empty:/Users/abc/app/nop-app-erp/module-assets/erp-ast-app/postcompile
[INFO] 
[INFO] --- resources:3.3.1:testResources (default-testResources) @ app-erp-assets-app ---
[INFO] skip non existing resourceDirectory /Users/abc/app/nop-app-erp/module-assets/erp-ast-app/src/test/resources
[INFO] 
[INFO] --- compiler:3.11.0:testCompile (default-testCompile) @ app-erp-assets-app ---
[INFO] No sources to compile
[INFO] 
[INFO] --- surefire:3.0.0-M5:test (default-test) @ app-erp-assets-app ---
[INFO] Tests are skipped.
[INFO] 
[INFO] --- jar:3.3.0:jar (default-jar) @ app-erp-assets-app ---
[INFO] Building jar: /Users/abc/app/nop-app-erp/module-assets/erp-ast-app/target/app-erp-assets-app-1.0-SNAPSHOT.jar
[INFO] 
[INFO] --- source:3.3.0:jar-no-fork (attach-sources) @ app-erp-assets-app ---
[INFO] Building jar: /Users/abc/app/nop-app-erp/module-assets/erp-ast-app/target/app-erp-assets-app-1.0-SNAPSHOT-sources.jar
[INFO] 
[INFO] --- quarkus:3.35.1:build (default) @ app-erp-assets-app ---
[WARNING] The Maven extensions for the Quarkus Maven plugin are not enabled for this build. We recommend enabling this, so that the plugin can verify essential build settings have been configured as required. Please enable by adding "<extensions>true</extensions>" in your quarkus-maven-plugin declaration; it should look like:

	<plugin>
		<groupId>${quarkus.platform.group-id}</groupId>
		<artifactId>quarkus-maven-plugin</artifactId>
		<version>${quarkus.platform.version}</version>
		<extensions>true</extensions> <!-- THIS ONE -->
		...

[WARNING] [io.quarkus.config] Unrecognized configuration key "quarkus.http.cors" was provided; it will be ignored; verify that the dependency extension for this configuration is set or that you did not make a typo
[WARNING] [io.quarkus.agroal.deployment.AgroalProcessor] The Agroal dependency is present but no JDBC datasources have been defined.
[INFO] [io.quarkus.deployment.QuarkusAugmentor] Quarkus augmentation completed in 1066ms
[INFO] 
[INFO] --- install:3.1.1:install (default-install) @ app-erp-assets-app ---
[INFO] Skipping artifact installation
[INFO] 
[INFO] ------------------< io.nop.app:app-erp-projects-api >-------------------
[INFO] Building app-erp-projects-api 1.0-SNAPSHOT                      [81/156]
[INFO]   from module-projects/erp-prj-api/pom.xml
[INFO] --------------------------------[ jar ]---------------------------------
[INFO] 
[INFO] --- clean:3.2.0:clean (default-clean) @ app-erp-projects-api ---
[INFO] Deleting /Users/abc/app/nop-app-erp/module-projects/erp-prj-api/target
[INFO] 
[INFO] --- resources:3.3.1:resources (default-resources) @ app-erp-projects-api ---
[INFO] skip non existing resourceDirectory /Users/abc/app/nop-app-erp/module-projects/erp-prj-api/src/main/resources
[INFO] 
[INFO] --- compiler:3.13.0:compile (default-compile) @ app-erp-projects-api ---
[INFO] Recompiling the module because of changed source code.
[INFO] Compiling 51 source files with javac [debug release 11] to target/classes
[INFO] 
[INFO] --- resources:3.3.1:testResources (default-testResources) @ app-erp-projects-api ---
[INFO] skip non existing resourceDirectory /Users/abc/app/nop-app-erp/module-projects/erp-prj-api/src/test/resources
[INFO] 
[INFO] --- compiler:3.13.0:testCompile (default-testCompile) @ app-erp-projects-api ---
[INFO] No sources to compile
[INFO] 
[INFO] --- surefire:3.2.5:test (default-test) @ app-erp-projects-api ---
[INFO] Tests are skipped.
[INFO] 
[INFO] --- jar:3.4.1:jar (default-jar) @ app-erp-projects-api ---
[INFO] Building jar: /Users/abc/app/nop-app-erp/module-projects/erp-prj-api/target/app-erp-projects-api-1.0-SNAPSHOT.jar
[INFO] 
[INFO] --- install:3.1.2:install (default-install) @ app-erp-projects-api ---
[INFO] Installing /Users/abc/app/nop-app-erp/module-projects/erp-prj-api/pom.xml to /Users/abc/.m2/repository/io/nop/app/app-erp-projects-api/1.0-SNAPSHOT/app-erp-projects-api-1.0-SNAPSHOT.pom
[INFO] Installing /Users/abc/app/nop-app-erp/module-projects/erp-prj-api/target/app-erp-projects-api-1.0-SNAPSHOT.jar to /Users/abc/.m2/repository/io/nop/app/app-erp-projects-api/1.0-SNAPSHOT/app-erp-projects-api-1.0-SNAPSHOT.jar
[INFO] 
[INFO] ------------------< io.nop.app:app-erp-projects-app >-------------------
[INFO] Building app-erp-projects-app 1.0-SNAPSHOT                      [82/156]
[INFO]   from module-projects/erp-prj-app/pom.xml
[INFO] --------------------------------[ jar ]---------------------------------
[INFO] 
[INFO] --- clean:3.4.0:clean (default-clean) @ app-erp-projects-app ---
[INFO] Deleting /Users/abc/app/nop-app-erp/module-projects/erp-prj-app/target
[INFO] 
[INFO] --- enforcer:3.0.0-M2:enforce (enforce-no-duplicate-dependencies) @ app-erp-projects-app ---
[INFO] 
[INFO] --- jacoco:0.8.14:prepare-agent (default-prepare-agent) @ app-erp-projects-app ---
[INFO] jacocoArgLine set to -javaagent:/Users/abc/.m2/repository/org/jacoco/org.jacoco.agent/0.8.14/org.jacoco.agent-0.8.14-runtime.jar=destfile=/Users/abc/app/nop-app-erp/module-projects/erp-prj-app/target/jacoco.exec,excludes=**/_gen/**:**/_*.java:**/_*.xml:**/*Errors.*:**/*Configs.*:**/*Constants*:**/parse/antlr/**
[INFO] 
[INFO] --- exec:3.0.0:java (precompile) @ app-erp-projects-app ---
nop.skip-codegen-when-tpl-dir-is-empty:/Users/abc/app/nop-app-erp/module-projects/erp-prj-app/precompile
[INFO] 
[INFO] --- exec:3.0.0:java (precompile2) @ app-erp-projects-app ---
nop.skip-codegen-when-tpl-dir-is-empty:/Users/abc/app/nop-app-erp/module-projects/erp-prj-app/precompile2
[INFO] 
[INFO] --- resources:3.3.1:resources (default-resources) @ app-erp-projects-app ---
[INFO] Copying 7 resources from src/main/resources to target/classes
[INFO] 
[INFO] --- compiler:3.11.0:compile (default-compile) @ app-erp-projects-app ---
[INFO] Changes detected - recompiling the module! :dependency
[INFO] Compiling 1 source file with javac [debug release 17] to target/classes
[INFO] 
[INFO] --- exec:3.0.0:java (aop) @ app-erp-projects-app ---
nop.gen-aop-proxy
[INFO] 
[INFO] --- exec:3.0.0:java (postcompile) @ app-erp-projects-app ---
nop.skip-codegen-when-tpl-dir-is-empty:/Users/abc/app/nop-app-erp/module-projects/erp-prj-app/postcompile
[INFO] 
[INFO] --- resources:3.3.1:testResources (default-testResources) @ app-erp-projects-app ---
[INFO] skip non existing resourceDirectory /Users/abc/app/nop-app-erp/module-projects/erp-prj-app/src/test/resources
[INFO] 
[INFO] --- compiler:3.11.0:testCompile (default-testCompile) @ app-erp-projects-app ---
[INFO] No sources to compile
[INFO] 
[INFO] --- surefire:3.0.0-M5:test (default-test) @ app-erp-projects-app ---
[INFO] Tests are skipped.
[INFO] 
[INFO] --- jar:3.3.0:jar (default-jar) @ app-erp-projects-app ---
[INFO] Building jar: /Users/abc/app/nop-app-erp/module-projects/erp-prj-app/target/app-erp-projects-app-1.0-SNAPSHOT.jar
[INFO] 
[INFO] --- source:3.3.0:jar-no-fork (attach-sources) @ app-erp-projects-app ---
[INFO] Building jar: /Users/abc/app/nop-app-erp/module-projects/erp-prj-app/target/app-erp-projects-app-1.0-SNAPSHOT-sources.jar
[INFO] 
[INFO] --- quarkus:3.35.1:build (default) @ app-erp-projects-app ---
[WARNING] The Maven extensions for the Quarkus Maven plugin are not enabled for this build. We recommend enabling this, so that the plugin can verify essential build settings have been configured as required. Please enable by adding "<extensions>true</extensions>" in your quarkus-maven-plugin declaration; it should look like:

	<plugin>
		<groupId>${quarkus.platform.group-id}</groupId>
		<artifactId>quarkus-maven-plugin</artifactId>
		<version>${quarkus.platform.version}</version>
		<extensions>true</extensions> <!-- THIS ONE -->
		...

[WARNING] [io.quarkus.config] Unrecognized configuration key "quarkus.http.cors" was provided; it will be ignored; verify that the dependency extension for this configuration is set or that you did not make a typo
[WARNING] [io.quarkus.agroal.deployment.AgroalProcessor] The Agroal dependency is present but no JDBC datasources have been defined.
[INFO] [io.quarkus.deployment.QuarkusAugmentor] Quarkus augmentation completed in 1508ms
[INFO] 
[INFO] --- install:3.1.1:install (default-install) @ app-erp-projects-app ---
[INFO] Skipping artifact installation
[INFO] 
[INFO] ----------------< io.nop.app:app-erp-manufacturing-api >----------------
[INFO] Building app-erp-manufacturing-api 1.0-SNAPSHOT                 [83/156]
[INFO]   from module-manufacturing/erp-mfg-api/pom.xml
[INFO] --------------------------------[ jar ]---------------------------------
[INFO] 
[INFO] --- clean:3.2.0:clean (default-clean) @ app-erp-manufacturing-api ---
[INFO] Deleting /Users/abc/app/nop-app-erp/module-manufacturing/erp-mfg-api/target
[INFO] 
[INFO] --- resources:3.3.1:resources (default-resources) @ app-erp-manufacturing-api ---
[INFO] skip non existing resourceDirectory /Users/abc/app/nop-app-erp/module-manufacturing/erp-mfg-api/src/main/resources
[INFO] 
[INFO] --- compiler:3.13.0:compile (default-compile) @ app-erp-manufacturing-api ---
[INFO] Recompiling the module because of changed source code.
[INFO] Compiling 102 source files with javac [debug release 11] to target/classes
[INFO] 
[INFO] --- resources:3.3.1:testResources (default-testResources) @ app-erp-manufacturing-api ---
[INFO] skip non existing resourceDirectory /Users/abc/app/nop-app-erp/module-manufacturing/erp-mfg-api/src/test/resources
[INFO] 
[INFO] --- compiler:3.13.0:testCompile (default-testCompile) @ app-erp-manufacturing-api ---
[INFO] No sources to compile
[INFO] 
[INFO] --- surefire:3.2.5:test (default-test) @ app-erp-manufacturing-api ---
[INFO] Tests are skipped.
[INFO] 
[INFO] --- jar:3.4.1:jar (default-jar) @ app-erp-manufacturing-api ---
[INFO] Building jar: /Users/abc/app/nop-app-erp/module-manufacturing/erp-mfg-api/target/app-erp-manufacturing-api-1.0-SNAPSHOT.jar
[INFO] 
[INFO] --- install:3.1.2:install (default-install) @ app-erp-manufacturing-api ---
[INFO] Installing /Users/abc/app/nop-app-erp/module-manufacturing/erp-mfg-api/pom.xml to /Users/abc/.m2/repository/io/nop/app/app-erp-manufacturing-api/1.0-SNAPSHOT/app-erp-manufacturing-api-1.0-SNAPSHOT.pom
[INFO] Installing /Users/abc/app/nop-app-erp/module-manufacturing/erp-mfg-api/target/app-erp-manufacturing-api-1.0-SNAPSHOT.jar to /Users/abc/.m2/repository/io/nop/app/app-erp-manufacturing-api/1.0-SNAPSHOT/app-erp-manufacturing-api-1.0-SNAPSHOT.jar
[INFO] 
[INFO] ---------------< io.nop.app:app-erp-manufacturing-meta >----------------
[INFO] Building app-erp-manufacturing-meta 1.0-SNAPSHOT                [84/156]
[INFO]   from module-manufacturing/erp-mfg-meta/pom.xml
[INFO] --------------------------------[ jar ]---------------------------------
[INFO] 
[INFO] --- clean:3.4.0:clean (default-clean) @ app-erp-manufacturing-meta ---
[INFO] Deleting /Users/abc/app/nop-app-erp/module-manufacturing/erp-mfg-meta/target
[INFO] 
[INFO] --- enforcer:3.0.0-M2:enforce (enforce-no-duplicate-dependencies) @ app-erp-manufacturing-meta ---
[INFO] 
[INFO] --- jacoco:0.8.14:prepare-agent (default-prepare-agent) @ app-erp-manufacturing-meta ---
[INFO] jacocoArgLine set to -javaagent:/Users/abc/.m2/repository/org/jacoco/org.jacoco.agent/0.8.14/org.jacoco.agent-0.8.14-runtime.jar=destfile=/Users/abc/app/nop-app-erp/module-manufacturing/erp-mfg-meta/target/jacoco.exec,excludes=**/_gen/**:**/_*.java:**/_*.xml:**/*Errors.*:**/*Configs.*:**/*Constants*:**/parse/antlr/**
[INFO] 
[INFO] --- exec:3.0.0:java (precompile) @ app-erp-manufacturing-meta ---
SLF4J: Failed to load class "org.slf4j.impl.StaticLoggerBinder".
SLF4J: Defaulting to no-operation (NOP) logger implementation
SLF4J: See http://www.slf4j.org/codes.html#StaticLoggerBinder for further details.
projectDir=/Users/abc/app/nop-app-erp/module-manufacturing/erp-mfg-meta,dryRun=false,tplRoot=precompile
end
[INFO] 
[INFO] --- exec:3.0.0:java (precompile2) @ app-erp-manufacturing-meta ---
SLF4J: Failed to load class "org.slf4j.impl.StaticLoggerBinder".
SLF4J: Defaulting to no-operation (NOP) logger implementation
SLF4J: See http://www.slf4j.org/codes.html#StaticLoggerBinder for further details.
nop.skip-codegen-when-tpl-dir-is-empty:/Users/abc/app/nop-app-erp/module-manufacturing/erp-mfg-meta/precompile2
[INFO] 
[INFO] --- resources:3.3.1:resources (default-resources) @ app-erp-manufacturing-meta ---
[INFO] Copying 95 resources from src/main/resources to target/classes
[INFO] 
[INFO] --- compiler:3.11.0:compile (default-compile) @ app-erp-manufacturing-meta ---
[INFO] No sources to compile
[INFO] 
[INFO] --- exec:3.0.0:java (aop) @ app-erp-manufacturing-meta ---
SLF4J: Failed to load class "org.slf4j.impl.StaticLoggerBinder".
SLF4J: Defaulting to no-operation (NOP) logger implementation
SLF4J: See http://www.slf4j.org/codes.html#StaticLoggerBinder for further details.
nop.gen-aop-proxy
[INFO] 
[INFO] --- exec:3.0.0:java (postcompile) @ app-erp-manufacturing-meta ---
SLF4J: Failed to load class "org.slf4j.impl.StaticLoggerBinder".
SLF4J: Defaulting to no-operation (NOP) logger implementation
SLF4J: See http://www.slf4j.org/codes.html#StaticLoggerBinder for further details.
projectDir=/Users/abc/app/nop-app-erp/module-manufacturing/erp-mfg-meta,dryRun=false,tplRoot=postcompile
end
[INFO] 
[INFO] --- resources:3.3.1:testResources (default-testResources) @ app-erp-manufacturing-meta ---
[INFO] skip non existing resourceDirectory /Users/abc/app/nop-app-erp/module-manufacturing/erp-mfg-meta/src/test/resources
[INFO] 
[INFO] --- compiler:3.11.0:testCompile (default-testCompile) @ app-erp-manufacturing-meta ---
[INFO] No sources to compile
[INFO] 
[INFO] --- surefire:3.2.2:test (default-test) @ app-erp-manufacturing-meta ---
[INFO] Tests are skipped.
[INFO] 
[INFO] --- jar:3.3.0:jar (default-jar) @ app-erp-manufacturing-meta ---
[INFO] Building jar: /Users/abc/app/nop-app-erp/module-manufacturing/erp-mfg-meta/target/app-erp-manufacturing-meta-1.0-SNAPSHOT.jar
[INFO] 
[INFO] --- source:3.3.0:jar-no-fork (attach-sources) @ app-erp-manufacturing-meta ---
[INFO] Building jar: /Users/abc/app/nop-app-erp/module-manufacturing/erp-mfg-meta/target/app-erp-manufacturing-meta-1.0-SNAPSHOT-sources.jar
[INFO] 
[INFO] --- install:3.1.1:install (default-install) @ app-erp-manufacturing-meta ---
[INFO] Installing /Users/abc/app/nop-app-erp/module-manufacturing/erp-mfg-meta/pom.xml to /Users/abc/.m2/repository/io/nop/app/app-erp-manufacturing-meta/1.0-SNAPSHOT/app-erp-manufacturing-meta-1.0-SNAPSHOT.pom
[INFO] Installing /Users/abc/app/nop-app-erp/module-manufacturing/erp-mfg-meta/target/app-erp-manufacturing-meta-1.0-SNAPSHOT.jar to /Users/abc/.m2/repository/io/nop/app/app-erp-manufacturing-meta/1.0-SNAPSHOT/app-erp-manufacturing-meta-1.0-SNAPSHOT.jar
[INFO] Installing /Users/abc/app/nop-app-erp/module-manufacturing/erp-mfg-meta/target/app-erp-manufacturing-meta-1.0-SNAPSHOT-sources.jar to /Users/abc/.m2/repository/io/nop/app/app-erp-manufacturing-meta/1.0-SNAPSHOT/app-erp-manufacturing-meta-1.0-SNAPSHOT-sources.jar
[INFO] 
[INFO] ----------------< io.nop.app:app-erp-maintenance-meta >-----------------
[INFO] Building app-erp-maintenance-meta 1.0-SNAPSHOT                  [85/156]
[INFO]   from module-maintenance/erp-mnt-meta/pom.xml
[INFO] --------------------------------[ jar ]---------------------------------
[INFO] 
[INFO] --- clean:3.4.0:clean (default-clean) @ app-erp-maintenance-meta ---
[INFO] Deleting /Users/abc/app/nop-app-erp/module-maintenance/erp-mnt-meta/target
[INFO] 
[INFO] --- enforcer:3.0.0-M2:enforce (enforce-no-duplicate-dependencies) @ app-erp-maintenance-meta ---
[INFO] 
[INFO] --- jacoco:0.8.14:prepare-agent (default-prepare-agent) @ app-erp-maintenance-meta ---
[INFO] jacocoArgLine set to -javaagent:/Users/abc/.m2/repository/org/jacoco/org.jacoco.agent/0.8.14/org.jacoco.agent-0.8.14-runtime.jar=destfile=/Users/abc/app/nop-app-erp/module-maintenance/erp-mnt-meta/target/jacoco.exec,excludes=**/_gen/**:**/_*.java:**/_*.xml:**/*Errors.*:**/*Configs.*:**/*Constants*:**/parse/antlr/**
[INFO] 
[INFO] --- exec:3.0.0:java (precompile) @ app-erp-maintenance-meta ---
SLF4J: Failed to load class "org.slf4j.impl.StaticLoggerBinder".
SLF4J: Defaulting to no-operation (NOP) logger implementation
SLF4J: See http://www.slf4j.org/codes.html#StaticLoggerBinder for further details.
projectDir=/Users/abc/app/nop-app-erp/module-maintenance/erp-mnt-meta,dryRun=false,tplRoot=precompile
end
[INFO] 
[INFO] --- exec:3.0.0:java (precompile2) @ app-erp-maintenance-meta ---
SLF4J: Failed to load class "org.slf4j.impl.StaticLoggerBinder".
SLF4J: Defaulting to no-operation (NOP) logger implementation
SLF4J: See http://www.slf4j.org/codes.html#StaticLoggerBinder for further details.
nop.skip-codegen-when-tpl-dir-is-empty:/Users/abc/app/nop-app-erp/module-maintenance/erp-mnt-meta/precompile2
[INFO] 
[INFO] --- resources:3.3.1:resources (default-resources) @ app-erp-maintenance-meta ---
[INFO] Copying 49 resources from src/main/resources to target/classes
[INFO] 
[INFO] --- compiler:3.11.0:compile (default-compile) @ app-erp-maintenance-meta ---
[INFO] No sources to compile
[INFO] 
[INFO] --- exec:3.0.0:java (aop) @ app-erp-maintenance-meta ---
SLF4J: Failed to load class "org.slf4j.impl.StaticLoggerBinder".
SLF4J: Defaulting to no-operation (NOP) logger implementation
SLF4J: See http://www.slf4j.org/codes.html#StaticLoggerBinder for further details.
nop.gen-aop-proxy
[INFO] 
[INFO] --- exec:3.0.0:java (postcompile) @ app-erp-maintenance-meta ---
SLF4J: Failed to load class "org.slf4j.impl.StaticLoggerBinder".
SLF4J: Defaulting to no-operation (NOP) logger implementation
SLF4J: See http://www.slf4j.org/codes.html#StaticLoggerBinder for further details.
projectDir=/Users/abc/app/nop-app-erp/module-maintenance/erp-mnt-meta,dryRun=false,tplRoot=postcompile
end
[INFO] 
[INFO] --- resources:3.3.1:testResources (default-testResources) @ app-erp-maintenance-meta ---
[INFO] skip non existing resourceDirectory /Users/abc/app/nop-app-erp/module-maintenance/erp-mnt-meta/src/test/resources
[INFO] 
[INFO] --- compiler:3.11.0:testCompile (default-testCompile) @ app-erp-maintenance-meta ---
[INFO] No sources to compile
[INFO] 
[INFO] --- surefire:3.2.2:test (default-test) @ app-erp-maintenance-meta ---
[INFO] Tests are skipped.
[INFO] 
[INFO] --- jar:3.3.0:jar (default-jar) @ app-erp-maintenance-meta ---
[INFO] Building jar: /Users/abc/app/nop-app-erp/module-maintenance/erp-mnt-meta/target/app-erp-maintenance-meta-1.0-SNAPSHOT.jar
[INFO] 
[INFO] --- source:3.3.0:jar-no-fork (attach-sources) @ app-erp-maintenance-meta ---
[INFO] Building jar: /Users/abc/app/nop-app-erp/module-maintenance/erp-mnt-meta/target/app-erp-maintenance-meta-1.0-SNAPSHOT-sources.jar
[INFO] 
[INFO] --- install:3.1.1:install (default-install) @ app-erp-maintenance-meta ---
[INFO] Installing /Users/abc/app/nop-app-erp/module-maintenance/erp-mnt-meta/pom.xml to /Users/abc/.m2/repository/io/nop/app/app-erp-maintenance-meta/1.0-SNAPSHOT/app-erp-maintenance-meta-1.0-SNAPSHOT.pom
[INFO] Installing /Users/abc/app/nop-app-erp/module-maintenance/erp-mnt-meta/target/app-erp-maintenance-meta-1.0-SNAPSHOT.jar to /Users/abc/.m2/repository/io/nop/app/app-erp-maintenance-meta/1.0-SNAPSHOT/app-erp-maintenance-meta-1.0-SNAPSHOT.jar
[INFO] Installing /Users/abc/app/nop-app-erp/module-maintenance/erp-mnt-meta/target/app-erp-maintenance-meta-1.0-SNAPSHOT-sources.jar to /Users/abc/.m2/repository/io/nop/app/app-erp-maintenance-meta/1.0-SNAPSHOT/app-erp-maintenance-meta-1.0-SNAPSHOT-sources.jar
[INFO] 
[INFO] ---------------< io.nop.app:app-erp-maintenance-service >---------------
[INFO] Building app-erp-maintenance-service 1.0-SNAPSHOT               [86/156]
[INFO]   from module-maintenance/erp-mnt-service/pom.xml
[INFO] --------------------------------[ jar ]---------------------------------
[INFO] 
[INFO] --- clean:3.4.0:clean (default-clean) @ app-erp-maintenance-service ---
[INFO] Deleting /Users/abc/app/nop-app-erp/module-maintenance/erp-mnt-service/target
[INFO] 
[INFO] --- enforcer:3.0.0-M2:enforce (enforce-no-duplicate-dependencies) @ app-erp-maintenance-service ---
[INFO] 
[INFO] --- jacoco:0.8.14:prepare-agent (default-prepare-agent) @ app-erp-maintenance-service ---
[INFO] jacocoArgLine set to -javaagent:/Users/abc/.m2/repository/org/jacoco/org.jacoco.agent/0.8.14/org.jacoco.agent-0.8.14-runtime.jar=destfile=/Users/abc/app/nop-app-erp/module-maintenance/erp-mnt-service/target/jacoco.exec,excludes=**/_gen/**:**/_*.java:**/_*.xml:**/*Errors.*:**/*Configs.*:**/*Constants*:**/parse/antlr/**
[INFO] 
[INFO] --- exec:3.0.0:java (precompile) @ app-erp-maintenance-service ---
SLF4J: Failed to load class "org.slf4j.impl.StaticLoggerBinder".
SLF4J: Defaulting to no-operation (NOP) logger implementation
SLF4J: See http://www.slf4j.org/codes.html#StaticLoggerBinder for further details.
nop.skip-codegen-when-tpl-dir-is-empty:/Users/abc/app/nop-app-erp/module-maintenance/erp-mnt-service/precompile
[INFO] 
[INFO] --- exec:3.0.0:java (precompile2) @ app-erp-maintenance-service ---
SLF4J: Failed to load class "org.slf4j.impl.StaticLoggerBinder".
SLF4J: Defaulting to no-operation (NOP) logger implementation
SLF4J: See http://www.slf4j.org/codes.html#StaticLoggerBinder for further details.
nop.skip-codegen-when-tpl-dir-is-empty:/Users/abc/app/nop-app-erp/module-maintenance/erp-mnt-service/precompile2
[INFO] 
[INFO] --- resources:3.3.1:resources (default-resources) @ app-erp-maintenance-service ---
[INFO] Copying 36 resources from src/main/resources to target/classes
[INFO] 
[INFO] --- compiler:3.11.0:compile (default-compile) @ app-erp-maintenance-service ---
[INFO] Changes detected - recompiling the module! :dependency
[INFO] Compiling 56 source files with javac [debug release 17] to target/classes
[INFO] 
[INFO] --- exec:3.0.0:java (aop) @ app-erp-maintenance-service ---
SLF4J: Failed to load class "org.slf4j.impl.StaticLoggerBinder".
SLF4J: Defaulting to no-operation (NOP) logger implementation
SLF4J: See http://www.slf4j.org/codes.html#StaticLoggerBinder for further details.
nop.gen-aop-proxy
[INFO] 
[INFO] --- exec:3.0.0:java (postcompile) @ app-erp-maintenance-service ---
SLF4J: Failed to load class "org.slf4j.impl.StaticLoggerBinder".
SLF4J: Defaulting to no-operation (NOP) logger implementation
SLF4J: See http://www.slf4j.org/codes.html#StaticLoggerBinder for further details.
nop.skip-codegen-when-tpl-dir-is-empty:/Users/abc/app/nop-app-erp/module-maintenance/erp-mnt-service/postcompile
[INFO] 
[INFO] --- resources:3.3.1:testResources (default-testResources) @ app-erp-maintenance-service ---
[INFO] skip non existing resourceDirectory /Users/abc/app/nop-app-erp/module-maintenance/erp-mnt-service/src/test/resources
[INFO] 
[INFO] --- compiler:3.11.0:testCompile (default-testCompile) @ app-erp-maintenance-service ---
[INFO] Changes detected - recompiling the module! :dependency
[INFO] Compiling 28 source files with javac [debug release 17] to target/test-classes
[INFO] 
[INFO] --- surefire:3.2.2:test (default-test) @ app-erp-maintenance-service ---
[INFO] Tests are skipped.
[INFO] 
[INFO] --- jar:3.3.0:jar (default-jar) @ app-erp-maintenance-service ---
[INFO] Building jar: /Users/abc/app/nop-app-erp/module-maintenance/erp-mnt-service/target/app-erp-maintenance-service-1.0-SNAPSHOT.jar
[INFO] 
[INFO] --- source:3.3.0:jar-no-fork (attach-sources) @ app-erp-maintenance-service ---
[INFO] Building jar: /Users/abc/app/nop-app-erp/module-maintenance/erp-mnt-service/target/app-erp-maintenance-service-1.0-SNAPSHOT-sources.jar
[INFO] 
[INFO] --- install:3.1.1:install (default-install) @ app-erp-maintenance-service ---
[INFO] Installing /Users/abc/app/nop-app-erp/module-maintenance/erp-mnt-service/pom.xml to /Users/abc/.m2/repository/io/nop/app/app-erp-maintenance-service/1.0-SNAPSHOT/app-erp-maintenance-service-1.0-SNAPSHOT.pom
[INFO] Installing /Users/abc/app/nop-app-erp/module-maintenance/erp-mnt-service/target/app-erp-maintenance-service-1.0-SNAPSHOT.jar to /Users/abc/.m2/repository/io/nop/app/app-erp-maintenance-service/1.0-SNAPSHOT/app-erp-maintenance-service-1.0-SNAPSHOT.jar
[INFO] Installing /Users/abc/app/nop-app-erp/module-maintenance/erp-mnt-service/target/app-erp-maintenance-service-1.0-SNAPSHOT-sources.jar to /Users/abc/.m2/repository/io/nop/app/app-erp-maintenance-service/1.0-SNAPSHOT/app-erp-maintenance-service-1.0-SNAPSHOT-sources.jar
[INFO] 
[INFO] --------------< io.nop.app:app-erp-manufacturing-service >--------------
[INFO] Building app-erp-manufacturing-service 1.0-SNAPSHOT             [87/156]
[INFO]   from module-manufacturing/erp-mfg-service/pom.xml
[INFO] --------------------------------[ jar ]---------------------------------
[INFO] 
[INFO] --- clean:3.4.0:clean (default-clean) @ app-erp-manufacturing-service ---
[INFO] Deleting /Users/abc/app/nop-app-erp/module-manufacturing/erp-mfg-service/target
[INFO] 
[INFO] --- enforcer:3.0.0-M2:enforce (enforce-no-duplicate-dependencies) @ app-erp-manufacturing-service ---
[INFO] 
[INFO] --- jacoco:0.8.14:prepare-agent (default-prepare-agent) @ app-erp-manufacturing-service ---
[INFO] jacocoArgLine set to -javaagent:/Users/abc/.m2/repository/org/jacoco/org.jacoco.agent/0.8.14/org.jacoco.agent-0.8.14-runtime.jar=destfile=/Users/abc/app/nop-app-erp/module-manufacturing/erp-mfg-service/target/jacoco.exec,excludes=**/_gen/**:**/_*.java:**/_*.xml:**/*Errors.*:**/*Configs.*:**/*Constants*:**/parse/antlr/**
[INFO] 
[INFO] --- exec:3.0.0:java (precompile) @ app-erp-manufacturing-service ---
SLF4J: Failed to load class "org.slf4j.impl.StaticLoggerBinder".
SLF4J: Defaulting to no-operation (NOP) logger implementation
SLF4J: See http://www.slf4j.org/codes.html#StaticLoggerBinder for further details.
nop.skip-codegen-when-tpl-dir-is-empty:/Users/abc/app/nop-app-erp/module-manufacturing/erp-mfg-service/precompile
[INFO] 
[INFO] --- exec:3.0.0:java (precompile2) @ app-erp-manufacturing-service ---
SLF4J: Failed to load class "org.slf4j.impl.StaticLoggerBinder".
SLF4J: Defaulting to no-operation (NOP) logger implementation
SLF4J: See http://www.slf4j.org/codes.html#StaticLoggerBinder for further details.
nop.skip-codegen-when-tpl-dir-is-empty:/Users/abc/app/nop-app-erp/module-manufacturing/erp-mfg-service/precompile2
[INFO] 
[INFO] --- resources:3.3.1:resources (default-resources) @ app-erp-manufacturing-service ---
[INFO] Copying 76 resources from src/main/resources to target/classes
[INFO] 
[INFO] --- compiler:3.11.0:compile (default-compile) @ app-erp-manufacturing-service ---
[INFO] Changes detected - recompiling the module! :dependency
[INFO] Compiling 121 source files with javac [debug release 17] to target/classes
[INFO] 
[INFO] --- exec:3.0.0:java (aop) @ app-erp-manufacturing-service ---
SLF4J: Failed to load class "org.slf4j.impl.StaticLoggerBinder".
SLF4J: Defaulting to no-operation (NOP) logger implementation
SLF4J: See http://www.slf4j.org/codes.html#StaticLoggerBinder for further details.
nop.gen-aop-proxy
[INFO] 
[INFO] --- exec:3.0.0:java (postcompile) @ app-erp-manufacturing-service ---
SLF4J: Failed to load class "org.slf4j.impl.StaticLoggerBinder".
SLF4J: Defaulting to no-operation (NOP) logger implementation
SLF4J: See http://www.slf4j.org/codes.html#StaticLoggerBinder for further details.
nop.skip-codegen-when-tpl-dir-is-empty:/Users/abc/app/nop-app-erp/module-manufacturing/erp-mfg-service/postcompile
[INFO] 
[INFO] --- resources:3.3.1:testResources (default-testResources) @ app-erp-manufacturing-service ---
[INFO] Copying 2 resources from src/test/resources to target/test-classes
[INFO] 
[INFO] --- compiler:3.11.0:testCompile (default-testCompile) @ app-erp-manufacturing-service ---
[INFO] Changes detected - recompiling the module! :dependency
[INFO] Compiling 52 source files with javac [debug release 17] to target/test-classes
[INFO] /Users/abc/app/nop-app-erp/module-manufacturing/erp-mfg-service/src/test/java/app/erp/mfg/service/TestErpMfgWorkOrderCancelInspectionLinkage.java: 某些输入文件使用了未经检查或不安全的操作。
[INFO] /Users/abc/app/nop-app-erp/module-manufacturing/erp-mfg-service/src/test/java/app/erp/mfg/service/TestErpMfgWorkOrderCancelInspectionLinkage.java: 有关详细信息, 请使用 -Xlint:unchecked 重新编译。
[INFO] 
[INFO] --- surefire:3.2.2:test (default-test) @ app-erp-manufacturing-service ---
[INFO] Tests are skipped.
[INFO] 
[INFO] --- jar:3.3.0:jar (default-jar) @ app-erp-manufacturing-service ---
[INFO] Building jar: /Users/abc/app/nop-app-erp/module-manufacturing/erp-mfg-service/target/app-erp-manufacturing-service-1.0-SNAPSHOT.jar
[INFO] 
[INFO] --- source:3.3.0:jar-no-fork (attach-sources) @ app-erp-manufacturing-service ---
[INFO] Building jar: /Users/abc/app/nop-app-erp/module-manufacturing/erp-mfg-service/target/app-erp-manufacturing-service-1.0-SNAPSHOT-sources.jar
[INFO] 
[INFO] --- install:3.1.1:install (default-install) @ app-erp-manufacturing-service ---
[INFO] Installing /Users/abc/app/nop-app-erp/module-manufacturing/erp-mfg-service/pom.xml to /Users/abc/.m2/repository/io/nop/app/app-erp-manufacturing-service/1.0-SNAPSHOT/app-erp-manufacturing-service-1.0-SNAPSHOT.pom
[INFO] Installing /Users/abc/app/nop-app-erp/module-manufacturing/erp-mfg-service/target/app-erp-manufacturing-service-1.0-SNAPSHOT.jar to /Users/abc/.m2/repository/io/nop/app/app-erp-manufacturing-service/1.0-SNAPSHOT/app-erp-manufacturing-service-1.0-SNAPSHOT.jar
[INFO] Installing /Users/abc/app/nop-app-erp/module-manufacturing/erp-mfg-service/target/app-erp-manufacturing-service-1.0-SNAPSHOT-sources.jar to /Users/abc/.m2/repository/io/nop/app/app-erp-manufacturing-service/1.0-SNAPSHOT/app-erp-manufacturing-service-1.0-SNAPSHOT-sources.jar
[INFO] 
[INFO] ----------------< io.nop.app:app-erp-manufacturing-web >----------------
[INFO] Building app-erp-manufacturing-web 1.0-SNAPSHOT                 [88/156]
[INFO]   from module-manufacturing/erp-mfg-web/pom.xml
[INFO] --------------------------------[ jar ]---------------------------------
[INFO] 
[INFO] --- clean:3.4.0:clean (default-clean) @ app-erp-manufacturing-web ---
[INFO] Deleting /Users/abc/app/nop-app-erp/module-manufacturing/erp-mfg-web/target
[INFO] 
[INFO] --- enforcer:3.0.0-M2:enforce (enforce-no-duplicate-dependencies) @ app-erp-manufacturing-web ---
[INFO] 
[INFO] --- jacoco:0.8.14:prepare-agent (default-prepare-agent) @ app-erp-manufacturing-web ---
[INFO] jacocoArgLine set to -javaagent:/Users/abc/.m2/repository/org/jacoco/org.jacoco.agent/0.8.14/org.jacoco.agent-0.8.14-runtime.jar=destfile=/Users/abc/app/nop-app-erp/module-manufacturing/erp-mfg-web/target/jacoco.exec,excludes=**/_gen/**:**/_*.java:**/_*.xml:**/*Errors.*:**/*Configs.*:**/*Constants*:**/parse/antlr/**
[INFO] 
[INFO] --- exec:3.0.0:java (precompile) @ app-erp-manufacturing-web ---
SLF4J: Failed to load class "org.slf4j.impl.StaticLoggerBinder".
SLF4J: Defaulting to no-operation (NOP) logger implementation
SLF4J: See http://www.slf4j.org/codes.html#StaticLoggerBinder for further details.
projectDir=/Users/abc/app/nop-app-erp/module-manufacturing/erp-mfg-web,dryRun=false,tplRoot=precompile
end
[INFO] 
[INFO] --- exec:3.0.0:java (precompile2) @ app-erp-manufacturing-web ---
SLF4J: Failed to load class "org.slf4j.impl.StaticLoggerBinder".
SLF4J: Defaulting to no-operation (NOP) logger implementation
SLF4J: See http://www.slf4j.org/codes.html#StaticLoggerBinder for further details.
projectDir=/Users/abc/app/nop-app-erp/module-manufacturing/erp-mfg-web,dryRun=false,tplRoot=precompile2
end
[INFO] 
[INFO] --- resources:3.3.1:resources (default-resources) @ app-erp-manufacturing-web ---
[INFO] Copying 184 resources from src/main/resources to target/classes
[INFO] 
[INFO] --- compiler:3.11.0:compile (default-compile) @ app-erp-manufacturing-web ---
[INFO] No sources to compile
[INFO] 
[INFO] --- exec:3.0.0:java (aop) @ app-erp-manufacturing-web ---
SLF4J: Failed to load class "org.slf4j.impl.StaticLoggerBinder".
SLF4J: Defaulting to no-operation (NOP) logger implementation
SLF4J: See http://www.slf4j.org/codes.html#StaticLoggerBinder for further details.
nop.gen-aop-proxy
[INFO] 
[INFO] --- exec:3.0.0:java (postcompile) @ app-erp-manufacturing-web ---
SLF4J: Failed to load class "org.slf4j.impl.StaticLoggerBinder".
SLF4J: Defaulting to no-operation (NOP) logger implementation
SLF4J: See http://www.slf4j.org/codes.html#StaticLoggerBinder for further details.
nop.skip-codegen-when-tpl-dir-is-empty:/Users/abc/app/nop-app-erp/module-manufacturing/erp-mfg-web/postcompile
[INFO] 
[INFO] --- resources:3.3.1:testResources (default-testResources) @ app-erp-manufacturing-web ---
[INFO] skip non existing resourceDirectory /Users/abc/app/nop-app-erp/module-manufacturing/erp-mfg-web/src/test/resources
[INFO] 
[INFO] --- compiler:3.11.0:testCompile (default-testCompile) @ app-erp-manufacturing-web ---
[INFO] Changes detected - recompiling the module! :dependency
[INFO] Compiling 2 source files with javac [debug release 17] to target/test-classes
[INFO] 
[INFO] --- surefire:3.2.2:test (default-test) @ app-erp-manufacturing-web ---
[INFO] Tests are skipped.
[INFO] 
[INFO] --- jar:3.3.0:jar (default-jar) @ app-erp-manufacturing-web ---
[INFO] Building jar: /Users/abc/app/nop-app-erp/module-manufacturing/erp-mfg-web/target/app-erp-manufacturing-web-1.0-SNAPSHOT.jar
[INFO] 
[INFO] --- source:3.3.0:jar-no-fork (attach-sources) @ app-erp-manufacturing-web ---
[INFO] Building jar: /Users/abc/app/nop-app-erp/module-manufacturing/erp-mfg-web/target/app-erp-manufacturing-web-1.0-SNAPSHOT-sources.jar
[INFO] 
[INFO] --- install:3.1.1:install (default-install) @ app-erp-manufacturing-web ---
[INFO] Installing /Users/abc/app/nop-app-erp/module-manufacturing/erp-mfg-web/pom.xml to /Users/abc/.m2/repository/io/nop/app/app-erp-manufacturing-web/1.0-SNAPSHOT/app-erp-manufacturing-web-1.0-SNAPSHOT.pom
[INFO] Installing /Users/abc/app/nop-app-erp/module-manufacturing/erp-mfg-web/target/app-erp-manufacturing-web-1.0-SNAPSHOT.jar to /Users/abc/.m2/repository/io/nop/app/app-erp-manufacturing-web/1.0-SNAPSHOT/app-erp-manufacturing-web-1.0-SNAPSHOT.jar
[INFO] Installing /Users/abc/app/nop-app-erp/module-manufacturing/erp-mfg-web/target/app-erp-manufacturing-web-1.0-SNAPSHOT-sources.jar to /Users/abc/.m2/repository/io/nop/app/app-erp-manufacturing-web/1.0-SNAPSHOT/app-erp-manufacturing-web-1.0-SNAPSHOT-sources.jar
[INFO] 
[INFO] ----------------< io.nop.app:app-erp-manufacturing-app >----------------
[INFO] Building app-erp-manufacturing-app 1.0-SNAPSHOT                 [89/156]
[INFO]   from module-manufacturing/erp-mfg-app/pom.xml
[INFO] --------------------------------[ jar ]---------------------------------
[INFO] 
[INFO] --- clean:3.4.0:clean (default-clean) @ app-erp-manufacturing-app ---
[INFO] Deleting /Users/abc/app/nop-app-erp/module-manufacturing/erp-mfg-app/target
[INFO] 
[INFO] --- enforcer:3.0.0-M2:enforce (enforce-no-duplicate-dependencies) @ app-erp-manufacturing-app ---
[INFO] 
[INFO] --- jacoco:0.8.14:prepare-agent (default-prepare-agent) @ app-erp-manufacturing-app ---
[INFO] jacocoArgLine set to -javaagent:/Users/abc/.m2/repository/org/jacoco/org.jacoco.agent/0.8.14/org.jacoco.agent-0.8.14-runtime.jar=destfile=/Users/abc/app/nop-app-erp/module-manufacturing/erp-mfg-app/target/jacoco.exec,excludes=**/_gen/**:**/_*.java:**/_*.xml:**/*Errors.*:**/*Configs.*:**/*Constants*:**/parse/antlr/**
[INFO] 
[INFO] --- exec:3.0.0:java (precompile) @ app-erp-manufacturing-app ---
nop.skip-codegen-when-tpl-dir-is-empty:/Users/abc/app/nop-app-erp/module-manufacturing/erp-mfg-app/precompile
[INFO] 
[INFO] --- exec:3.0.0:java (precompile2) @ app-erp-manufacturing-app ---
nop.skip-codegen-when-tpl-dir-is-empty:/Users/abc/app/nop-app-erp/module-manufacturing/erp-mfg-app/precompile2
[INFO] 
[INFO] --- resources:3.3.1:resources (default-resources) @ app-erp-manufacturing-app ---
[INFO] Copying 7 resources from src/main/resources to target/classes
[INFO] 
[INFO] --- compiler:3.11.0:compile (default-compile) @ app-erp-manufacturing-app ---
[INFO] Changes detected - recompiling the module! :dependency
[INFO] Compiling 1 source file with javac [debug release 17] to target/classes
[INFO] 
[INFO] --- exec:3.0.0:java (aop) @ app-erp-manufacturing-app ---
nop.gen-aop-proxy
[INFO] 
[INFO] --- exec:3.0.0:java (postcompile) @ app-erp-manufacturing-app ---
nop.skip-codegen-when-tpl-dir-is-empty:/Users/abc/app/nop-app-erp/module-manufacturing/erp-mfg-app/postcompile
[INFO] 
[INFO] --- resources:3.3.1:testResources (default-testResources) @ app-erp-manufacturing-app ---
[INFO] skip non existing resourceDirectory /Users/abc/app/nop-app-erp/module-manufacturing/erp-mfg-app/src/test/resources
[INFO] 
[INFO] --- compiler:3.11.0:testCompile (default-testCompile) @ app-erp-manufacturing-app ---
[INFO] No sources to compile
[INFO] 
[INFO] --- surefire:3.0.0-M5:test (default-test) @ app-erp-manufacturing-app ---
[INFO] Tests are skipped.
[INFO] 
[INFO] --- jar:3.3.0:jar (default-jar) @ app-erp-manufacturing-app ---
[INFO] Building jar: /Users/abc/app/nop-app-erp/module-manufacturing/erp-mfg-app/target/app-erp-manufacturing-app-1.0-SNAPSHOT.jar
[INFO] 
[INFO] --- source:3.3.0:jar-no-fork (attach-sources) @ app-erp-manufacturing-app ---
[INFO] Building jar: /Users/abc/app/nop-app-erp/module-manufacturing/erp-mfg-app/target/app-erp-manufacturing-app-1.0-SNAPSHOT-sources.jar
[INFO] 
[INFO] --- quarkus:3.35.1:build (default) @ app-erp-manufacturing-app ---
[WARNING] The Maven extensions for the Quarkus Maven plugin are not enabled for this build. We recommend enabling this, so that the plugin can verify essential build settings have been configured as required. Please enable by adding "<extensions>true</extensions>" in your quarkus-maven-plugin declaration; it should look like:

	<plugin>
		<groupId>${quarkus.platform.group-id}</groupId>
		<artifactId>quarkus-maven-plugin</artifactId>
		<version>${quarkus.platform.version}</version>
		<extensions>true</extensions> <!-- THIS ONE -->
		...

[WARNING] [io.quarkus.config] Unrecognized configuration key "quarkus.http.cors" was provided; it will be ignored; verify that the dependency extension for this configuration is set or that you did not make a typo
[WARNING] [io.quarkus.agroal.deployment.AgroalProcessor] The Agroal dependency is present but no JDBC datasources have been defined.
[INFO] [io.quarkus.deployment.QuarkusAugmentor] Quarkus augmentation completed in 1023ms
[INFO] 
[INFO] --- install:3.1.1:install (default-install) @ app-erp-manufacturing-app ---
[INFO] Skipping artifact installation
[INFO] 
[INFO] -------------------< io.nop.app:app-erp-quality-api >-------------------
[INFO] Building app-erp-quality-api 1.0-SNAPSHOT                       [90/156]
[INFO]   from module-quality/erp-qa-api/pom.xml
[INFO] --------------------------------[ jar ]---------------------------------
[INFO] 
[INFO] --- clean:3.2.0:clean (default-clean) @ app-erp-quality-api ---
[INFO] Deleting /Users/abc/app/nop-app-erp/module-quality/erp-qa-api/target
[INFO] 
[INFO] --- resources:3.3.1:resources (default-resources) @ app-erp-quality-api ---
[INFO] skip non existing resourceDirectory /Users/abc/app/nop-app-erp/module-quality/erp-qa-api/src/main/resources
[INFO] 
[INFO] --- compiler:3.13.0:compile (default-compile) @ app-erp-quality-api ---
[INFO] Recompiling the module because of changed source code.
[INFO] Compiling 48 source files with javac [debug release 11] to target/classes
[INFO] 
[INFO] --- resources:3.3.1:testResources (default-testResources) @ app-erp-quality-api ---
[INFO] skip non existing resourceDirectory /Users/abc/app/nop-app-erp/module-quality/erp-qa-api/src/test/resources
[INFO] 
[INFO] --- compiler:3.13.0:testCompile (default-testCompile) @ app-erp-quality-api ---
[INFO] No sources to compile
[INFO] 
[INFO] --- surefire:3.2.5:test (default-test) @ app-erp-quality-api ---
[INFO] Tests are skipped.
[INFO] 
[INFO] --- jar:3.4.1:jar (default-jar) @ app-erp-quality-api ---
[INFO] Building jar: /Users/abc/app/nop-app-erp/module-quality/erp-qa-api/target/app-erp-quality-api-1.0-SNAPSHOT.jar
[INFO] 
[INFO] --- install:3.1.2:install (default-install) @ app-erp-quality-api ---
[INFO] Installing /Users/abc/app/nop-app-erp/module-quality/erp-qa-api/pom.xml to /Users/abc/.m2/repository/io/nop/app/app-erp-quality-api/1.0-SNAPSHOT/app-erp-quality-api-1.0-SNAPSHOT.pom
[INFO] Installing /Users/abc/app/nop-app-erp/module-quality/erp-qa-api/target/app-erp-quality-api-1.0-SNAPSHOT.jar to /Users/abc/.m2/repository/io/nop/app/app-erp-quality-api/1.0-SNAPSHOT/app-erp-quality-api-1.0-SNAPSHOT.jar
[INFO] 
[INFO] -------------------< io.nop.app:app-erp-quality-web >-------------------
[INFO] Building app-erp-quality-web 1.0-SNAPSHOT                       [91/156]
[INFO]   from module-quality/erp-qa-web/pom.xml
[INFO] --------------------------------[ jar ]---------------------------------
[INFO] 
[INFO] --- clean:3.4.0:clean (default-clean) @ app-erp-quality-web ---
[INFO] Deleting /Users/abc/app/nop-app-erp/module-quality/erp-qa-web/target
[INFO] 
[INFO] --- enforcer:3.0.0-M2:enforce (enforce-no-duplicate-dependencies) @ app-erp-quality-web ---
[INFO] 
[INFO] --- jacoco:0.8.14:prepare-agent (default-prepare-agent) @ app-erp-quality-web ---
[INFO] jacocoArgLine set to -javaagent:/Users/abc/.m2/repository/org/jacoco/org.jacoco.agent/0.8.14/org.jacoco.agent-0.8.14-runtime.jar=destfile=/Users/abc/app/nop-app-erp/module-quality/erp-qa-web/target/jacoco.exec,excludes=**/_gen/**:**/_*.java:**/_*.xml:**/*Errors.*:**/*Configs.*:**/*Constants*:**/parse/antlr/**
[INFO] 
[INFO] --- exec:3.0.0:java (precompile) @ app-erp-quality-web ---
SLF4J: Failed to load class "org.slf4j.impl.StaticLoggerBinder".
SLF4J: Defaulting to no-operation (NOP) logger implementation
SLF4J: See http://www.slf4j.org/codes.html#StaticLoggerBinder for further details.
projectDir=/Users/abc/app/nop-app-erp/module-quality/erp-qa-web,dryRun=false,tplRoot=precompile
end
[INFO] 
[INFO] --- exec:3.0.0:java (precompile2) @ app-erp-quality-web ---
SLF4J: Failed to load class "org.slf4j.impl.StaticLoggerBinder".
SLF4J: Defaulting to no-operation (NOP) logger implementation
SLF4J: See http://www.slf4j.org/codes.html#StaticLoggerBinder for further details.
projectDir=/Users/abc/app/nop-app-erp/module-quality/erp-qa-web,dryRun=false,tplRoot=precompile2
end
[INFO] 
[INFO] --- resources:3.3.1:resources (default-resources) @ app-erp-quality-web ---
[INFO] Copying 96 resources from src/main/resources to target/classes
[INFO] 
[INFO] --- compiler:3.11.0:compile (default-compile) @ app-erp-quality-web ---
[INFO] No sources to compile
[INFO] 
[INFO] --- exec:3.0.0:java (aop) @ app-erp-quality-web ---
SLF4J: Failed to load class "org.slf4j.impl.StaticLoggerBinder".
SLF4J: Defaulting to no-operation (NOP) logger implementation
SLF4J: See http://www.slf4j.org/codes.html#StaticLoggerBinder for further details.
nop.gen-aop-proxy
[INFO] 
[INFO] --- exec:3.0.0:java (postcompile) @ app-erp-quality-web ---
SLF4J: Failed to load class "org.slf4j.impl.StaticLoggerBinder".
SLF4J: Defaulting to no-operation (NOP) logger implementation
SLF4J: See http://www.slf4j.org/codes.html#StaticLoggerBinder for further details.
nop.skip-codegen-when-tpl-dir-is-empty:/Users/abc/app/nop-app-erp/module-quality/erp-qa-web/postcompile
[INFO] 
[INFO] --- resources:3.3.1:testResources (default-testResources) @ app-erp-quality-web ---
[INFO] skip non existing resourceDirectory /Users/abc/app/nop-app-erp/module-quality/erp-qa-web/src/test/resources
[INFO] 
[INFO] --- compiler:3.11.0:testCompile (default-testCompile) @ app-erp-quality-web ---
[INFO] Changes detected - recompiling the module! :dependency
[INFO] Compiling 2 source files with javac [debug release 17] to target/test-classes
[INFO] 
[INFO] --- surefire:3.2.2:test (default-test) @ app-erp-quality-web ---
[INFO] Tests are skipped.
[INFO] 
[INFO] --- jar:3.3.0:jar (default-jar) @ app-erp-quality-web ---
[INFO] Building jar: /Users/abc/app/nop-app-erp/module-quality/erp-qa-web/target/app-erp-quality-web-1.0-SNAPSHOT.jar
[INFO] 
[INFO] --- source:3.3.0:jar-no-fork (attach-sources) @ app-erp-quality-web ---
[INFO] Building jar: /Users/abc/app/nop-app-erp/module-quality/erp-qa-web/target/app-erp-quality-web-1.0-SNAPSHOT-sources.jar
[INFO] 
[INFO] --- install:3.1.1:install (default-install) @ app-erp-quality-web ---
[INFO] Installing /Users/abc/app/nop-app-erp/module-quality/erp-qa-web/pom.xml to /Users/abc/.m2/repository/io/nop/app/app-erp-quality-web/1.0-SNAPSHOT/app-erp-quality-web-1.0-SNAPSHOT.pom
[INFO] Installing /Users/abc/app/nop-app-erp/module-quality/erp-qa-web/target/app-erp-quality-web-1.0-SNAPSHOT.jar to /Users/abc/.m2/repository/io/nop/app/app-erp-quality-web/1.0-SNAPSHOT/app-erp-quality-web-1.0-SNAPSHOT.jar
[INFO] Installing /Users/abc/app/nop-app-erp/module-quality/erp-qa-web/target/app-erp-quality-web-1.0-SNAPSHOT-sources.jar to /Users/abc/.m2/repository/io/nop/app/app-erp-quality-web/1.0-SNAPSHOT/app-erp-quality-web-1.0-SNAPSHOT-sources.jar
[INFO] 
[INFO] -------------------< io.nop.app:app-erp-quality-app >-------------------
[INFO] Building app-erp-quality-app 1.0-SNAPSHOT                       [92/156]
[INFO]   from module-quality/erp-qa-app/pom.xml
[INFO] --------------------------------[ jar ]---------------------------------
[INFO] 
[INFO] --- clean:3.4.0:clean (default-clean) @ app-erp-quality-app ---
[INFO] Deleting /Users/abc/app/nop-app-erp/module-quality/erp-qa-app/target
[INFO] 
[INFO] --- enforcer:3.0.0-M2:enforce (enforce-no-duplicate-dependencies) @ app-erp-quality-app ---
[INFO] 
[INFO] --- jacoco:0.8.14:prepare-agent (default-prepare-agent) @ app-erp-quality-app ---
[INFO] jacocoArgLine set to -javaagent:/Users/abc/.m2/repository/org/jacoco/org.jacoco.agent/0.8.14/org.jacoco.agent-0.8.14-runtime.jar=destfile=/Users/abc/app/nop-app-erp/module-quality/erp-qa-app/target/jacoco.exec,excludes=**/_gen/**:**/_*.java:**/_*.xml:**/*Errors.*:**/*Configs.*:**/*Constants*:**/parse/antlr/**
[INFO] 
[INFO] --- exec:3.0.0:java (precompile) @ app-erp-quality-app ---
nop.skip-codegen-when-tpl-dir-is-empty:/Users/abc/app/nop-app-erp/module-quality/erp-qa-app/precompile
[INFO] 
[INFO] --- exec:3.0.0:java (precompile2) @ app-erp-quality-app ---
nop.skip-codegen-when-tpl-dir-is-empty:/Users/abc/app/nop-app-erp/module-quality/erp-qa-app/precompile2
[INFO] 
[INFO] --- resources:3.3.1:resources (default-resources) @ app-erp-quality-app ---
[INFO] Copying 7 resources from src/main/resources to target/classes
[INFO] 
[INFO] --- compiler:3.11.0:compile (default-compile) @ app-erp-quality-app ---
[INFO] Changes detected - recompiling the module! :dependency
[INFO] Compiling 1 source file with javac [debug release 17] to target/classes
[INFO] 
[INFO] --- exec:3.0.0:java (aop) @ app-erp-quality-app ---
nop.gen-aop-proxy
[INFO] 
[INFO] --- exec:3.0.0:java (postcompile) @ app-erp-quality-app ---
nop.skip-codegen-when-tpl-dir-is-empty:/Users/abc/app/nop-app-erp/module-quality/erp-qa-app/postcompile
[INFO] 
[INFO] --- resources:3.3.1:testResources (default-testResources) @ app-erp-quality-app ---
[INFO] skip non existing resourceDirectory /Users/abc/app/nop-app-erp/module-quality/erp-qa-app/src/test/resources
[INFO] 
[INFO] --- compiler:3.11.0:testCompile (default-testCompile) @ app-erp-quality-app ---
[INFO] No sources to compile
[INFO] 
[INFO] --- surefire:3.0.0-M5:test (default-test) @ app-erp-quality-app ---
[INFO] Tests are skipped.
[INFO] 
[INFO] --- jar:3.3.0:jar (default-jar) @ app-erp-quality-app ---
[INFO] Building jar: /Users/abc/app/nop-app-erp/module-quality/erp-qa-app/target/app-erp-quality-app-1.0-SNAPSHOT.jar
[INFO] 
[INFO] --- source:3.3.0:jar-no-fork (attach-sources) @ app-erp-quality-app ---
[INFO] Building jar: /Users/abc/app/nop-app-erp/module-quality/erp-qa-app/target/app-erp-quality-app-1.0-SNAPSHOT-sources.jar
[INFO] 
[INFO] --- quarkus:3.35.1:build (default) @ app-erp-quality-app ---
[WARNING] The Maven extensions for the Quarkus Maven plugin are not enabled for this build. We recommend enabling this, so that the plugin can verify essential build settings have been configured as required. Please enable by adding "<extensions>true</extensions>" in your quarkus-maven-plugin declaration; it should look like:

	<plugin>
		<groupId>${quarkus.platform.group-id}</groupId>
		<artifactId>quarkus-maven-plugin</artifactId>
		<version>${quarkus.platform.version}</version>
		<extensions>true</extensions> <!-- THIS ONE -->
		...

[WARNING] [io.quarkus.config] Unrecognized configuration key "quarkus.http.cors" was provided; it will be ignored; verify that the dependency extension for this configuration is set or that you did not make a typo
[WARNING] [io.quarkus.agroal.deployment.AgroalProcessor] The Agroal dependency is present but no JDBC datasources have been defined.
[INFO] [io.quarkus.deployment.QuarkusAugmentor] Quarkus augmentation completed in 1149ms
[INFO] 
[INFO] --- install:3.1.1:install (default-install) @ app-erp-quality-app ---
[INFO] Skipping artifact installation
[INFO] 
[INFO] -----------------< io.nop.app:app-erp-maintenance-api >-----------------
[INFO] Building app-erp-maintenance-api 1.0-SNAPSHOT                   [93/156]
[INFO]   from module-maintenance/erp-mnt-api/pom.xml
[INFO] --------------------------------[ jar ]---------------------------------
[INFO] 
[INFO] --- clean:3.2.0:clean (default-clean) @ app-erp-maintenance-api ---
[INFO] Deleting /Users/abc/app/nop-app-erp/module-maintenance/erp-mnt-api/target
[INFO] 
[INFO] --- resources:3.3.1:resources (default-resources) @ app-erp-maintenance-api ---
[INFO] skip non existing resourceDirectory /Users/abc/app/nop-app-erp/module-maintenance/erp-mnt-api/src/main/resources
[INFO] 
[INFO] --- compiler:3.13.0:compile (default-compile) @ app-erp-maintenance-api ---
[INFO] Recompiling the module because of changed source code.
[INFO] Compiling 45 source files with javac [debug release 11] to target/classes
[INFO] 
[INFO] --- resources:3.3.1:testResources (default-testResources) @ app-erp-maintenance-api ---
[INFO] skip non existing resourceDirectory /Users/abc/app/nop-app-erp/module-maintenance/erp-mnt-api/src/test/resources
[INFO] 
[INFO] --- compiler:3.13.0:testCompile (default-testCompile) @ app-erp-maintenance-api ---
[INFO] No sources to compile
[INFO] 
[INFO] --- surefire:3.2.5:test (default-test) @ app-erp-maintenance-api ---
[INFO] Tests are skipped.
[INFO] 
[INFO] --- jar:3.4.1:jar (default-jar) @ app-erp-maintenance-api ---
[INFO] Building jar: /Users/abc/app/nop-app-erp/module-maintenance/erp-mnt-api/target/app-erp-maintenance-api-1.0-SNAPSHOT.jar
[INFO] 
[INFO] --- install:3.1.2:install (default-install) @ app-erp-maintenance-api ---
[INFO] Installing /Users/abc/app/nop-app-erp/module-maintenance/erp-mnt-api/pom.xml to /Users/abc/.m2/repository/io/nop/app/app-erp-maintenance-api/1.0-SNAPSHOT/app-erp-maintenance-api-1.0-SNAPSHOT.pom
[INFO] Installing /Users/abc/app/nop-app-erp/module-maintenance/erp-mnt-api/target/app-erp-maintenance-api-1.0-SNAPSHOT.jar to /Users/abc/.m2/repository/io/nop/app/app-erp-maintenance-api/1.0-SNAPSHOT/app-erp-maintenance-api-1.0-SNAPSHOT.jar
[INFO] 
[INFO] -----------------< io.nop.app:app-erp-maintenance-web >-----------------
[INFO] Building app-erp-maintenance-web 1.0-SNAPSHOT                   [94/156]
[INFO]   from module-maintenance/erp-mnt-web/pom.xml
[INFO] --------------------------------[ jar ]---------------------------------
[INFO] 
[INFO] --- clean:3.4.0:clean (default-clean) @ app-erp-maintenance-web ---
[INFO] Deleting /Users/abc/app/nop-app-erp/module-maintenance/erp-mnt-web/target
[INFO] 
[INFO] --- enforcer:3.0.0-M2:enforce (enforce-no-duplicate-dependencies) @ app-erp-maintenance-web ---
[INFO] 
[INFO] --- jacoco:0.8.14:prepare-agent (default-prepare-agent) @ app-erp-maintenance-web ---
[INFO] jacocoArgLine set to -javaagent:/Users/abc/.m2/repository/org/jacoco/org.jacoco.agent/0.8.14/org.jacoco.agent-0.8.14-runtime.jar=destfile=/Users/abc/app/nop-app-erp/module-maintenance/erp-mnt-web/target/jacoco.exec,excludes=**/_gen/**:**/_*.java:**/_*.xml:**/*Errors.*:**/*Configs.*:**/*Constants*:**/parse/antlr/**
[INFO] 
[INFO] --- exec:3.0.0:java (precompile) @ app-erp-maintenance-web ---
SLF4J: Failed to load class "org.slf4j.impl.StaticLoggerBinder".
SLF4J: Defaulting to no-operation (NOP) logger implementation
SLF4J: See http://www.slf4j.org/codes.html#StaticLoggerBinder for further details.
projectDir=/Users/abc/app/nop-app-erp/module-maintenance/erp-mnt-web,dryRun=false,tplRoot=precompile
end
[INFO] 
[INFO] --- exec:3.0.0:java (precompile2) @ app-erp-maintenance-web ---
SLF4J: Failed to load class "org.slf4j.impl.StaticLoggerBinder".
SLF4J: Defaulting to no-operation (NOP) logger implementation
SLF4J: See http://www.slf4j.org/codes.html#StaticLoggerBinder for further details.
projectDir=/Users/abc/app/nop-app-erp/module-maintenance/erp-mnt-web,dryRun=false,tplRoot=precompile2
end
[INFO] 
[INFO] --- resources:3.3.1:resources (default-resources) @ app-erp-maintenance-web ---
[INFO] Copying 94 resources from src/main/resources to target/classes
[INFO] 
[INFO] --- compiler:3.11.0:compile (default-compile) @ app-erp-maintenance-web ---
[INFO] No sources to compile
[INFO] 
[INFO] --- exec:3.0.0:java (aop) @ app-erp-maintenance-web ---
SLF4J: Failed to load class "org.slf4j.impl.StaticLoggerBinder".
SLF4J: Defaulting to no-operation (NOP) logger implementation
SLF4J: See http://www.slf4j.org/codes.html#StaticLoggerBinder for further details.
nop.gen-aop-proxy
[INFO] 
[INFO] --- exec:3.0.0:java (postcompile) @ app-erp-maintenance-web ---
SLF4J: Failed to load class "org.slf4j.impl.StaticLoggerBinder".
SLF4J: Defaulting to no-operation (NOP) logger implementation
SLF4J: See http://www.slf4j.org/codes.html#StaticLoggerBinder for further details.
nop.skip-codegen-when-tpl-dir-is-empty:/Users/abc/app/nop-app-erp/module-maintenance/erp-mnt-web/postcompile
[INFO] 
[INFO] --- resources:3.3.1:testResources (default-testResources) @ app-erp-maintenance-web ---
[INFO] skip non existing resourceDirectory /Users/abc/app/nop-app-erp/module-maintenance/erp-mnt-web/src/test/resources
[INFO] 
[INFO] --- compiler:3.11.0:testCompile (default-testCompile) @ app-erp-maintenance-web ---
[INFO] Changes detected - recompiling the module! :dependency
[INFO] Compiling 2 source files with javac [debug release 17] to target/test-classes
[INFO] 
[INFO] --- surefire:3.2.2:test (default-test) @ app-erp-maintenance-web ---
[INFO] Tests are skipped.
[INFO] 
[INFO] --- jar:3.3.0:jar (default-jar) @ app-erp-maintenance-web ---
[INFO] Building jar: /Users/abc/app/nop-app-erp/module-maintenance/erp-mnt-web/target/app-erp-maintenance-web-1.0-SNAPSHOT.jar
[INFO] 
[INFO] --- source:3.3.0:jar-no-fork (attach-sources) @ app-erp-maintenance-web ---
[INFO] Building jar: /Users/abc/app/nop-app-erp/module-maintenance/erp-mnt-web/target/app-erp-maintenance-web-1.0-SNAPSHOT-sources.jar
[INFO] 
[INFO] --- install:3.1.1:install (default-install) @ app-erp-maintenance-web ---
[INFO] Installing /Users/abc/app/nop-app-erp/module-maintenance/erp-mnt-web/pom.xml to /Users/abc/.m2/repository/io/nop/app/app-erp-maintenance-web/1.0-SNAPSHOT/app-erp-maintenance-web-1.0-SNAPSHOT.pom
[INFO] Installing /Users/abc/app/nop-app-erp/module-maintenance/erp-mnt-web/target/app-erp-maintenance-web-1.0-SNAPSHOT.jar to /Users/abc/.m2/repository/io/nop/app/app-erp-maintenance-web/1.0-SNAPSHOT/app-erp-maintenance-web-1.0-SNAPSHOT.jar
[INFO] Installing /Users/abc/app/nop-app-erp/module-maintenance/erp-mnt-web/target/app-erp-maintenance-web-1.0-SNAPSHOT-sources.jar to /Users/abc/.m2/repository/io/nop/app/app-erp-maintenance-web/1.0-SNAPSHOT/app-erp-maintenance-web-1.0-SNAPSHOT-sources.jar
[INFO] 
[INFO] -----------------< io.nop.app:app-erp-maintenance-app >-----------------
[INFO] Building app-erp-maintenance-app 1.0-SNAPSHOT                   [95/156]
[INFO]   from module-maintenance/erp-mnt-app/pom.xml
[INFO] --------------------------------[ jar ]---------------------------------
[INFO] 
[INFO] --- clean:3.4.0:clean (default-clean) @ app-erp-maintenance-app ---
[INFO] Deleting /Users/abc/app/nop-app-erp/module-maintenance/erp-mnt-app/target
[INFO] 
[INFO] --- enforcer:3.0.0-M2:enforce (enforce-no-duplicate-dependencies) @ app-erp-maintenance-app ---
[INFO] 
[INFO] --- jacoco:0.8.14:prepare-agent (default-prepare-agent) @ app-erp-maintenance-app ---
[INFO] jacocoArgLine set to -javaagent:/Users/abc/.m2/repository/org/jacoco/org.jacoco.agent/0.8.14/org.jacoco.agent-0.8.14-runtime.jar=destfile=/Users/abc/app/nop-app-erp/module-maintenance/erp-mnt-app/target/jacoco.exec,excludes=**/_gen/**:**/_*.java:**/_*.xml:**/*Errors.*:**/*Configs.*:**/*Constants*:**/parse/antlr/**
[INFO] 
[INFO] --- exec:3.0.0:java (precompile) @ app-erp-maintenance-app ---
nop.skip-codegen-when-tpl-dir-is-empty:/Users/abc/app/nop-app-erp/module-maintenance/erp-mnt-app/precompile
[INFO] 
[INFO] --- exec:3.0.0:java (precompile2) @ app-erp-maintenance-app ---
nop.skip-codegen-when-tpl-dir-is-empty:/Users/abc/app/nop-app-erp/module-maintenance/erp-mnt-app/precompile2
[INFO] 
[INFO] --- resources:3.3.1:resources (default-resources) @ app-erp-maintenance-app ---
[INFO] Copying 7 resources from src/main/resources to target/classes
[INFO] 
[INFO] --- compiler:3.11.0:compile (default-compile) @ app-erp-maintenance-app ---
[INFO] Changes detected - recompiling the module! :dependency
[INFO] Compiling 1 source file with javac [debug release 17] to target/classes
[INFO] 
[INFO] --- exec:3.0.0:java (aop) @ app-erp-maintenance-app ---
nop.gen-aop-proxy
[INFO] 
[INFO] --- exec:3.0.0:java (postcompile) @ app-erp-maintenance-app ---
nop.skip-codegen-when-tpl-dir-is-empty:/Users/abc/app/nop-app-erp/module-maintenance/erp-mnt-app/postcompile
[INFO] 
[INFO] --- resources:3.3.1:testResources (default-testResources) @ app-erp-maintenance-app ---
[INFO] skip non existing resourceDirectory /Users/abc/app/nop-app-erp/module-maintenance/erp-mnt-app/src/test/resources
[INFO] 
[INFO] --- compiler:3.11.0:testCompile (default-testCompile) @ app-erp-maintenance-app ---
[INFO] No sources to compile
[INFO] 
[INFO] --- surefire:3.0.0-M5:test (default-test) @ app-erp-maintenance-app ---
[INFO] Tests are skipped.
[INFO] 
[INFO] --- jar:3.3.0:jar (default-jar) @ app-erp-maintenance-app ---
[INFO] Building jar: /Users/abc/app/nop-app-erp/module-maintenance/erp-mnt-app/target/app-erp-maintenance-app-1.0-SNAPSHOT.jar
[INFO] 
[INFO] --- source:3.3.0:jar-no-fork (attach-sources) @ app-erp-maintenance-app ---
[INFO] Building jar: /Users/abc/app/nop-app-erp/module-maintenance/erp-mnt-app/target/app-erp-maintenance-app-1.0-SNAPSHOT-sources.jar
[INFO] 
[INFO] --- quarkus:3.35.1:build (default) @ app-erp-maintenance-app ---
[WARNING] The Maven extensions for the Quarkus Maven plugin are not enabled for this build. We recommend enabling this, so that the plugin can verify essential build settings have been configured as required. Please enable by adding "<extensions>true</extensions>" in your quarkus-maven-plugin declaration; it should look like:

	<plugin>
		<groupId>${quarkus.platform.group-id}</groupId>
		<artifactId>quarkus-maven-plugin</artifactId>
		<version>${quarkus.platform.version}</version>
		<extensions>true</extensions> <!-- THIS ONE -->
		...

[WARNING] [io.quarkus.config] Unrecognized configuration key "quarkus.http.cors" was provided; it will be ignored; verify that the dependency extension for this configuration is set or that you did not make a typo
[WARNING] [io.quarkus.agroal.deployment.AgroalProcessor] The Agroal dependency is present but no JDBC datasources have been defined.
[INFO] [io.quarkus.deployment.QuarkusAugmentor] Quarkus augmentation completed in 1061ms
[INFO] 
[INFO] --- install:3.1.1:install (default-install) @ app-erp-maintenance-app ---
[INFO] Skipping artifact installation
[INFO] 
[INFO] -----------------------< io.nop.app:app-erp-crm >-----------------------
[INFO] Building app-erp-crm 1.0-SNAPSHOT                               [96/156]
[INFO]   from module-crm/pom.xml
[INFO] --------------------------------[ pom ]---------------------------------
[INFO] 
[INFO] --- clean:3.4.0:clean (default-clean) @ app-erp-crm ---
[INFO] 
[INFO] --- enforcer:3.0.0-M2:enforce (enforce-no-duplicate-dependencies) @ app-erp-crm ---
[INFO] 
[INFO] --- jacoco:0.8.14:prepare-agent (default-prepare-agent) @ app-erp-crm ---
[INFO] jacocoArgLine set to -javaagent:/Users/abc/.m2/repository/org/jacoco/org.jacoco.agent/0.8.14/org.jacoco.agent-0.8.14-runtime.jar=destfile=/Users/abc/app/nop-app-erp/module-crm/target/jacoco.exec,excludes=**/_gen/**:**/_*.java:**/_*.xml:**/*Errors.*:**/*Configs.*:**/*Constants*:**/parse/antlr/**
[INFO] 
[INFO] --- source:3.3.0:jar-no-fork (attach-sources) @ app-erp-crm ---
[INFO] 
[INFO] --- install:3.1.1:install (default-install) @ app-erp-crm ---
[INFO] Installing /Users/abc/app/nop-app-erp/module-crm/pom.xml to /Users/abc/.m2/repository/io/nop/app/app-erp-crm/1.0-SNAPSHOT/app-erp-crm-1.0-SNAPSHOT.pom
[INFO] 
[INFO] -------------------< io.nop.app:app-erp-crm-codegen >-------------------
[INFO] Building app-erp-crm-codegen 1.0-SNAPSHOT                       [97/156]
[INFO]   from module-crm/erp-crm-codegen/pom.xml
[INFO] --------------------------------[ jar ]---------------------------------
[INFO] 
[INFO] --- clean:3.4.0:clean (default-clean) @ app-erp-crm-codegen ---
[INFO] Deleting /Users/abc/app/nop-app-erp/module-crm/erp-crm-codegen/target
[INFO] 
[INFO] --- enforcer:3.0.0-M2:enforce (enforce-no-duplicate-dependencies) @ app-erp-crm-codegen ---
[INFO] 
[INFO] --- jacoco:0.8.14:prepare-agent (default-prepare-agent) @ app-erp-crm-codegen ---
[INFO] jacocoArgLine set to -javaagent:/Users/abc/.m2/repository/org/jacoco/org.jacoco.agent/0.8.14/org.jacoco.agent-0.8.14-runtime.jar=destfile=/Users/abc/app/nop-app-erp/module-crm/erp-crm-codegen/target/jacoco.exec,excludes=**/_gen/**:**/_*.java:**/_*.xml:**/*Errors.*:**/*Configs.*:**/*Constants*:**/parse/antlr/**
[INFO] 
[INFO] --- exec:3.0.0:java (precompile) @ app-erp-crm-codegen ---
SLF4J: Failed to load class "org.slf4j.impl.StaticLoggerBinder".
SLF4J: Defaulting to no-operation (NOP) logger implementation
SLF4J: See http://www.slf4j.org/codes.html#StaticLoggerBinder for further details.
nop.skip-codegen-when-tpl-dir-is-empty:/Users/abc/app/nop-app-erp/module-crm/erp-crm-codegen/precompile
[INFO] 
[INFO] --- exec:3.0.0:java (precompile2) @ app-erp-crm-codegen ---
SLF4J: Failed to load class "org.slf4j.impl.StaticLoggerBinder".
SLF4J: Defaulting to no-operation (NOP) logger implementation
SLF4J: See http://www.slf4j.org/codes.html#StaticLoggerBinder for further details.
nop.skip-codegen-when-tpl-dir-is-empty:/Users/abc/app/nop-app-erp/module-crm/erp-crm-codegen/precompile2
[INFO] 
[INFO] --- resources:3.3.1:resources (default-resources) @ app-erp-crm-codegen ---
[INFO] skip non existing resourceDirectory /Users/abc/app/nop-app-erp/module-crm/erp-crm-codegen/src/main/resources
[INFO] 
[INFO] --- compiler:3.11.0:compile (default-compile) @ app-erp-crm-codegen ---
[INFO] No sources to compile
[INFO] 
[INFO] --- exec:3.0.0:java (aop) @ app-erp-crm-codegen ---
SLF4J: Failed to load class "org.slf4j.impl.StaticLoggerBinder".
SLF4J: Defaulting to no-operation (NOP) logger implementation
SLF4J: See http://www.slf4j.org/codes.html#StaticLoggerBinder for further details.
nop.gen-aop-proxy
[INFO] 
[INFO] --- exec:3.0.0:java (postcompile) @ app-erp-crm-codegen ---
SLF4J: Failed to load class "org.slf4j.impl.StaticLoggerBinder".
SLF4J: Defaulting to no-operation (NOP) logger implementation
SLF4J: See http://www.slf4j.org/codes.html#StaticLoggerBinder for further details.
projectDir=/Users/abc/app/nop-app-erp/module-crm/erp-crm-codegen,dryRun=false,tplRoot=postcompile
end
[INFO] 
[INFO] --- resources:3.3.1:testResources (default-testResources) @ app-erp-crm-codegen ---
[INFO] skip non existing resourceDirectory /Users/abc/app/nop-app-erp/module-crm/erp-crm-codegen/src/test/resources
[INFO] 
[INFO] --- compiler:3.11.0:testCompile (default-testCompile) @ app-erp-crm-codegen ---
[INFO] Changes detected - recompiling the module! :source
[INFO] Compiling 1 source file with javac [debug release 17] to target/test-classes
[INFO] 
[INFO] --- surefire:3.2.2:test (default-test) @ app-erp-crm-codegen ---
[INFO] Tests are skipped.
[INFO] 
[INFO] --- jar:3.3.0:jar (default-jar) @ app-erp-crm-codegen ---
[WARNING] JAR will be empty - no content was marked for inclusion!
[INFO] Building jar: /Users/abc/app/nop-app-erp/module-crm/erp-crm-codegen/target/app-erp-crm-codegen-1.0-SNAPSHOT.jar
[INFO] 
[INFO] --- source:3.3.0:jar-no-fork (attach-sources) @ app-erp-crm-codegen ---
[INFO] No sources in project. Archive not created.
[INFO] 
[INFO] --- install:3.1.1:install (default-install) @ app-erp-crm-codegen ---
[INFO] Installing /Users/abc/app/nop-app-erp/module-crm/erp-crm-codegen/pom.xml to /Users/abc/.m2/repository/io/nop/app/app-erp-crm-codegen/1.0-SNAPSHOT/app-erp-crm-codegen-1.0-SNAPSHOT.pom
[INFO] Installing /Users/abc/app/nop-app-erp/module-crm/erp-crm-codegen/target/app-erp-crm-codegen-1.0-SNAPSHOT.jar to /Users/abc/.m2/repository/io/nop/app/app-erp-crm-codegen/1.0-SNAPSHOT/app-erp-crm-codegen-1.0-SNAPSHOT.jar
[INFO] 
[INFO] ---------------------< io.nop.app:app-erp-crm-api >---------------------
[INFO] Building app-erp-crm-api 1.0-SNAPSHOT                           [98/156]
[INFO]   from module-crm/erp-crm-api/pom.xml
[INFO] --------------------------------[ jar ]---------------------------------
[INFO] 
[INFO] --- clean:3.2.0:clean (default-clean) @ app-erp-crm-api ---
[INFO] Deleting /Users/abc/app/nop-app-erp/module-crm/erp-crm-api/target
[INFO] 
[INFO] --- resources:3.3.1:resources (default-resources) @ app-erp-crm-api ---
[INFO] skip non existing resourceDirectory /Users/abc/app/nop-app-erp/module-crm/erp-crm-api/src/main/resources
[INFO] 
[INFO] --- compiler:3.13.0:compile (default-compile) @ app-erp-crm-api ---
[INFO] Recompiling the module because of changed source code.
[INFO] Compiling 105 source files with javac [debug release 11] to target/classes
[INFO] 
[INFO] --- resources:3.3.1:testResources (default-testResources) @ app-erp-crm-api ---
[INFO] skip non existing resourceDirectory /Users/abc/app/nop-app-erp/module-crm/erp-crm-api/src/test/resources
[INFO] 
[INFO] --- compiler:3.13.0:testCompile (default-testCompile) @ app-erp-crm-api ---
[INFO] No sources to compile
[INFO] 
[INFO] --- surefire:3.2.5:test (default-test) @ app-erp-crm-api ---
[INFO] Tests are skipped.
[INFO] 
[INFO] --- jar:3.4.1:jar (default-jar) @ app-erp-crm-api ---
[INFO] Building jar: /Users/abc/app/nop-app-erp/module-crm/erp-crm-api/target/app-erp-crm-api-1.0-SNAPSHOT.jar
[INFO] 
[INFO] --- install:3.1.2:install (default-install) @ app-erp-crm-api ---
[INFO] Installing /Users/abc/app/nop-app-erp/module-crm/erp-crm-api/pom.xml to /Users/abc/.m2/repository/io/nop/app/app-erp-crm-api/1.0-SNAPSHOT/app-erp-crm-api-1.0-SNAPSHOT.pom
[INFO] Installing /Users/abc/app/nop-app-erp/module-crm/erp-crm-api/target/app-erp-crm-api-1.0-SNAPSHOT.jar to /Users/abc/.m2/repository/io/nop/app/app-erp-crm-api/1.0-SNAPSHOT/app-erp-crm-api-1.0-SNAPSHOT.jar
[INFO] 
[INFO] ---------------------< io.nop.app:app-erp-crm-dao >---------------------
[INFO] Building app-erp-crm-dao 1.0-SNAPSHOT                           [99/156]
[INFO]   from module-crm/erp-crm-dao/pom.xml
[INFO] --------------------------------[ jar ]---------------------------------
[INFO] 
[INFO] --- clean:3.4.0:clean (default-clean) @ app-erp-crm-dao ---
[INFO] Deleting /Users/abc/app/nop-app-erp/module-crm/erp-crm-dao/target
[INFO] 
[INFO] --- enforcer:3.0.0-M2:enforce (enforce-no-duplicate-dependencies) @ app-erp-crm-dao ---
[INFO] 
[INFO] --- jacoco:0.8.14:prepare-agent (default-prepare-agent) @ app-erp-crm-dao ---
[INFO] jacocoArgLine set to -javaagent:/Users/abc/.m2/repository/org/jacoco/org.jacoco.agent/0.8.14/org.jacoco.agent-0.8.14-runtime.jar=destfile=/Users/abc/app/nop-app-erp/module-crm/erp-crm-dao/target/jacoco.exec,excludes=**/_gen/**:**/_*.java:**/_*.xml:**/*Errors.*:**/*Configs.*:**/*Constants*:**/parse/antlr/**
[INFO] 
[INFO] --- resources:3.3.1:resources (default-resources) @ app-erp-crm-dao ---
[INFO] Copying 4 resources from src/main/resources to target/classes
[INFO] 
[INFO] --- compiler:3.11.0:compile (default-compile) @ app-erp-crm-dao ---
[INFO] Changes detected - recompiling the module! :dependency
[INFO] Compiling 109 source files with javac [debug release 17] to target/classes
[INFO] 
[INFO] --- resources:3.3.1:testResources (default-testResources) @ app-erp-crm-dao ---
[INFO] skip non existing resourceDirectory /Users/abc/app/nop-app-erp/module-crm/erp-crm-dao/src/test/resources
[INFO] 
[INFO] --- compiler:3.11.0:testCompile (default-testCompile) @ app-erp-crm-dao ---
[INFO] No sources to compile
[INFO] 
[INFO] --- surefire:3.2.2:test (default-test) @ app-erp-crm-dao ---
[INFO] Tests are skipped.
[INFO] 
[INFO] --- jar:3.3.0:jar (default-jar) @ app-erp-crm-dao ---
[INFO] Building jar: /Users/abc/app/nop-app-erp/module-crm/erp-crm-dao/target/app-erp-crm-dao-1.0-SNAPSHOT.jar
[INFO] 
[INFO] --- source:3.3.0:jar-no-fork (attach-sources) @ app-erp-crm-dao ---
[INFO] Building jar: /Users/abc/app/nop-app-erp/module-crm/erp-crm-dao/target/app-erp-crm-dao-1.0-SNAPSHOT-sources.jar
[INFO] 
[INFO] --- install:3.1.1:install (default-install) @ app-erp-crm-dao ---
[INFO] Installing /Users/abc/app/nop-app-erp/module-crm/erp-crm-dao/pom.xml to /Users/abc/.m2/repository/io/nop/app/app-erp-crm-dao/1.0-SNAPSHOT/app-erp-crm-dao-1.0-SNAPSHOT.pom
[INFO] Installing /Users/abc/app/nop-app-erp/module-crm/erp-crm-dao/target/app-erp-crm-dao-1.0-SNAPSHOT.jar to /Users/abc/.m2/repository/io/nop/app/app-erp-crm-dao/1.0-SNAPSHOT/app-erp-crm-dao-1.0-SNAPSHOT.jar
[INFO] Installing /Users/abc/app/nop-app-erp/module-crm/erp-crm-dao/target/app-erp-crm-dao-1.0-SNAPSHOT-sources.jar to /Users/abc/.m2/repository/io/nop/app/app-erp-crm-dao/1.0-SNAPSHOT/app-erp-crm-dao-1.0-SNAPSHOT-sources.jar
[INFO] 
[INFO] --------------------< io.nop.app:app-erp-crm-meta >---------------------
[INFO] Building app-erp-crm-meta 1.0-SNAPSHOT                         [100/156]
[INFO]   from module-crm/erp-crm-meta/pom.xml
[INFO] --------------------------------[ jar ]---------------------------------
[INFO] 
[INFO] --- clean:3.4.0:clean (default-clean) @ app-erp-crm-meta ---
[INFO] Deleting /Users/abc/app/nop-app-erp/module-crm/erp-crm-meta/target
[INFO] 
[INFO] --- enforcer:3.0.0-M2:enforce (enforce-no-duplicate-dependencies) @ app-erp-crm-meta ---
[INFO] 
[INFO] --- jacoco:0.8.14:prepare-agent (default-prepare-agent) @ app-erp-crm-meta ---
[INFO] jacocoArgLine set to -javaagent:/Users/abc/.m2/repository/org/jacoco/org.jacoco.agent/0.8.14/org.jacoco.agent-0.8.14-runtime.jar=destfile=/Users/abc/app/nop-app-erp/module-crm/erp-crm-meta/target/jacoco.exec,excludes=**/_gen/**:**/_*.java:**/_*.xml:**/*Errors.*:**/*Configs.*:**/*Constants*:**/parse/antlr/**
[INFO] 
[INFO] --- exec:3.0.0:java (precompile) @ app-erp-crm-meta ---
SLF4J: Failed to load class "org.slf4j.impl.StaticLoggerBinder".
SLF4J: Defaulting to no-operation (NOP) logger implementation
SLF4J: See http://www.slf4j.org/codes.html#StaticLoggerBinder for further details.
projectDir=/Users/abc/app/nop-app-erp/module-crm/erp-crm-meta,dryRun=false,tplRoot=precompile
end
[INFO] 
[INFO] --- exec:3.0.0:java (precompile2) @ app-erp-crm-meta ---
SLF4J: Failed to load class "org.slf4j.impl.StaticLoggerBinder".
SLF4J: Defaulting to no-operation (NOP) logger implementation
SLF4J: See http://www.slf4j.org/codes.html#StaticLoggerBinder for further details.
nop.skip-codegen-when-tpl-dir-is-empty:/Users/abc/app/nop-app-erp/module-crm/erp-crm-meta/precompile2
[INFO] 
[INFO] --- resources:3.3.1:resources (default-resources) @ app-erp-crm-meta ---
[INFO] Copying 100 resources from src/main/resources to target/classes
[INFO] 
[INFO] --- compiler:3.11.0:compile (default-compile) @ app-erp-crm-meta ---
[INFO] No sources to compile
[INFO] 
[INFO] --- exec:3.0.0:java (aop) @ app-erp-crm-meta ---
SLF4J: Failed to load class "org.slf4j.impl.StaticLoggerBinder".
SLF4J: Defaulting to no-operation (NOP) logger implementation
SLF4J: See http://www.slf4j.org/codes.html#StaticLoggerBinder for further details.
nop.gen-aop-proxy
[INFO] 
[INFO] --- exec:3.0.0:java (postcompile) @ app-erp-crm-meta ---
SLF4J: Failed to load class "org.slf4j.impl.StaticLoggerBinder".
SLF4J: Defaulting to no-operation (NOP) logger implementation
SLF4J: See http://www.slf4j.org/codes.html#StaticLoggerBinder for further details.
projectDir=/Users/abc/app/nop-app-erp/module-crm/erp-crm-meta,dryRun=false,tplRoot=postcompile
end
[INFO] 
[INFO] --- resources:3.3.1:testResources (default-testResources) @ app-erp-crm-meta ---
[INFO] skip non existing resourceDirectory /Users/abc/app/nop-app-erp/module-crm/erp-crm-meta/src/test/resources
[INFO] 
[INFO] --- compiler:3.11.0:testCompile (default-testCompile) @ app-erp-crm-meta ---
[INFO] No sources to compile
[INFO] 
[INFO] --- surefire:3.2.2:test (default-test) @ app-erp-crm-meta ---
[INFO] Tests are skipped.
[INFO] 
[INFO] --- jar:3.3.0:jar (default-jar) @ app-erp-crm-meta ---
[INFO] Building jar: /Users/abc/app/nop-app-erp/module-crm/erp-crm-meta/target/app-erp-crm-meta-1.0-SNAPSHOT.jar
[INFO] 
[INFO] --- source:3.3.0:jar-no-fork (attach-sources) @ app-erp-crm-meta ---
[INFO] Building jar: /Users/abc/app/nop-app-erp/module-crm/erp-crm-meta/target/app-erp-crm-meta-1.0-SNAPSHOT-sources.jar
[INFO] 
[INFO] --- install:3.1.1:install (default-install) @ app-erp-crm-meta ---
[INFO] Installing /Users/abc/app/nop-app-erp/module-crm/erp-crm-meta/pom.xml to /Users/abc/.m2/repository/io/nop/app/app-erp-crm-meta/1.0-SNAPSHOT/app-erp-crm-meta-1.0-SNAPSHOT.pom
[INFO] Installing /Users/abc/app/nop-app-erp/module-crm/erp-crm-meta/target/app-erp-crm-meta-1.0-SNAPSHOT.jar to /Users/abc/.m2/repository/io/nop/app/app-erp-crm-meta/1.0-SNAPSHOT/app-erp-crm-meta-1.0-SNAPSHOT.jar
[INFO] Installing /Users/abc/app/nop-app-erp/module-crm/erp-crm-meta/target/app-erp-crm-meta-1.0-SNAPSHOT-sources.jar to /Users/abc/.m2/repository/io/nop/app/app-erp-crm-meta/1.0-SNAPSHOT/app-erp-crm-meta-1.0-SNAPSHOT-sources.jar
[INFO] 
[INFO] -------------------< io.nop.app:app-erp-crm-service >-------------------
[INFO] Building app-erp-crm-service 1.0-SNAPSHOT                      [101/156]
[INFO]   from module-crm/erp-crm-service/pom.xml
[INFO] --------------------------------[ jar ]---------------------------------
[INFO] 
[INFO] --- clean:3.4.0:clean (default-clean) @ app-erp-crm-service ---
[INFO] Deleting /Users/abc/app/nop-app-erp/module-crm/erp-crm-service/target
[INFO] 
[INFO] --- enforcer:3.0.0-M2:enforce (enforce-no-duplicate-dependencies) @ app-erp-crm-service ---
[INFO] 
[INFO] --- jacoco:0.8.14:prepare-agent (default-prepare-agent) @ app-erp-crm-service ---
[INFO] jacocoArgLine set to -javaagent:/Users/abc/.m2/repository/org/jacoco/org.jacoco.agent/0.8.14/org.jacoco.agent-0.8.14-runtime.jar=destfile=/Users/abc/app/nop-app-erp/module-crm/erp-crm-service/target/jacoco.exec,excludes=**/_gen/**:**/_*.java:**/_*.xml:**/*Errors.*:**/*Configs.*:**/*Constants*:**/parse/antlr/**
[INFO] 
[INFO] --- exec:3.0.0:java (precompile) @ app-erp-crm-service ---
SLF4J: Failed to load class "org.slf4j.impl.StaticLoggerBinder".
SLF4J: Defaulting to no-operation (NOP) logger implementation
SLF4J: See http://www.slf4j.org/codes.html#StaticLoggerBinder for further details.
nop.skip-codegen-when-tpl-dir-is-empty:/Users/abc/app/nop-app-erp/module-crm/erp-crm-service/precompile
[INFO] 
[INFO] --- exec:3.0.0:java (precompile2) @ app-erp-crm-service ---
SLF4J: Failed to load class "org.slf4j.impl.StaticLoggerBinder".
SLF4J: Defaulting to no-operation (NOP) logger implementation
SLF4J: See http://www.slf4j.org/codes.html#StaticLoggerBinder for further details.
nop.skip-codegen-when-tpl-dir-is-empty:/Users/abc/app/nop-app-erp/module-crm/erp-crm-service/precompile2
[INFO] 
[INFO] --- resources:3.3.1:resources (default-resources) @ app-erp-crm-service ---
[INFO] Copying 78 resources from src/main/resources to target/classes
[INFO] 
[INFO] --- compiler:3.11.0:compile (default-compile) @ app-erp-crm-service ---
[INFO] Changes detected - recompiling the module! :dependency
[INFO] Compiling 81 source files with javac [debug release 17] to target/classes
[INFO] 
[INFO] --- exec:3.0.0:java (aop) @ app-erp-crm-service ---
SLF4J: Failed to load class "org.slf4j.impl.StaticLoggerBinder".
SLF4J: Defaulting to no-operation (NOP) logger implementation
SLF4J: See http://www.slf4j.org/codes.html#StaticLoggerBinder for further details.
nop.gen-aop-proxy
[INFO] 
[INFO] --- exec:3.0.0:java (postcompile) @ app-erp-crm-service ---
SLF4J: Failed to load class "org.slf4j.impl.StaticLoggerBinder".
SLF4J: Defaulting to no-operation (NOP) logger implementation
SLF4J: See http://www.slf4j.org/codes.html#StaticLoggerBinder for further details.
nop.skip-codegen-when-tpl-dir-is-empty:/Users/abc/app/nop-app-erp/module-crm/erp-crm-service/postcompile
[INFO] 
[INFO] --- resources:3.3.1:testResources (default-testResources) @ app-erp-crm-service ---
[INFO] Copying 3 resources from src/test/resources to target/test-classes
[INFO] 
[INFO] --- compiler:3.11.0:testCompile (default-testCompile) @ app-erp-crm-service ---
[INFO] Changes detected - recompiling the module! :dependency
[INFO] Compiling 31 source files with javac [debug release 17] to target/test-classes
[INFO] /Users/abc/app/nop-app-erp/module-crm/erp-crm-service/src/test/java/app/erp/crm/service/TestErpCrmSequenceAndFunnel.java: /Users/abc/app/nop-app-erp/module-crm/erp-crm-service/src/test/java/app/erp/crm/service/TestErpCrmSequenceAndFunnel.java使用了未经检查或不安全的操作。
[INFO] /Users/abc/app/nop-app-erp/module-crm/erp-crm-service/src/test/java/app/erp/crm/service/TestErpCrmSequenceAndFunnel.java: 有关详细信息, 请使用 -Xlint:unchecked 重新编译。
[INFO] 
[INFO] --- surefire:3.2.2:test (default-test) @ app-erp-crm-service ---
[INFO] Tests are skipped.
[INFO] 
[INFO] --- jar:3.3.0:jar (default-jar) @ app-erp-crm-service ---
[INFO] Building jar: /Users/abc/app/nop-app-erp/module-crm/erp-crm-service/target/app-erp-crm-service-1.0-SNAPSHOT.jar
[INFO] 
[INFO] --- source:3.3.0:jar-no-fork (attach-sources) @ app-erp-crm-service ---
[INFO] Building jar: /Users/abc/app/nop-app-erp/module-crm/erp-crm-service/target/app-erp-crm-service-1.0-SNAPSHOT-sources.jar
[INFO] 
[INFO] --- install:3.1.1:install (default-install) @ app-erp-crm-service ---
[INFO] Installing /Users/abc/app/nop-app-erp/module-crm/erp-crm-service/pom.xml to /Users/abc/.m2/repository/io/nop/app/app-erp-crm-service/1.0-SNAPSHOT/app-erp-crm-service-1.0-SNAPSHOT.pom
[INFO] Installing /Users/abc/app/nop-app-erp/module-crm/erp-crm-service/target/app-erp-crm-service-1.0-SNAPSHOT.jar to /Users/abc/.m2/repository/io/nop/app/app-erp-crm-service/1.0-SNAPSHOT/app-erp-crm-service-1.0-SNAPSHOT.jar
[INFO] Installing /Users/abc/app/nop-app-erp/module-crm/erp-crm-service/target/app-erp-crm-service-1.0-SNAPSHOT-sources.jar to /Users/abc/.m2/repository/io/nop/app/app-erp-crm-service/1.0-SNAPSHOT/app-erp-crm-service-1.0-SNAPSHOT-sources.jar
[INFO] 
[INFO] ---------------------< io.nop.app:app-erp-crm-web >---------------------
[INFO] Building app-erp-crm-web 1.0-SNAPSHOT                          [102/156]
[INFO]   from module-crm/erp-crm-web/pom.xml
[INFO] --------------------------------[ jar ]---------------------------------
[INFO] 
[INFO] --- clean:3.4.0:clean (default-clean) @ app-erp-crm-web ---
[INFO] Deleting /Users/abc/app/nop-app-erp/module-crm/erp-crm-web/target
[INFO] 
[INFO] --- enforcer:3.0.0-M2:enforce (enforce-no-duplicate-dependencies) @ app-erp-crm-web ---
[INFO] 
[INFO] --- jacoco:0.8.14:prepare-agent (default-prepare-agent) @ app-erp-crm-web ---
[INFO] jacocoArgLine set to -javaagent:/Users/abc/.m2/repository/org/jacoco/org.jacoco.agent/0.8.14/org.jacoco.agent-0.8.14-runtime.jar=destfile=/Users/abc/app/nop-app-erp/module-crm/erp-crm-web/target/jacoco.exec,excludes=**/_gen/**:**/_*.java:**/_*.xml:**/*Errors.*:**/*Configs.*:**/*Constants*:**/parse/antlr/**
[INFO] 
[INFO] --- exec:3.0.0:java (precompile) @ app-erp-crm-web ---
SLF4J: Failed to load class "org.slf4j.impl.StaticLoggerBinder".
SLF4J: Defaulting to no-operation (NOP) logger implementation
SLF4J: See http://www.slf4j.org/codes.html#StaticLoggerBinder for further details.
projectDir=/Users/abc/app/nop-app-erp/module-crm/erp-crm-web,dryRun=false,tplRoot=precompile
end
[INFO] 
[INFO] --- exec:3.0.0:java (precompile2) @ app-erp-crm-web ---
SLF4J: Failed to load class "org.slf4j.impl.StaticLoggerBinder".
SLF4J: Defaulting to no-operation (NOP) logger implementation
SLF4J: See http://www.slf4j.org/codes.html#StaticLoggerBinder for further details.
projectDir=/Users/abc/app/nop-app-erp/module-crm/erp-crm-web,dryRun=false,tplRoot=precompile2
end
[INFO] 
[INFO] --- resources:3.3.1:resources (default-resources) @ app-erp-crm-web ---
[INFO] Copying 193 resources from src/main/resources to target/classes
[INFO] 
[INFO] --- compiler:3.11.0:compile (default-compile) @ app-erp-crm-web ---
[INFO] No sources to compile
[INFO] 
[INFO] --- exec:3.0.0:java (aop) @ app-erp-crm-web ---
SLF4J: Failed to load class "org.slf4j.impl.StaticLoggerBinder".
SLF4J: Defaulting to no-operation (NOP) logger implementation
SLF4J: See http://www.slf4j.org/codes.html#StaticLoggerBinder for further details.
nop.gen-aop-proxy
[INFO] 
[INFO] --- exec:3.0.0:java (postcompile) @ app-erp-crm-web ---
SLF4J: Failed to load class "org.slf4j.impl.StaticLoggerBinder".
SLF4J: Defaulting to no-operation (NOP) logger implementation
SLF4J: See http://www.slf4j.org/codes.html#StaticLoggerBinder for further details.
nop.skip-codegen-when-tpl-dir-is-empty:/Users/abc/app/nop-app-erp/module-crm/erp-crm-web/postcompile
[INFO] 
[INFO] --- resources:3.3.1:testResources (default-testResources) @ app-erp-crm-web ---
[INFO] skip non existing resourceDirectory /Users/abc/app/nop-app-erp/module-crm/erp-crm-web/src/test/resources
[INFO] 
[INFO] --- compiler:3.11.0:testCompile (default-testCompile) @ app-erp-crm-web ---
[INFO] Changes detected - recompiling the module! :dependency
[INFO] Compiling 2 source files with javac [debug release 17] to target/test-classes
[INFO] 
[INFO] --- surefire:3.2.2:test (default-test) @ app-erp-crm-web ---
[INFO] Tests are skipped.
[INFO] 
[INFO] --- jar:3.3.0:jar (default-jar) @ app-erp-crm-web ---
[INFO] Building jar: /Users/abc/app/nop-app-erp/module-crm/erp-crm-web/target/app-erp-crm-web-1.0-SNAPSHOT.jar
[INFO] 
[INFO] --- source:3.3.0:jar-no-fork (attach-sources) @ app-erp-crm-web ---
[INFO] Building jar: /Users/abc/app/nop-app-erp/module-crm/erp-crm-web/target/app-erp-crm-web-1.0-SNAPSHOT-sources.jar
[INFO] 
[INFO] --- install:3.1.1:install (default-install) @ app-erp-crm-web ---
[INFO] Installing /Users/abc/app/nop-app-erp/module-crm/erp-crm-web/pom.xml to /Users/abc/.m2/repository/io/nop/app/app-erp-crm-web/1.0-SNAPSHOT/app-erp-crm-web-1.0-SNAPSHOT.pom
[INFO] Installing /Users/abc/app/nop-app-erp/module-crm/erp-crm-web/target/app-erp-crm-web-1.0-SNAPSHOT.jar to /Users/abc/.m2/repository/io/nop/app/app-erp-crm-web/1.0-SNAPSHOT/app-erp-crm-web-1.0-SNAPSHOT.jar
[INFO] Installing /Users/abc/app/nop-app-erp/module-crm/erp-crm-web/target/app-erp-crm-web-1.0-SNAPSHOT-sources.jar to /Users/abc/.m2/repository/io/nop/app/app-erp-crm-web/1.0-SNAPSHOT/app-erp-crm-web-1.0-SNAPSHOT-sources.jar
[INFO] 
[INFO] ---------------------< io.nop.app:app-erp-crm-app >---------------------
[INFO] Building app-erp-crm-app 1.0-SNAPSHOT                          [103/156]
[INFO]   from module-crm/erp-crm-app/pom.xml
[INFO] --------------------------------[ jar ]---------------------------------
[INFO] 
[INFO] --- clean:3.4.0:clean (default-clean) @ app-erp-crm-app ---
[INFO] Deleting /Users/abc/app/nop-app-erp/module-crm/erp-crm-app/target
[INFO] 
[INFO] --- enforcer:3.0.0-M2:enforce (enforce-no-duplicate-dependencies) @ app-erp-crm-app ---
[INFO] 
[INFO] --- jacoco:0.8.14:prepare-agent (default-prepare-agent) @ app-erp-crm-app ---
[INFO] jacocoArgLine set to -javaagent:/Users/abc/.m2/repository/org/jacoco/org.jacoco.agent/0.8.14/org.jacoco.agent-0.8.14-runtime.jar=destfile=/Users/abc/app/nop-app-erp/module-crm/erp-crm-app/target/jacoco.exec,excludes=**/_gen/**:**/_*.java:**/_*.xml:**/*Errors.*:**/*Configs.*:**/*Constants*:**/parse/antlr/**
[INFO] 
[INFO] --- exec:3.0.0:java (precompile) @ app-erp-crm-app ---
nop.skip-codegen-when-tpl-dir-is-empty:/Users/abc/app/nop-app-erp/module-crm/erp-crm-app/precompile
[INFO] 
[INFO] --- exec:3.0.0:java (precompile2) @ app-erp-crm-app ---
nop.skip-codegen-when-tpl-dir-is-empty:/Users/abc/app/nop-app-erp/module-crm/erp-crm-app/precompile2
[INFO] 
[INFO] --- resources:3.3.1:resources (default-resources) @ app-erp-crm-app ---
[INFO] Copying 7 resources from src/main/resources to target/classes
[INFO] 
[INFO] --- compiler:3.11.0:compile (default-compile) @ app-erp-crm-app ---
[INFO] Changes detected - recompiling the module! :dependency
[INFO] Compiling 1 source file with javac [debug release 17] to target/classes
[INFO] 
[INFO] --- exec:3.0.0:java (aop) @ app-erp-crm-app ---
nop.gen-aop-proxy
[INFO] 
[INFO] --- exec:3.0.0:java (postcompile) @ app-erp-crm-app ---
nop.skip-codegen-when-tpl-dir-is-empty:/Users/abc/app/nop-app-erp/module-crm/erp-crm-app/postcompile
[INFO] 
[INFO] --- resources:3.3.1:testResources (default-testResources) @ app-erp-crm-app ---
[INFO] skip non existing resourceDirectory /Users/abc/app/nop-app-erp/module-crm/erp-crm-app/src/test/resources
[INFO] 
[INFO] --- compiler:3.11.0:testCompile (default-testCompile) @ app-erp-crm-app ---
[INFO] No sources to compile
[INFO] 
[INFO] --- surefire:3.0.0-M5:test (default-test) @ app-erp-crm-app ---
[INFO] Tests are skipped.
[INFO] 
[INFO] --- jar:3.3.0:jar (default-jar) @ app-erp-crm-app ---
[INFO] Building jar: /Users/abc/app/nop-app-erp/module-crm/erp-crm-app/target/app-erp-crm-app-1.0-SNAPSHOT.jar
[INFO] 
[INFO] --- source:3.3.0:jar-no-fork (attach-sources) @ app-erp-crm-app ---
[INFO] Building jar: /Users/abc/app/nop-app-erp/module-crm/erp-crm-app/target/app-erp-crm-app-1.0-SNAPSHOT-sources.jar
[INFO] 
[INFO] --- quarkus:3.35.1:build (default) @ app-erp-crm-app ---
[WARNING] The Maven extensions for the Quarkus Maven plugin are not enabled for this build. We recommend enabling this, so that the plugin can verify essential build settings have been configured as required. Please enable by adding "<extensions>true</extensions>" in your quarkus-maven-plugin declaration; it should look like:

	<plugin>
		<groupId>${quarkus.platform.group-id}</groupId>
		<artifactId>quarkus-maven-plugin</artifactId>
		<version>${quarkus.platform.version}</version>
		<extensions>true</extensions> <!-- THIS ONE -->
		...

[WARNING] [io.quarkus.config] Unrecognized configuration key "quarkus.http.cors" was provided; it will be ignored; verify that the dependency extension for this configuration is set or that you did not make a typo
[WARNING] [io.quarkus.agroal.deployment.AgroalProcessor] The Agroal dependency is present but no JDBC datasources have been defined.
[INFO] [io.quarkus.deployment.QuarkusAugmentor] Quarkus augmentation completed in 1103ms
[INFO] 
[INFO] --- install:3.1.1:install (default-install) @ app-erp-crm-app ---
[INFO] Skipping artifact installation
[INFO] 
[INFO] -----------------------< io.nop.app:app-erp-cs >------------------------
[INFO] Building app-erp-cs 1.0-SNAPSHOT                               [104/156]
[INFO]   from module-cs/pom.xml
[INFO] --------------------------------[ pom ]---------------------------------
[INFO] 
[INFO] --- clean:3.4.0:clean (default-clean) @ app-erp-cs ---
[INFO] 
[INFO] --- enforcer:3.0.0-M2:enforce (enforce-no-duplicate-dependencies) @ app-erp-cs ---
[INFO] 
[INFO] --- jacoco:0.8.14:prepare-agent (default-prepare-agent) @ app-erp-cs ---
[INFO] jacocoArgLine set to -javaagent:/Users/abc/.m2/repository/org/jacoco/org.jacoco.agent/0.8.14/org.jacoco.agent-0.8.14-runtime.jar=destfile=/Users/abc/app/nop-app-erp/module-cs/target/jacoco.exec,excludes=**/_gen/**:**/_*.java:**/_*.xml:**/*Errors.*:**/*Configs.*:**/*Constants*:**/parse/antlr/**
[INFO] 
[INFO] --- source:3.3.0:jar-no-fork (attach-sources) @ app-erp-cs ---
[INFO] 
[INFO] --- install:3.1.1:install (default-install) @ app-erp-cs ---
[INFO] Installing /Users/abc/app/nop-app-erp/module-cs/pom.xml to /Users/abc/.m2/repository/io/nop/app/app-erp-cs/1.0-SNAPSHOT/app-erp-cs-1.0-SNAPSHOT.pom
[INFO] 
[INFO] -------------------< io.nop.app:app-erp-cs-codegen >--------------------
[INFO] Building app-erp-cs-codegen 1.0-SNAPSHOT                       [105/156]
[INFO]   from module-cs/erp-cs-codegen/pom.xml
[INFO] --------------------------------[ jar ]---------------------------------
[INFO] 
[INFO] --- clean:3.4.0:clean (default-clean) @ app-erp-cs-codegen ---
[INFO] Deleting /Users/abc/app/nop-app-erp/module-cs/erp-cs-codegen/target
[INFO] 
[INFO] --- enforcer:3.0.0-M2:enforce (enforce-no-duplicate-dependencies) @ app-erp-cs-codegen ---
[INFO] 
[INFO] --- jacoco:0.8.14:prepare-agent (default-prepare-agent) @ app-erp-cs-codegen ---
[INFO] jacocoArgLine set to -javaagent:/Users/abc/.m2/repository/org/jacoco/org.jacoco.agent/0.8.14/org.jacoco.agent-0.8.14-runtime.jar=destfile=/Users/abc/app/nop-app-erp/module-cs/erp-cs-codegen/target/jacoco.exec,excludes=**/_gen/**:**/_*.java:**/_*.xml:**/*Errors.*:**/*Configs.*:**/*Constants*:**/parse/antlr/**
[INFO] 
[INFO] --- exec:3.0.0:java (precompile) @ app-erp-cs-codegen ---
SLF4J: Failed to load class "org.slf4j.impl.StaticLoggerBinder".
SLF4J: Defaulting to no-operation (NOP) logger implementation
SLF4J: See http://www.slf4j.org/codes.html#StaticLoggerBinder for further details.
nop.skip-codegen-when-tpl-dir-is-empty:/Users/abc/app/nop-app-erp/module-cs/erp-cs-codegen/precompile
[INFO] 
[INFO] --- exec:3.0.0:java (precompile2) @ app-erp-cs-codegen ---
SLF4J: Failed to load class "org.slf4j.impl.StaticLoggerBinder".
SLF4J: Defaulting to no-operation (NOP) logger implementation
SLF4J: See http://www.slf4j.org/codes.html#StaticLoggerBinder for further details.
nop.skip-codegen-when-tpl-dir-is-empty:/Users/abc/app/nop-app-erp/module-cs/erp-cs-codegen/precompile2
[INFO] 
[INFO] --- resources:3.3.1:resources (default-resources) @ app-erp-cs-codegen ---
[INFO] skip non existing resourceDirectory /Users/abc/app/nop-app-erp/module-cs/erp-cs-codegen/src/main/resources
[INFO] 
[INFO] --- compiler:3.11.0:compile (default-compile) @ app-erp-cs-codegen ---
[INFO] No sources to compile
[INFO] 
[INFO] --- exec:3.0.0:java (aop) @ app-erp-cs-codegen ---
SLF4J: Failed to load class "org.slf4j.impl.StaticLoggerBinder".
SLF4J: Defaulting to no-operation (NOP) logger implementation
SLF4J: See http://www.slf4j.org/codes.html#StaticLoggerBinder for further details.
nop.gen-aop-proxy
[INFO] 
[INFO] --- exec:3.0.0:java (postcompile) @ app-erp-cs-codegen ---
SLF4J: Failed to load class "org.slf4j.impl.StaticLoggerBinder".
SLF4J: Defaulting to no-operation (NOP) logger implementation
SLF4J: See http://www.slf4j.org/codes.html#StaticLoggerBinder for further details.
projectDir=/Users/abc/app/nop-app-erp/module-cs/erp-cs-codegen,dryRun=false,tplRoot=postcompile
end
[INFO] 
[INFO] --- resources:3.3.1:testResources (default-testResources) @ app-erp-cs-codegen ---
[INFO] skip non existing resourceDirectory /Users/abc/app/nop-app-erp/module-cs/erp-cs-codegen/src/test/resources
[INFO] 
[INFO] --- compiler:3.11.0:testCompile (default-testCompile) @ app-erp-cs-codegen ---
[INFO] Changes detected - recompiling the module! :source
[INFO] Compiling 1 source file with javac [debug release 17] to target/test-classes
[INFO] 
[INFO] --- surefire:3.2.2:test (default-test) @ app-erp-cs-codegen ---
[INFO] Tests are skipped.
[INFO] 
[INFO] --- jar:3.3.0:jar (default-jar) @ app-erp-cs-codegen ---
[WARNING] JAR will be empty - no content was marked for inclusion!
[INFO] Building jar: /Users/abc/app/nop-app-erp/module-cs/erp-cs-codegen/target/app-erp-cs-codegen-1.0-SNAPSHOT.jar
[INFO] 
[INFO] --- source:3.3.0:jar-no-fork (attach-sources) @ app-erp-cs-codegen ---
[INFO] No sources in project. Archive not created.
[INFO] 
[INFO] --- install:3.1.1:install (default-install) @ app-erp-cs-codegen ---
[INFO] Installing /Users/abc/app/nop-app-erp/module-cs/erp-cs-codegen/pom.xml to /Users/abc/.m2/repository/io/nop/app/app-erp-cs-codegen/1.0-SNAPSHOT/app-erp-cs-codegen-1.0-SNAPSHOT.pom
[INFO] Installing /Users/abc/app/nop-app-erp/module-cs/erp-cs-codegen/target/app-erp-cs-codegen-1.0-SNAPSHOT.jar to /Users/abc/.m2/repository/io/nop/app/app-erp-cs-codegen/1.0-SNAPSHOT/app-erp-cs-codegen-1.0-SNAPSHOT.jar
[INFO] 
[INFO] ---------------------< io.nop.app:app-erp-cs-api >----------------------
[INFO] Building app-erp-cs-api 1.0-SNAPSHOT                           [106/156]
[INFO]   from module-cs/erp-cs-api/pom.xml
[INFO] --------------------------------[ jar ]---------------------------------
[INFO] 
[INFO] --- clean:3.2.0:clean (default-clean) @ app-erp-cs-api ---
[INFO] Deleting /Users/abc/app/nop-app-erp/module-cs/erp-cs-api/target
[INFO] 
[INFO] --- resources:3.3.1:resources (default-resources) @ app-erp-cs-api ---
[INFO] skip non existing resourceDirectory /Users/abc/app/nop-app-erp/module-cs/erp-cs-api/src/main/resources
[INFO] 
[INFO] --- compiler:3.13.0:compile (default-compile) @ app-erp-cs-api ---
[INFO] Recompiling the module because of changed source code.
[INFO] Compiling 54 source files with javac [debug release 11] to target/classes
[INFO] 
[INFO] --- resources:3.3.1:testResources (default-testResources) @ app-erp-cs-api ---
[INFO] skip non existing resourceDirectory /Users/abc/app/nop-app-erp/module-cs/erp-cs-api/src/test/resources
[INFO] 
[INFO] --- compiler:3.13.0:testCompile (default-testCompile) @ app-erp-cs-api ---
[INFO] No sources to compile
[INFO] 
[INFO] --- surefire:3.2.5:test (default-test) @ app-erp-cs-api ---
[INFO] Tests are skipped.
[INFO] 
[INFO] --- jar:3.4.1:jar (default-jar) @ app-erp-cs-api ---
[INFO] Building jar: /Users/abc/app/nop-app-erp/module-cs/erp-cs-api/target/app-erp-cs-api-1.0-SNAPSHOT.jar
[INFO] 
[INFO] --- install:3.1.2:install (default-install) @ app-erp-cs-api ---
[INFO] Installing /Users/abc/app/nop-app-erp/module-cs/erp-cs-api/pom.xml to /Users/abc/.m2/repository/io/nop/app/app-erp-cs-api/1.0-SNAPSHOT/app-erp-cs-api-1.0-SNAPSHOT.pom
[INFO] Installing /Users/abc/app/nop-app-erp/module-cs/erp-cs-api/target/app-erp-cs-api-1.0-SNAPSHOT.jar to /Users/abc/.m2/repository/io/nop/app/app-erp-cs-api/1.0-SNAPSHOT/app-erp-cs-api-1.0-SNAPSHOT.jar
[INFO] 
[INFO] ---------------------< io.nop.app:app-erp-cs-dao >----------------------
[INFO] Building app-erp-cs-dao 1.0-SNAPSHOT                           [107/156]
[INFO]   from module-cs/erp-cs-dao/pom.xml
[INFO] --------------------------------[ jar ]---------------------------------
[INFO] 
[INFO] --- clean:3.4.0:clean (default-clean) @ app-erp-cs-dao ---
[INFO] Deleting /Users/abc/app/nop-app-erp/module-cs/erp-cs-dao/target
[INFO] 
[INFO] --- enforcer:3.0.0-M2:enforce (enforce-no-duplicate-dependencies) @ app-erp-cs-dao ---
[INFO] 
[INFO] --- jacoco:0.8.14:prepare-agent (default-prepare-agent) @ app-erp-cs-dao ---
[INFO] jacocoArgLine set to -javaagent:/Users/abc/.m2/repository/org/jacoco/org.jacoco.agent/0.8.14/org.jacoco.agent-0.8.14-runtime.jar=destfile=/Users/abc/app/nop-app-erp/module-cs/erp-cs-dao/target/jacoco.exec,excludes=**/_gen/**:**/_*.java:**/_*.xml:**/*Errors.*:**/*Configs.*:**/*Constants*:**/parse/antlr/**
[INFO] 
[INFO] --- resources:3.3.1:resources (default-resources) @ app-erp-cs-dao ---
[INFO] Copying 4 resources from src/main/resources to target/classes
[INFO] 
[INFO] --- compiler:3.11.0:compile (default-compile) @ app-erp-cs-dao ---
[INFO] Changes detected - recompiling the module! :dependency
[INFO] Compiling 57 source files with javac [debug release 17] to target/classes
[INFO] 
[INFO] --- resources:3.3.1:testResources (default-testResources) @ app-erp-cs-dao ---
[INFO] skip non existing resourceDirectory /Users/abc/app/nop-app-erp/module-cs/erp-cs-dao/src/test/resources
[INFO] 
[INFO] --- compiler:3.11.0:testCompile (default-testCompile) @ app-erp-cs-dao ---
[INFO] No sources to compile
[INFO] 
[INFO] --- surefire:3.2.2:test (default-test) @ app-erp-cs-dao ---
[INFO] Tests are skipped.
[INFO] 
[INFO] --- jar:3.3.0:jar (default-jar) @ app-erp-cs-dao ---
[INFO] Building jar: /Users/abc/app/nop-app-erp/module-cs/erp-cs-dao/target/app-erp-cs-dao-1.0-SNAPSHOT.jar
[INFO] 
[INFO] --- source:3.3.0:jar-no-fork (attach-sources) @ app-erp-cs-dao ---
[INFO] Building jar: /Users/abc/app/nop-app-erp/module-cs/erp-cs-dao/target/app-erp-cs-dao-1.0-SNAPSHOT-sources.jar
[INFO] 
[INFO] --- install:3.1.1:install (default-install) @ app-erp-cs-dao ---
[INFO] Installing /Users/abc/app/nop-app-erp/module-cs/erp-cs-dao/pom.xml to /Users/abc/.m2/repository/io/nop/app/app-erp-cs-dao/1.0-SNAPSHOT/app-erp-cs-dao-1.0-SNAPSHOT.pom
[INFO] Installing /Users/abc/app/nop-app-erp/module-cs/erp-cs-dao/target/app-erp-cs-dao-1.0-SNAPSHOT.jar to /Users/abc/.m2/repository/io/nop/app/app-erp-cs-dao/1.0-SNAPSHOT/app-erp-cs-dao-1.0-SNAPSHOT.jar
[INFO] Installing /Users/abc/app/nop-app-erp/module-cs/erp-cs-dao/target/app-erp-cs-dao-1.0-SNAPSHOT-sources.jar to /Users/abc/.m2/repository/io/nop/app/app-erp-cs-dao/1.0-SNAPSHOT/app-erp-cs-dao-1.0-SNAPSHOT-sources.jar
[INFO] 
[INFO] ---------------------< io.nop.app:app-erp-cs-meta >---------------------
[INFO] Building app-erp-cs-meta 1.0-SNAPSHOT                          [108/156]
[INFO]   from module-cs/erp-cs-meta/pom.xml
[INFO] --------------------------------[ jar ]---------------------------------
[INFO] 
[INFO] --- clean:3.4.0:clean (default-clean) @ app-erp-cs-meta ---
[INFO] Deleting /Users/abc/app/nop-app-erp/module-cs/erp-cs-meta/target
[INFO] 
[INFO] --- enforcer:3.0.0-M2:enforce (enforce-no-duplicate-dependencies) @ app-erp-cs-meta ---
[INFO] 
[INFO] --- jacoco:0.8.14:prepare-agent (default-prepare-agent) @ app-erp-cs-meta ---
[INFO] jacocoArgLine set to -javaagent:/Users/abc/.m2/repository/org/jacoco/org.jacoco.agent/0.8.14/org.jacoco.agent-0.8.14-runtime.jar=destfile=/Users/abc/app/nop-app-erp/module-cs/erp-cs-meta/target/jacoco.exec,excludes=**/_gen/**:**/_*.java:**/_*.xml:**/*Errors.*:**/*Configs.*:**/*Constants*:**/parse/antlr/**
[INFO] 
[INFO] --- exec:3.0.0:java (precompile) @ app-erp-cs-meta ---
SLF4J: Failed to load class "org.slf4j.impl.StaticLoggerBinder".
SLF4J: Defaulting to no-operation (NOP) logger implementation
SLF4J: See http://www.slf4j.org/codes.html#StaticLoggerBinder for further details.
projectDir=/Users/abc/app/nop-app-erp/module-cs/erp-cs-meta,dryRun=false,tplRoot=precompile
end
[INFO] 
[INFO] --- exec:3.0.0:java (precompile2) @ app-erp-cs-meta ---
SLF4J: Failed to load class "org.slf4j.impl.StaticLoggerBinder".
SLF4J: Defaulting to no-operation (NOP) logger implementation
SLF4J: See http://www.slf4j.org/codes.html#StaticLoggerBinder for further details.
nop.skip-codegen-when-tpl-dir-is-empty:/Users/abc/app/nop-app-erp/module-cs/erp-cs-meta/precompile2
[INFO] 
[INFO] --- resources:3.3.1:resources (default-resources) @ app-erp-cs-meta ---
[INFO] Copying 60 resources from src/main/resources to target/classes
[INFO] 
[INFO] --- compiler:3.11.0:compile (default-compile) @ app-erp-cs-meta ---
[INFO] No sources to compile
[INFO] 
[INFO] --- exec:3.0.0:java (aop) @ app-erp-cs-meta ---
SLF4J: Failed to load class "org.slf4j.impl.StaticLoggerBinder".
SLF4J: Defaulting to no-operation (NOP) logger implementation
SLF4J: See http://www.slf4j.org/codes.html#StaticLoggerBinder for further details.
nop.gen-aop-proxy
[INFO] 
[INFO] --- exec:3.0.0:java (postcompile) @ app-erp-cs-meta ---
SLF4J: Failed to load class "org.slf4j.impl.StaticLoggerBinder".
SLF4J: Defaulting to no-operation (NOP) logger implementation
SLF4J: See http://www.slf4j.org/codes.html#StaticLoggerBinder for further details.
projectDir=/Users/abc/app/nop-app-erp/module-cs/erp-cs-meta,dryRun=false,tplRoot=postcompile
end
[INFO] 
[INFO] --- resources:3.3.1:testResources (default-testResources) @ app-erp-cs-meta ---
[INFO] skip non existing resourceDirectory /Users/abc/app/nop-app-erp/module-cs/erp-cs-meta/src/test/resources
[INFO] 
[INFO] --- compiler:3.11.0:testCompile (default-testCompile) @ app-erp-cs-meta ---
[INFO] No sources to compile
[INFO] 
[INFO] --- surefire:3.2.2:test (default-test) @ app-erp-cs-meta ---
[INFO] Tests are skipped.
[INFO] 
[INFO] --- jar:3.3.0:jar (default-jar) @ app-erp-cs-meta ---
[INFO] Building jar: /Users/abc/app/nop-app-erp/module-cs/erp-cs-meta/target/app-erp-cs-meta-1.0-SNAPSHOT.jar
[INFO] 
[INFO] --- source:3.3.0:jar-no-fork (attach-sources) @ app-erp-cs-meta ---
[INFO] Building jar: /Users/abc/app/nop-app-erp/module-cs/erp-cs-meta/target/app-erp-cs-meta-1.0-SNAPSHOT-sources.jar
[INFO] 
[INFO] --- install:3.1.1:install (default-install) @ app-erp-cs-meta ---
[INFO] Installing /Users/abc/app/nop-app-erp/module-cs/erp-cs-meta/pom.xml to /Users/abc/.m2/repository/io/nop/app/app-erp-cs-meta/1.0-SNAPSHOT/app-erp-cs-meta-1.0-SNAPSHOT.pom
[INFO] Installing /Users/abc/app/nop-app-erp/module-cs/erp-cs-meta/target/app-erp-cs-meta-1.0-SNAPSHOT.jar to /Users/abc/.m2/repository/io/nop/app/app-erp-cs-meta/1.0-SNAPSHOT/app-erp-cs-meta-1.0-SNAPSHOT.jar
[INFO] Installing /Users/abc/app/nop-app-erp/module-cs/erp-cs-meta/target/app-erp-cs-meta-1.0-SNAPSHOT-sources.jar to /Users/abc/.m2/repository/io/nop/app/app-erp-cs-meta/1.0-SNAPSHOT/app-erp-cs-meta-1.0-SNAPSHOT-sources.jar
[INFO] 
[INFO] -------------------< io.nop.app:app-erp-cs-service >--------------------
[INFO] Building app-erp-cs-service 1.0-SNAPSHOT                       [109/156]
[INFO]   from module-cs/erp-cs-service/pom.xml
[INFO] --------------------------------[ jar ]---------------------------------
[INFO] 
[INFO] --- clean:3.4.0:clean (default-clean) @ app-erp-cs-service ---
[INFO] Deleting /Users/abc/app/nop-app-erp/module-cs/erp-cs-service/target
[INFO] 
[INFO] --- enforcer:3.0.0-M2:enforce (enforce-no-duplicate-dependencies) @ app-erp-cs-service ---
[INFO] 
[INFO] --- jacoco:0.8.14:prepare-agent (default-prepare-agent) @ app-erp-cs-service ---
[INFO] jacocoArgLine set to -javaagent:/Users/abc/.m2/repository/org/jacoco/org.jacoco.agent/0.8.14/org.jacoco.agent-0.8.14-runtime.jar=destfile=/Users/abc/app/nop-app-erp/module-cs/erp-cs-service/target/jacoco.exec,excludes=**/_gen/**:**/_*.java:**/_*.xml:**/*Errors.*:**/*Configs.*:**/*Constants*:**/parse/antlr/**
[INFO] 
[INFO] --- exec:3.0.0:java (precompile) @ app-erp-cs-service ---
SLF4J: Failed to load class "org.slf4j.impl.StaticLoggerBinder".
SLF4J: Defaulting to no-operation (NOP) logger implementation
SLF4J: See http://www.slf4j.org/codes.html#StaticLoggerBinder for further details.
nop.skip-codegen-when-tpl-dir-is-empty:/Users/abc/app/nop-app-erp/module-cs/erp-cs-service/precompile
[INFO] 
[INFO] --- exec:3.0.0:java (precompile2) @ app-erp-cs-service ---
SLF4J: Failed to load class "org.slf4j.impl.StaticLoggerBinder".
SLF4J: Defaulting to no-operation (NOP) logger implementation
SLF4J: See http://www.slf4j.org/codes.html#StaticLoggerBinder for further details.
nop.skip-codegen-when-tpl-dir-is-empty:/Users/abc/app/nop-app-erp/module-cs/erp-cs-service/precompile2
[INFO] 
[INFO] --- resources:3.3.1:resources (default-resources) @ app-erp-cs-service ---
[INFO] Copying 41 resources from src/main/resources to target/classes
[INFO] 
[INFO] --- compiler:3.11.0:compile (default-compile) @ app-erp-cs-service ---
[INFO] Changes detected - recompiling the module! :dependency
[INFO] Compiling 55 source files with javac [debug release 17] to target/classes
[INFO] 
[INFO] --- exec:3.0.0:java (aop) @ app-erp-cs-service ---
SLF4J: Failed to load class "org.slf4j.impl.StaticLoggerBinder".
SLF4J: Defaulting to no-operation (NOP) logger implementation
SLF4J: See http://www.slf4j.org/codes.html#StaticLoggerBinder for further details.
nop.gen-aop-proxy
[INFO] 
[INFO] --- exec:3.0.0:java (postcompile) @ app-erp-cs-service ---
SLF4J: Failed to load class "org.slf4j.impl.StaticLoggerBinder".
SLF4J: Defaulting to no-operation (NOP) logger implementation
SLF4J: See http://www.slf4j.org/codes.html#StaticLoggerBinder for further details.
nop.skip-codegen-when-tpl-dir-is-empty:/Users/abc/app/nop-app-erp/module-cs/erp-cs-service/postcompile
[INFO] 
[INFO] --- resources:3.3.1:testResources (default-testResources) @ app-erp-cs-service ---
[INFO] Copying 6 resources from src/test/resources to target/test-classes
[INFO] 
[INFO] --- compiler:3.11.0:testCompile (default-testCompile) @ app-erp-cs-service ---
[INFO] Changes detected - recompiling the module! :dependency
[INFO] Compiling 30 source files with javac [debug release 17] to target/test-classes
[INFO] 
[INFO] --- surefire:3.2.2:test (default-test) @ app-erp-cs-service ---
[INFO] Tests are skipped.
[INFO] 
[INFO] --- jar:3.3.0:jar (default-jar) @ app-erp-cs-service ---
[INFO] Building jar: /Users/abc/app/nop-app-erp/module-cs/erp-cs-service/target/app-erp-cs-service-1.0-SNAPSHOT.jar
[INFO] 
[INFO] --- source:3.3.0:jar-no-fork (attach-sources) @ app-erp-cs-service ---
[INFO] Building jar: /Users/abc/app/nop-app-erp/module-cs/erp-cs-service/target/app-erp-cs-service-1.0-SNAPSHOT-sources.jar
[INFO] 
[INFO] --- install:3.1.1:install (default-install) @ app-erp-cs-service ---
[INFO] Installing /Users/abc/app/nop-app-erp/module-cs/erp-cs-service/pom.xml to /Users/abc/.m2/repository/io/nop/app/app-erp-cs-service/1.0-SNAPSHOT/app-erp-cs-service-1.0-SNAPSHOT.pom
[INFO] Installing /Users/abc/app/nop-app-erp/module-cs/erp-cs-service/target/app-erp-cs-service-1.0-SNAPSHOT.jar to /Users/abc/.m2/repository/io/nop/app/app-erp-cs-service/1.0-SNAPSHOT/app-erp-cs-service-1.0-SNAPSHOT.jar
[INFO] Installing /Users/abc/app/nop-app-erp/module-cs/erp-cs-service/target/app-erp-cs-service-1.0-SNAPSHOT-sources.jar to /Users/abc/.m2/repository/io/nop/app/app-erp-cs-service/1.0-SNAPSHOT/app-erp-cs-service-1.0-SNAPSHOT-sources.jar
[INFO] 
[INFO] ---------------------< io.nop.app:app-erp-cs-web >----------------------
[INFO] Building app-erp-cs-web 1.0-SNAPSHOT                           [110/156]
[INFO]   from module-cs/erp-cs-web/pom.xml
[INFO] --------------------------------[ jar ]---------------------------------
[INFO] 
[INFO] --- clean:3.4.0:clean (default-clean) @ app-erp-cs-web ---
[INFO] Deleting /Users/abc/app/nop-app-erp/module-cs/erp-cs-web/target
[INFO] 
[INFO] --- enforcer:3.0.0-M2:enforce (enforce-no-duplicate-dependencies) @ app-erp-cs-web ---
[INFO] 
[INFO] --- jacoco:0.8.14:prepare-agent (default-prepare-agent) @ app-erp-cs-web ---
[INFO] jacocoArgLine set to -javaagent:/Users/abc/.m2/repository/org/jacoco/org.jacoco.agent/0.8.14/org.jacoco.agent-0.8.14-runtime.jar=destfile=/Users/abc/app/nop-app-erp/module-cs/erp-cs-web/target/jacoco.exec,excludes=**/_gen/**:**/_*.java:**/_*.xml:**/*Errors.*:**/*Configs.*:**/*Constants*:**/parse/antlr/**
[INFO] 
[INFO] --- exec:3.0.0:java (precompile) @ app-erp-cs-web ---
SLF4J: Failed to load class "org.slf4j.impl.StaticLoggerBinder".
SLF4J: Defaulting to no-operation (NOP) logger implementation
SLF4J: See http://www.slf4j.org/codes.html#StaticLoggerBinder for further details.
projectDir=/Users/abc/app/nop-app-erp/module-cs/erp-cs-web,dryRun=false,tplRoot=precompile
end
[INFO] 
[INFO] --- exec:3.0.0:java (precompile2) @ app-erp-cs-web ---
SLF4J: Failed to load class "org.slf4j.impl.StaticLoggerBinder".
SLF4J: Defaulting to no-operation (NOP) logger implementation
SLF4J: See http://www.slf4j.org/codes.html#StaticLoggerBinder for further details.
projectDir=/Users/abc/app/nop-app-erp/module-cs/erp-cs-web,dryRun=false,tplRoot=precompile2
end
[INFO] 
[INFO] --- resources:3.3.1:resources (default-resources) @ app-erp-cs-web ---
[INFO] Copying 104 resources from src/main/resources to target/classes
[INFO] 
[INFO] --- compiler:3.11.0:compile (default-compile) @ app-erp-cs-web ---
[INFO] No sources to compile
[INFO] 
[INFO] --- exec:3.0.0:java (aop) @ app-erp-cs-web ---
SLF4J: Failed to load class "org.slf4j.impl.StaticLoggerBinder".
SLF4J: Defaulting to no-operation (NOP) logger implementation
SLF4J: See http://www.slf4j.org/codes.html#StaticLoggerBinder for further details.
nop.gen-aop-proxy
[INFO] 
[INFO] --- exec:3.0.0:java (postcompile) @ app-erp-cs-web ---
SLF4J: Failed to load class "org.slf4j.impl.StaticLoggerBinder".
SLF4J: Defaulting to no-operation (NOP) logger implementation
SLF4J: See http://www.slf4j.org/codes.html#StaticLoggerBinder for further details.
nop.skip-codegen-when-tpl-dir-is-empty:/Users/abc/app/nop-app-erp/module-cs/erp-cs-web/postcompile
[INFO] 
[INFO] --- resources:3.3.1:testResources (default-testResources) @ app-erp-cs-web ---
[INFO] skip non existing resourceDirectory /Users/abc/app/nop-app-erp/module-cs/erp-cs-web/src/test/resources
[INFO] 
[INFO] --- compiler:3.11.0:testCompile (default-testCompile) @ app-erp-cs-web ---
[INFO] Changes detected - recompiling the module! :dependency
[INFO] Compiling 2 source files with javac [debug release 17] to target/test-classes
[INFO] 
[INFO] --- surefire:3.2.2:test (default-test) @ app-erp-cs-web ---
[INFO] Tests are skipped.
[INFO] 
[INFO] --- jar:3.3.0:jar (default-jar) @ app-erp-cs-web ---
[INFO] Building jar: /Users/abc/app/nop-app-erp/module-cs/erp-cs-web/target/app-erp-cs-web-1.0-SNAPSHOT.jar
[INFO] 
[INFO] --- source:3.3.0:jar-no-fork (attach-sources) @ app-erp-cs-web ---
[INFO] Building jar: /Users/abc/app/nop-app-erp/module-cs/erp-cs-web/target/app-erp-cs-web-1.0-SNAPSHOT-sources.jar
[INFO] 
[INFO] --- install:3.1.1:install (default-install) @ app-erp-cs-web ---
[INFO] Installing /Users/abc/app/nop-app-erp/module-cs/erp-cs-web/pom.xml to /Users/abc/.m2/repository/io/nop/app/app-erp-cs-web/1.0-SNAPSHOT/app-erp-cs-web-1.0-SNAPSHOT.pom
[INFO] Installing /Users/abc/app/nop-app-erp/module-cs/erp-cs-web/target/app-erp-cs-web-1.0-SNAPSHOT.jar to /Users/abc/.m2/repository/io/nop/app/app-erp-cs-web/1.0-SNAPSHOT/app-erp-cs-web-1.0-SNAPSHOT.jar
[INFO] Installing /Users/abc/app/nop-app-erp/module-cs/erp-cs-web/target/app-erp-cs-web-1.0-SNAPSHOT-sources.jar to /Users/abc/.m2/repository/io/nop/app/app-erp-cs-web/1.0-SNAPSHOT/app-erp-cs-web-1.0-SNAPSHOT-sources.jar
[INFO] 
[INFO] ---------------------< io.nop.app:app-erp-cs-app >----------------------
[INFO] Building app-erp-cs-app 1.0-SNAPSHOT                           [111/156]
[INFO]   from module-cs/erp-cs-app/pom.xml
[INFO] --------------------------------[ jar ]---------------------------------
[INFO] 
[INFO] --- clean:3.4.0:clean (default-clean) @ app-erp-cs-app ---
[INFO] Deleting /Users/abc/app/nop-app-erp/module-cs/erp-cs-app/target
[INFO] 
[INFO] --- enforcer:3.0.0-M2:enforce (enforce-no-duplicate-dependencies) @ app-erp-cs-app ---
[INFO] 
[INFO] --- jacoco:0.8.14:prepare-agent (default-prepare-agent) @ app-erp-cs-app ---
[INFO] jacocoArgLine set to -javaagent:/Users/abc/.m2/repository/org/jacoco/org.jacoco.agent/0.8.14/org.jacoco.agent-0.8.14-runtime.jar=destfile=/Users/abc/app/nop-app-erp/module-cs/erp-cs-app/target/jacoco.exec,excludes=**/_gen/**:**/_*.java:**/_*.xml:**/*Errors.*:**/*Configs.*:**/*Constants*:**/parse/antlr/**
[INFO] 
[INFO] --- exec:3.0.0:java (precompile) @ app-erp-cs-app ---
nop.skip-codegen-when-tpl-dir-is-empty:/Users/abc/app/nop-app-erp/module-cs/erp-cs-app/precompile
[INFO] 
[INFO] --- exec:3.0.0:java (precompile2) @ app-erp-cs-app ---
nop.skip-codegen-when-tpl-dir-is-empty:/Users/abc/app/nop-app-erp/module-cs/erp-cs-app/precompile2
[INFO] 
[INFO] --- resources:3.3.1:resources (default-resources) @ app-erp-cs-app ---
[INFO] Copying 7 resources from src/main/resources to target/classes
[INFO] 
[INFO] --- compiler:3.11.0:compile (default-compile) @ app-erp-cs-app ---
[INFO] Changes detected - recompiling the module! :dependency
[INFO] Compiling 1 source file with javac [debug release 17] to target/classes
[INFO] 
[INFO] --- exec:3.0.0:java (aop) @ app-erp-cs-app ---
nop.gen-aop-proxy
[INFO] 
[INFO] --- exec:3.0.0:java (postcompile) @ app-erp-cs-app ---
nop.skip-codegen-when-tpl-dir-is-empty:/Users/abc/app/nop-app-erp/module-cs/erp-cs-app/postcompile
[INFO] 
[INFO] --- resources:3.3.1:testResources (default-testResources) @ app-erp-cs-app ---
[INFO] skip non existing resourceDirectory /Users/abc/app/nop-app-erp/module-cs/erp-cs-app/src/test/resources
[INFO] 
[INFO] --- compiler:3.11.0:testCompile (default-testCompile) @ app-erp-cs-app ---
[INFO] No sources to compile
[INFO] 
[INFO] --- surefire:3.0.0-M5:test (default-test) @ app-erp-cs-app ---
[INFO] Tests are skipped.
[INFO] 
[INFO] --- jar:3.3.0:jar (default-jar) @ app-erp-cs-app ---
[INFO] Building jar: /Users/abc/app/nop-app-erp/module-cs/erp-cs-app/target/app-erp-cs-app-1.0-SNAPSHOT.jar
[INFO] 
[INFO] --- source:3.3.0:jar-no-fork (attach-sources) @ app-erp-cs-app ---
[INFO] Building jar: /Users/abc/app/nop-app-erp/module-cs/erp-cs-app/target/app-erp-cs-app-1.0-SNAPSHOT-sources.jar
[INFO] 
[INFO] --- quarkus:3.35.1:build (default) @ app-erp-cs-app ---
[WARNING] The Maven extensions for the Quarkus Maven plugin are not enabled for this build. We recommend enabling this, so that the plugin can verify essential build settings have been configured as required. Please enable by adding "<extensions>true</extensions>" in your quarkus-maven-plugin declaration; it should look like:

	<plugin>
		<groupId>${quarkus.platform.group-id}</groupId>
		<artifactId>quarkus-maven-plugin</artifactId>
		<version>${quarkus.platform.version}</version>
		<extensions>true</extensions> <!-- THIS ONE -->
		...

[WARNING] [io.quarkus.config] Unrecognized configuration key "quarkus.http.cors" was provided; it will be ignored; verify that the dependency extension for this configuration is set or that you did not make a typo
[WARNING] [io.quarkus.agroal.deployment.AgroalProcessor] The Agroal dependency is present but no JDBC datasources have been defined.
[INFO] [io.quarkus.deployment.QuarkusAugmentor] Quarkus augmentation completed in 1119ms
[INFO] 
[INFO] --- install:3.1.1:install (default-install) @ app-erp-cs-app ---
[INFO] Skipping artifact installation
[INFO] 
[INFO] -----------------------< io.nop.app:app-erp-hr >------------------------
[INFO] Building app-erp-hr 1.0-SNAPSHOT                               [112/156]
[INFO]   from module-hr/pom.xml
[INFO] --------------------------------[ pom ]---------------------------------
[INFO] 
[INFO] --- clean:3.4.0:clean (default-clean) @ app-erp-hr ---
[INFO] 
[INFO] --- enforcer:3.0.0-M2:enforce (enforce-no-duplicate-dependencies) @ app-erp-hr ---
[INFO] 
[INFO] --- jacoco:0.8.14:prepare-agent (default-prepare-agent) @ app-erp-hr ---
[INFO] jacocoArgLine set to -javaagent:/Users/abc/.m2/repository/org/jacoco/org.jacoco.agent/0.8.14/org.jacoco.agent-0.8.14-runtime.jar=destfile=/Users/abc/app/nop-app-erp/module-hr/target/jacoco.exec,excludes=**/_gen/**:**/_*.java:**/_*.xml:**/*Errors.*:**/*Configs.*:**/*Constants*:**/parse/antlr/**
[INFO] 
[INFO] --- source:3.3.0:jar-no-fork (attach-sources) @ app-erp-hr ---
[INFO] 
[INFO] --- install:3.1.1:install (default-install) @ app-erp-hr ---
[INFO] Installing /Users/abc/app/nop-app-erp/module-hr/pom.xml to /Users/abc/.m2/repository/io/nop/app/app-erp-hr/1.0-SNAPSHOT/app-erp-hr-1.0-SNAPSHOT.pom
[INFO] 
[INFO] -------------------< io.nop.app:app-erp-hr-codegen >--------------------
[INFO] Building app-erp-hr-codegen 1.0-SNAPSHOT                       [113/156]
[INFO]   from module-hr/erp-hr-codegen/pom.xml
[INFO] --------------------------------[ jar ]---------------------------------
[INFO] 
[INFO] --- clean:3.4.0:clean (default-clean) @ app-erp-hr-codegen ---
[INFO] Deleting /Users/abc/app/nop-app-erp/module-hr/erp-hr-codegen/target
[INFO] 
[INFO] --- enforcer:3.0.0-M2:enforce (enforce-no-duplicate-dependencies) @ app-erp-hr-codegen ---
[INFO] 
[INFO] --- jacoco:0.8.14:prepare-agent (default-prepare-agent) @ app-erp-hr-codegen ---
[INFO] jacocoArgLine set to -javaagent:/Users/abc/.m2/repository/org/jacoco/org.jacoco.agent/0.8.14/org.jacoco.agent-0.8.14-runtime.jar=destfile=/Users/abc/app/nop-app-erp/module-hr/erp-hr-codegen/target/jacoco.exec,excludes=**/_gen/**:**/_*.java:**/_*.xml:**/*Errors.*:**/*Configs.*:**/*Constants*:**/parse/antlr/**
[INFO] 
[INFO] --- exec:3.0.0:java (precompile) @ app-erp-hr-codegen ---
SLF4J: Failed to load class "org.slf4j.impl.StaticLoggerBinder".
SLF4J: Defaulting to no-operation (NOP) logger implementation
SLF4J: See http://www.slf4j.org/codes.html#StaticLoggerBinder for further details.
nop.skip-codegen-when-tpl-dir-is-empty:/Users/abc/app/nop-app-erp/module-hr/erp-hr-codegen/precompile
[INFO] 
[INFO] --- exec:3.0.0:java (precompile2) @ app-erp-hr-codegen ---
SLF4J: Failed to load class "org.slf4j.impl.StaticLoggerBinder".
SLF4J: Defaulting to no-operation (NOP) logger implementation
SLF4J: See http://www.slf4j.org/codes.html#StaticLoggerBinder for further details.
nop.skip-codegen-when-tpl-dir-is-empty:/Users/abc/app/nop-app-erp/module-hr/erp-hr-codegen/precompile2
[INFO] 
[INFO] --- resources:3.3.1:resources (default-resources) @ app-erp-hr-codegen ---
[INFO] skip non existing resourceDirectory /Users/abc/app/nop-app-erp/module-hr/erp-hr-codegen/src/main/resources
[INFO] 
[INFO] --- compiler:3.11.0:compile (default-compile) @ app-erp-hr-codegen ---
[INFO] No sources to compile
[INFO] 
[INFO] --- exec:3.0.0:java (aop) @ app-erp-hr-codegen ---
SLF4J: Failed to load class "org.slf4j.impl.StaticLoggerBinder".
SLF4J: Defaulting to no-operation (NOP) logger implementation
SLF4J: See http://www.slf4j.org/codes.html#StaticLoggerBinder for further details.
nop.gen-aop-proxy
[INFO] 
[INFO] --- exec:3.0.0:java (postcompile) @ app-erp-hr-codegen ---
SLF4J: Failed to load class "org.slf4j.impl.StaticLoggerBinder".
SLF4J: Defaulting to no-operation (NOP) logger implementation
SLF4J: See http://www.slf4j.org/codes.html#StaticLoggerBinder for further details.
projectDir=/Users/abc/app/nop-app-erp/module-hr/erp-hr-codegen,dryRun=false,tplRoot=postcompile
end
[INFO] 
[INFO] --- resources:3.3.1:testResources (default-testResources) @ app-erp-hr-codegen ---
[INFO] skip non existing resourceDirectory /Users/abc/app/nop-app-erp/module-hr/erp-hr-codegen/src/test/resources
[INFO] 
[INFO] --- compiler:3.11.0:testCompile (default-testCompile) @ app-erp-hr-codegen ---
[INFO] Changes detected - recompiling the module! :source
[INFO] Compiling 1 source file with javac [debug release 17] to target/test-classes
[INFO] 
[INFO] --- surefire:3.2.2:test (default-test) @ app-erp-hr-codegen ---
[INFO] Tests are skipped.
[INFO] 
[INFO] --- jar:3.3.0:jar (default-jar) @ app-erp-hr-codegen ---
[WARNING] JAR will be empty - no content was marked for inclusion!
[INFO] Building jar: /Users/abc/app/nop-app-erp/module-hr/erp-hr-codegen/target/app-erp-hr-codegen-1.0-SNAPSHOT.jar
[INFO] 
[INFO] --- source:3.3.0:jar-no-fork (attach-sources) @ app-erp-hr-codegen ---
[INFO] No sources in project. Archive not created.
[INFO] 
[INFO] --- install:3.1.1:install (default-install) @ app-erp-hr-codegen ---
[INFO] Installing /Users/abc/app/nop-app-erp/module-hr/erp-hr-codegen/pom.xml to /Users/abc/.m2/repository/io/nop/app/app-erp-hr-codegen/1.0-SNAPSHOT/app-erp-hr-codegen-1.0-SNAPSHOT.pom
[INFO] Installing /Users/abc/app/nop-app-erp/module-hr/erp-hr-codegen/target/app-erp-hr-codegen-1.0-SNAPSHOT.jar to /Users/abc/.m2/repository/io/nop/app/app-erp-hr-codegen/1.0-SNAPSHOT/app-erp-hr-codegen-1.0-SNAPSHOT.jar
[INFO] 
[INFO] ---------------------< io.nop.app:app-erp-hr-api >----------------------
[INFO] Building app-erp-hr-api 1.0-SNAPSHOT                           [114/156]
[INFO]   from module-hr/erp-hr-api/pom.xml
[INFO] --------------------------------[ jar ]---------------------------------
[INFO] 
[INFO] --- clean:3.2.0:clean (default-clean) @ app-erp-hr-api ---
[INFO] Deleting /Users/abc/app/nop-app-erp/module-hr/erp-hr-api/target
[INFO] 
[INFO] --- resources:3.3.1:resources (default-resources) @ app-erp-hr-api ---
[INFO] skip non existing resourceDirectory /Users/abc/app/nop-app-erp/module-hr/erp-hr-api/src/main/resources
[INFO] 
[INFO] --- compiler:3.13.0:compile (default-compile) @ app-erp-hr-api ---
[INFO] Recompiling the module because of changed source code.
[INFO] Compiling 108 source files with javac [debug release 11] to target/classes
[INFO] 
[INFO] --- resources:3.3.1:testResources (default-testResources) @ app-erp-hr-api ---
[INFO] skip non existing resourceDirectory /Users/abc/app/nop-app-erp/module-hr/erp-hr-api/src/test/resources
[INFO] 
[INFO] --- compiler:3.13.0:testCompile (default-testCompile) @ app-erp-hr-api ---
[INFO] No sources to compile
[INFO] 
[INFO] --- surefire:3.2.5:test (default-test) @ app-erp-hr-api ---
[INFO] Tests are skipped.
[INFO] 
[INFO] --- jar:3.4.1:jar (default-jar) @ app-erp-hr-api ---
[INFO] Building jar: /Users/abc/app/nop-app-erp/module-hr/erp-hr-api/target/app-erp-hr-api-1.0-SNAPSHOT.jar
[INFO] 
[INFO] --- install:3.1.2:install (default-install) @ app-erp-hr-api ---
[INFO] Installing /Users/abc/app/nop-app-erp/module-hr/erp-hr-api/pom.xml to /Users/abc/.m2/repository/io/nop/app/app-erp-hr-api/1.0-SNAPSHOT/app-erp-hr-api-1.0-SNAPSHOT.pom
[INFO] Installing /Users/abc/app/nop-app-erp/module-hr/erp-hr-api/target/app-erp-hr-api-1.0-SNAPSHOT.jar to /Users/abc/.m2/repository/io/nop/app/app-erp-hr-api/1.0-SNAPSHOT/app-erp-hr-api-1.0-SNAPSHOT.jar
[INFO] 
[INFO] ---------------------< io.nop.app:app-erp-hr-dao >----------------------
[INFO] Building app-erp-hr-dao 1.0-SNAPSHOT                           [115/156]
[INFO]   from module-hr/erp-hr-dao/pom.xml
[INFO] --------------------------------[ jar ]---------------------------------
[INFO] 
[INFO] --- clean:3.4.0:clean (default-clean) @ app-erp-hr-dao ---
[INFO] Deleting /Users/abc/app/nop-app-erp/module-hr/erp-hr-dao/target
[INFO] 
[INFO] --- enforcer:3.0.0-M2:enforce (enforce-no-duplicate-dependencies) @ app-erp-hr-dao ---
[INFO] 
[INFO] --- jacoco:0.8.14:prepare-agent (default-prepare-agent) @ app-erp-hr-dao ---
[INFO] jacocoArgLine set to -javaagent:/Users/abc/.m2/repository/org/jacoco/org.jacoco.agent/0.8.14/org.jacoco.agent-0.8.14-runtime.jar=destfile=/Users/abc/app/nop-app-erp/module-hr/erp-hr-dao/target/jacoco.exec,excludes=**/_gen/**:**/_*.java:**/_*.xml:**/*Errors.*:**/*Configs.*:**/*Constants*:**/parse/antlr/**
[INFO] 
[INFO] --- resources:3.3.1:resources (default-resources) @ app-erp-hr-dao ---
[INFO] Copying 4 resources from src/main/resources to target/classes
[INFO] 
[INFO] --- compiler:3.11.0:compile (default-compile) @ app-erp-hr-dao ---
[INFO] Changes detected - recompiling the module! :dependency
[INFO] Compiling 110 source files with javac [debug release 17] to target/classes
[INFO] 
[INFO] --- resources:3.3.1:testResources (default-testResources) @ app-erp-hr-dao ---
[INFO] skip non existing resourceDirectory /Users/abc/app/nop-app-erp/module-hr/erp-hr-dao/src/test/resources
[INFO] 
[INFO] --- compiler:3.11.0:testCompile (default-testCompile) @ app-erp-hr-dao ---
[INFO] No sources to compile
[INFO] 
[INFO] --- surefire:3.2.2:test (default-test) @ app-erp-hr-dao ---
[INFO] Tests are skipped.
[INFO] 
[INFO] --- jar:3.3.0:jar (default-jar) @ app-erp-hr-dao ---
[INFO] Building jar: /Users/abc/app/nop-app-erp/module-hr/erp-hr-dao/target/app-erp-hr-dao-1.0-SNAPSHOT.jar
[INFO] 
[INFO] --- source:3.3.0:jar-no-fork (attach-sources) @ app-erp-hr-dao ---
[INFO] Building jar: /Users/abc/app/nop-app-erp/module-hr/erp-hr-dao/target/app-erp-hr-dao-1.0-SNAPSHOT-sources.jar
[INFO] 
[INFO] --- install:3.1.1:install (default-install) @ app-erp-hr-dao ---
[INFO] Installing /Users/abc/app/nop-app-erp/module-hr/erp-hr-dao/pom.xml to /Users/abc/.m2/repository/io/nop/app/app-erp-hr-dao/1.0-SNAPSHOT/app-erp-hr-dao-1.0-SNAPSHOT.pom
[INFO] Installing /Users/abc/app/nop-app-erp/module-hr/erp-hr-dao/target/app-erp-hr-dao-1.0-SNAPSHOT.jar to /Users/abc/.m2/repository/io/nop/app/app-erp-hr-dao/1.0-SNAPSHOT/app-erp-hr-dao-1.0-SNAPSHOT.jar
[INFO] Installing /Users/abc/app/nop-app-erp/module-hr/erp-hr-dao/target/app-erp-hr-dao-1.0-SNAPSHOT-sources.jar to /Users/abc/.m2/repository/io/nop/app/app-erp-hr-dao/1.0-SNAPSHOT/app-erp-hr-dao-1.0-SNAPSHOT-sources.jar
[INFO] 
[INFO] ---------------------< io.nop.app:app-erp-hr-meta >---------------------
[INFO] Building app-erp-hr-meta 1.0-SNAPSHOT                          [116/156]
[INFO]   from module-hr/erp-hr-meta/pom.xml
[INFO] --------------------------------[ jar ]---------------------------------
[INFO] 
[INFO] --- clean:3.4.0:clean (default-clean) @ app-erp-hr-meta ---
[INFO] Deleting /Users/abc/app/nop-app-erp/module-hr/erp-hr-meta/target
[INFO] 
[INFO] --- enforcer:3.0.0-M2:enforce (enforce-no-duplicate-dependencies) @ app-erp-hr-meta ---
[INFO] 
[INFO] --- jacoco:0.8.14:prepare-agent (default-prepare-agent) @ app-erp-hr-meta ---
[INFO] jacocoArgLine set to -javaagent:/Users/abc/.m2/repository/org/jacoco/org.jacoco.agent/0.8.14/org.jacoco.agent-0.8.14-runtime.jar=destfile=/Users/abc/app/nop-app-erp/module-hr/erp-hr-meta/target/jacoco.exec,excludes=**/_gen/**:**/_*.java:**/_*.xml:**/*Errors.*:**/*Configs.*:**/*Constants*:**/parse/antlr/**
[INFO] 
[INFO] --- exec:3.0.0:java (precompile) @ app-erp-hr-meta ---
SLF4J: Failed to load class "org.slf4j.impl.StaticLoggerBinder".
SLF4J: Defaulting to no-operation (NOP) logger implementation
SLF4J: See http://www.slf4j.org/codes.html#StaticLoggerBinder for further details.
projectDir=/Users/abc/app/nop-app-erp/module-hr/erp-hr-meta,dryRun=false,tplRoot=precompile
end
[INFO] 
[INFO] --- exec:3.0.0:java (precompile2) @ app-erp-hr-meta ---
SLF4J: Failed to load class "org.slf4j.impl.StaticLoggerBinder".
SLF4J: Defaulting to no-operation (NOP) logger implementation
SLF4J: See http://www.slf4j.org/codes.html#StaticLoggerBinder for further details.
nop.skip-codegen-when-tpl-dir-is-empty:/Users/abc/app/nop-app-erp/module-hr/erp-hr-meta/precompile2
[INFO] 
[INFO] --- resources:3.3.1:resources (default-resources) @ app-erp-hr-meta ---
[INFO] Copying 117 resources from src/main/resources to target/classes
[INFO] 
[INFO] --- compiler:3.11.0:compile (default-compile) @ app-erp-hr-meta ---
[INFO] No sources to compile
[INFO] 
[INFO] --- exec:3.0.0:java (aop) @ app-erp-hr-meta ---
SLF4J: Failed to load class "org.slf4j.impl.StaticLoggerBinder".
SLF4J: Defaulting to no-operation (NOP) logger implementation
SLF4J: See http://www.slf4j.org/codes.html#StaticLoggerBinder for further details.
nop.gen-aop-proxy
[INFO] 
[INFO] --- exec:3.0.0:java (postcompile) @ app-erp-hr-meta ---
SLF4J: Failed to load class "org.slf4j.impl.StaticLoggerBinder".
SLF4J: Defaulting to no-operation (NOP) logger implementation
SLF4J: See http://www.slf4j.org/codes.html#StaticLoggerBinder for further details.
projectDir=/Users/abc/app/nop-app-erp/module-hr/erp-hr-meta,dryRun=false,tplRoot=postcompile
end
[INFO] 
[INFO] --- resources:3.3.1:testResources (default-testResources) @ app-erp-hr-meta ---
[INFO] skip non existing resourceDirectory /Users/abc/app/nop-app-erp/module-hr/erp-hr-meta/src/test/resources
[INFO] 
[INFO] --- compiler:3.11.0:testCompile (default-testCompile) @ app-erp-hr-meta ---
[INFO] No sources to compile
[INFO] 
[INFO] --- surefire:3.2.2:test (default-test) @ app-erp-hr-meta ---
[INFO] Tests are skipped.
[INFO] 
[INFO] --- jar:3.3.0:jar (default-jar) @ app-erp-hr-meta ---
[INFO] Building jar: /Users/abc/app/nop-app-erp/module-hr/erp-hr-meta/target/app-erp-hr-meta-1.0-SNAPSHOT.jar
[INFO] 
[INFO] --- source:3.3.0:jar-no-fork (attach-sources) @ app-erp-hr-meta ---
[INFO] Building jar: /Users/abc/app/nop-app-erp/module-hr/erp-hr-meta/target/app-erp-hr-meta-1.0-SNAPSHOT-sources.jar
[INFO] 
[INFO] --- install:3.1.1:install (default-install) @ app-erp-hr-meta ---
[INFO] Installing /Users/abc/app/nop-app-erp/module-hr/erp-hr-meta/pom.xml to /Users/abc/.m2/repository/io/nop/app/app-erp-hr-meta/1.0-SNAPSHOT/app-erp-hr-meta-1.0-SNAPSHOT.pom
[INFO] Installing /Users/abc/app/nop-app-erp/module-hr/erp-hr-meta/target/app-erp-hr-meta-1.0-SNAPSHOT.jar to /Users/abc/.m2/repository/io/nop/app/app-erp-hr-meta/1.0-SNAPSHOT/app-erp-hr-meta-1.0-SNAPSHOT.jar
[INFO] Installing /Users/abc/app/nop-app-erp/module-hr/erp-hr-meta/target/app-erp-hr-meta-1.0-SNAPSHOT-sources.jar to /Users/abc/.m2/repository/io/nop/app/app-erp-hr-meta/1.0-SNAPSHOT/app-erp-hr-meta-1.0-SNAPSHOT-sources.jar
[INFO] 
[INFO] -------------------< io.nop.app:app-erp-hr-service >--------------------
[INFO] Building app-erp-hr-service 1.0-SNAPSHOT                       [117/156]
[INFO]   from module-hr/erp-hr-service/pom.xml
[INFO] --------------------------------[ jar ]---------------------------------
[INFO] 
[INFO] --- clean:3.4.0:clean (default-clean) @ app-erp-hr-service ---
[INFO] Deleting /Users/abc/app/nop-app-erp/module-hr/erp-hr-service/target
[INFO] 
[INFO] --- enforcer:3.0.0-M2:enforce (enforce-no-duplicate-dependencies) @ app-erp-hr-service ---
[INFO] 
[INFO] --- jacoco:0.8.14:prepare-agent (default-prepare-agent) @ app-erp-hr-service ---
[INFO] jacocoArgLine set to -javaagent:/Users/abc/.m2/repository/org/jacoco/org.jacoco.agent/0.8.14/org.jacoco.agent-0.8.14-runtime.jar=destfile=/Users/abc/app/nop-app-erp/module-hr/erp-hr-service/target/jacoco.exec,excludes=**/_gen/**:**/_*.java:**/_*.xml:**/*Errors.*:**/*Configs.*:**/*Constants*:**/parse/antlr/**
[INFO] 
[INFO] --- exec:3.0.0:java (precompile) @ app-erp-hr-service ---
SLF4J: Failed to load class "org.slf4j.impl.StaticLoggerBinder".
SLF4J: Defaulting to no-operation (NOP) logger implementation
SLF4J: See http://www.slf4j.org/codes.html#StaticLoggerBinder for further details.
nop.skip-codegen-when-tpl-dir-is-empty:/Users/abc/app/nop-app-erp/module-hr/erp-hr-service/precompile
[INFO] 
[INFO] --- exec:3.0.0:java (precompile2) @ app-erp-hr-service ---
SLF4J: Failed to load class "org.slf4j.impl.StaticLoggerBinder".
SLF4J: Defaulting to no-operation (NOP) logger implementation
SLF4J: See http://www.slf4j.org/codes.html#StaticLoggerBinder for further details.
nop.skip-codegen-when-tpl-dir-is-empty:/Users/abc/app/nop-app-erp/module-hr/erp-hr-service/precompile2
[INFO] 
[INFO] --- resources:3.3.1:resources (default-resources) @ app-erp-hr-service ---
[INFO] Copying 79 resources from src/main/resources to target/classes
[INFO] 
[INFO] --- compiler:3.11.0:compile (default-compile) @ app-erp-hr-service ---
[INFO] Changes detected - recompiling the module! :dependency
[INFO] Compiling 100 source files with javac [debug release 17] to target/classes
[INFO] /Users/abc/app/nop-app-erp/module-hr/erp-hr-service/src/main/java/app/erp/hr/service/entity/ErpHrTimesheetLineBizModel.java: /Users/abc/app/nop-app-erp/module-hr/erp-hr-service/src/main/java/app/erp/hr/service/entity/ErpHrTimesheetLineBizModel.java使用或覆盖了已过时的 API。
[INFO] /Users/abc/app/nop-app-erp/module-hr/erp-hr-service/src/main/java/app/erp/hr/service/entity/ErpHrTimesheetLineBizModel.java: 有关详细信息, 请使用 -Xlint:deprecation 重新编译。
[INFO] 
[INFO] --- exec:3.0.0:java (aop) @ app-erp-hr-service ---
SLF4J: Failed to load class "org.slf4j.impl.StaticLoggerBinder".
SLF4J: Defaulting to no-operation (NOP) logger implementation
SLF4J: See http://www.slf4j.org/codes.html#StaticLoggerBinder for further details.
nop.gen-aop-proxy
[INFO] 
[INFO] --- exec:3.0.0:java (postcompile) @ app-erp-hr-service ---
SLF4J: Failed to load class "org.slf4j.impl.StaticLoggerBinder".
SLF4J: Defaulting to no-operation (NOP) logger implementation
SLF4J: See http://www.slf4j.org/codes.html#StaticLoggerBinder for further details.
nop.skip-codegen-when-tpl-dir-is-empty:/Users/abc/app/nop-app-erp/module-hr/erp-hr-service/postcompile
[INFO] 
[INFO] --- resources:3.3.1:testResources (default-testResources) @ app-erp-hr-service ---
[INFO] Copying 3 resources from src/test/resources to target/test-classes
[INFO] 
[INFO] --- compiler:3.11.0:testCompile (default-testCompile) @ app-erp-hr-service ---
[INFO] Changes detected - recompiling the module! :dependency
[INFO] Compiling 36 source files with javac [debug release 17] to target/test-classes
[INFO] /Users/abc/app/nop-app-erp/module-hr/erp-hr-service/src/test/java/app/erp/hr/service/TestErpHrSurveyLifecycle.java: 某些输入文件使用了未经检查或不安全的操作。
[INFO] /Users/abc/app/nop-app-erp/module-hr/erp-hr-service/src/test/java/app/erp/hr/service/TestErpHrSurveyLifecycle.java: 有关详细信息, 请使用 -Xlint:unchecked 重新编译。
[INFO] 
[INFO] --- surefire:3.2.2:test (default-test) @ app-erp-hr-service ---
[INFO] Tests are skipped.
[INFO] 
[INFO] --- jar:3.3.0:jar (default-jar) @ app-erp-hr-service ---
[INFO] Building jar: /Users/abc/app/nop-app-erp/module-hr/erp-hr-service/target/app-erp-hr-service-1.0-SNAPSHOT.jar
[INFO] 
[INFO] --- source:3.3.0:jar-no-fork (attach-sources) @ app-erp-hr-service ---
[INFO] Building jar: /Users/abc/app/nop-app-erp/module-hr/erp-hr-service/target/app-erp-hr-service-1.0-SNAPSHOT-sources.jar
[INFO] 
[INFO] --- install:3.1.1:install (default-install) @ app-erp-hr-service ---
[INFO] Installing /Users/abc/app/nop-app-erp/module-hr/erp-hr-service/pom.xml to /Users/abc/.m2/repository/io/nop/app/app-erp-hr-service/1.0-SNAPSHOT/app-erp-hr-service-1.0-SNAPSHOT.pom
[INFO] Installing /Users/abc/app/nop-app-erp/module-hr/erp-hr-service/target/app-erp-hr-service-1.0-SNAPSHOT.jar to /Users/abc/.m2/repository/io/nop/app/app-erp-hr-service/1.0-SNAPSHOT/app-erp-hr-service-1.0-SNAPSHOT.jar
[INFO] Installing /Users/abc/app/nop-app-erp/module-hr/erp-hr-service/target/app-erp-hr-service-1.0-SNAPSHOT-sources.jar to /Users/abc/.m2/repository/io/nop/app/app-erp-hr-service/1.0-SNAPSHOT/app-erp-hr-service-1.0-SNAPSHOT-sources.jar
[INFO] 
[INFO] ---------------------< io.nop.app:app-erp-hr-web >----------------------
[INFO] Building app-erp-hr-web 1.0-SNAPSHOT                           [118/156]
[INFO]   from module-hr/erp-hr-web/pom.xml
[INFO] --------------------------------[ jar ]---------------------------------
[INFO] 
[INFO] --- clean:3.4.0:clean (default-clean) @ app-erp-hr-web ---
[INFO] Deleting /Users/abc/app/nop-app-erp/module-hr/erp-hr-web/target
[INFO] 
[INFO] --- enforcer:3.0.0-M2:enforce (enforce-no-duplicate-dependencies) @ app-erp-hr-web ---
[INFO] 
[INFO] --- jacoco:0.8.14:prepare-agent (default-prepare-agent) @ app-erp-hr-web ---
[INFO] jacocoArgLine set to -javaagent:/Users/abc/.m2/repository/org/jacoco/org.jacoco.agent/0.8.14/org.jacoco.agent-0.8.14-runtime.jar=destfile=/Users/abc/app/nop-app-erp/module-hr/erp-hr-web/target/jacoco.exec,excludes=**/_gen/**:**/_*.java:**/_*.xml:**/*Errors.*:**/*Configs.*:**/*Constants*:**/parse/antlr/**
[INFO] 
[INFO] --- exec:3.0.0:java (precompile) @ app-erp-hr-web ---
SLF4J: Failed to load class "org.slf4j.impl.StaticLoggerBinder".
SLF4J: Defaulting to no-operation (NOP) logger implementation
SLF4J: See http://www.slf4j.org/codes.html#StaticLoggerBinder for further details.
projectDir=/Users/abc/app/nop-app-erp/module-hr/erp-hr-web,dryRun=false,tplRoot=precompile
end
[INFO] 
[INFO] --- exec:3.0.0:java (precompile2) @ app-erp-hr-web ---
SLF4J: Failed to load class "org.slf4j.impl.StaticLoggerBinder".
SLF4J: Defaulting to no-operation (NOP) logger implementation
SLF4J: See http://www.slf4j.org/codes.html#StaticLoggerBinder for further details.
projectDir=/Users/abc/app/nop-app-erp/module-hr/erp-hr-web,dryRun=false,tplRoot=precompile2
end
[INFO] 
[INFO] --- resources:3.3.1:resources (default-resources) @ app-erp-hr-web ---
[INFO] Copying 196 resources from src/main/resources to target/classes
[INFO] 
[INFO] --- compiler:3.11.0:compile (default-compile) @ app-erp-hr-web ---
[INFO] No sources to compile
[INFO] 
[INFO] --- exec:3.0.0:java (aop) @ app-erp-hr-web ---
SLF4J: Failed to load class "org.slf4j.impl.StaticLoggerBinder".
SLF4J: Defaulting to no-operation (NOP) logger implementation
SLF4J: See http://www.slf4j.org/codes.html#StaticLoggerBinder for further details.
nop.gen-aop-proxy
[INFO] 
[INFO] --- exec:3.0.0:java (postcompile) @ app-erp-hr-web ---
SLF4J: Failed to load class "org.slf4j.impl.StaticLoggerBinder".
SLF4J: Defaulting to no-operation (NOP) logger implementation
SLF4J: See http://www.slf4j.org/codes.html#StaticLoggerBinder for further details.
nop.skip-codegen-when-tpl-dir-is-empty:/Users/abc/app/nop-app-erp/module-hr/erp-hr-web/postcompile
[INFO] 
[INFO] --- resources:3.3.1:testResources (default-testResources) @ app-erp-hr-web ---
[INFO] skip non existing resourceDirectory /Users/abc/app/nop-app-erp/module-hr/erp-hr-web/src/test/resources
[INFO] 
[INFO] --- compiler:3.11.0:testCompile (default-testCompile) @ app-erp-hr-web ---
[INFO] Changes detected - recompiling the module! :dependency
[INFO] Compiling 2 source files with javac [debug release 17] to target/test-classes
[INFO] 
[INFO] --- surefire:3.2.2:test (default-test) @ app-erp-hr-web ---
[INFO] Tests are skipped.
[INFO] 
[INFO] --- jar:3.3.0:jar (default-jar) @ app-erp-hr-web ---
[INFO] Building jar: /Users/abc/app/nop-app-erp/module-hr/erp-hr-web/target/app-erp-hr-web-1.0-SNAPSHOT.jar
[INFO] 
[INFO] --- source:3.3.0:jar-no-fork (attach-sources) @ app-erp-hr-web ---
[INFO] Building jar: /Users/abc/app/nop-app-erp/module-hr/erp-hr-web/target/app-erp-hr-web-1.0-SNAPSHOT-sources.jar
[INFO] 
[INFO] --- install:3.1.1:install (default-install) @ app-erp-hr-web ---
[INFO] Installing /Users/abc/app/nop-app-erp/module-hr/erp-hr-web/pom.xml to /Users/abc/.m2/repository/io/nop/app/app-erp-hr-web/1.0-SNAPSHOT/app-erp-hr-web-1.0-SNAPSHOT.pom
[INFO] Installing /Users/abc/app/nop-app-erp/module-hr/erp-hr-web/target/app-erp-hr-web-1.0-SNAPSHOT.jar to /Users/abc/.m2/repository/io/nop/app/app-erp-hr-web/1.0-SNAPSHOT/app-erp-hr-web-1.0-SNAPSHOT.jar
[INFO] Installing /Users/abc/app/nop-app-erp/module-hr/erp-hr-web/target/app-erp-hr-web-1.0-SNAPSHOT-sources.jar to /Users/abc/.m2/repository/io/nop/app/app-erp-hr-web/1.0-SNAPSHOT/app-erp-hr-web-1.0-SNAPSHOT-sources.jar
[INFO] 
[INFO] ---------------------< io.nop.app:app-erp-hr-app >----------------------
[INFO] Building app-erp-hr-app 1.0-SNAPSHOT                           [119/156]
[INFO]   from module-hr/erp-hr-app/pom.xml
[INFO] --------------------------------[ jar ]---------------------------------
[INFO] 
[INFO] --- clean:3.4.0:clean (default-clean) @ app-erp-hr-app ---
[INFO] Deleting /Users/abc/app/nop-app-erp/module-hr/erp-hr-app/target
[INFO] 
[INFO] --- enforcer:3.0.0-M2:enforce (enforce-no-duplicate-dependencies) @ app-erp-hr-app ---
[INFO] 
[INFO] --- jacoco:0.8.14:prepare-agent (default-prepare-agent) @ app-erp-hr-app ---
[INFO] jacocoArgLine set to -javaagent:/Users/abc/.m2/repository/org/jacoco/org.jacoco.agent/0.8.14/org.jacoco.agent-0.8.14-runtime.jar=destfile=/Users/abc/app/nop-app-erp/module-hr/erp-hr-app/target/jacoco.exec,excludes=**/_gen/**:**/_*.java:**/_*.xml:**/*Errors.*:**/*Configs.*:**/*Constants*:**/parse/antlr/**
[INFO] 
[INFO] --- exec:3.0.0:java (precompile) @ app-erp-hr-app ---
nop.skip-codegen-when-tpl-dir-is-empty:/Users/abc/app/nop-app-erp/module-hr/erp-hr-app/precompile
[INFO] 
[INFO] --- exec:3.0.0:java (precompile2) @ app-erp-hr-app ---
nop.skip-codegen-when-tpl-dir-is-empty:/Users/abc/app/nop-app-erp/module-hr/erp-hr-app/precompile2
[INFO] 
[INFO] --- resources:3.3.1:resources (default-resources) @ app-erp-hr-app ---
[INFO] Copying 7 resources from src/main/resources to target/classes
[INFO] 
[INFO] --- compiler:3.11.0:compile (default-compile) @ app-erp-hr-app ---
[INFO] Changes detected - recompiling the module! :dependency
[INFO] Compiling 1 source file with javac [debug release 17] to target/classes
[INFO] 
[INFO] --- exec:3.0.0:java (aop) @ app-erp-hr-app ---
nop.gen-aop-proxy
[INFO] 
[INFO] --- exec:3.0.0:java (postcompile) @ app-erp-hr-app ---
nop.skip-codegen-when-tpl-dir-is-empty:/Users/abc/app/nop-app-erp/module-hr/erp-hr-app/postcompile
[INFO] 
[INFO] --- resources:3.3.1:testResources (default-testResources) @ app-erp-hr-app ---
[INFO] skip non existing resourceDirectory /Users/abc/app/nop-app-erp/module-hr/erp-hr-app/src/test/resources
[INFO] 
[INFO] --- compiler:3.11.0:testCompile (default-testCompile) @ app-erp-hr-app ---
[INFO] No sources to compile
[INFO] 
[INFO] --- surefire:3.0.0-M5:test (default-test) @ app-erp-hr-app ---
[INFO] Tests are skipped.
[INFO] 
[INFO] --- jar:3.3.0:jar (default-jar) @ app-erp-hr-app ---
[INFO] Building jar: /Users/abc/app/nop-app-erp/module-hr/erp-hr-app/target/app-erp-hr-app-1.0-SNAPSHOT.jar
[INFO] 
[INFO] --- source:3.3.0:jar-no-fork (attach-sources) @ app-erp-hr-app ---
[INFO] Building jar: /Users/abc/app/nop-app-erp/module-hr/erp-hr-app/target/app-erp-hr-app-1.0-SNAPSHOT-sources.jar
[INFO] 
[INFO] --- quarkus:3.35.1:build (default) @ app-erp-hr-app ---
[WARNING] The Maven extensions for the Quarkus Maven plugin are not enabled for this build. We recommend enabling this, so that the plugin can verify essential build settings have been configured as required. Please enable by adding "<extensions>true</extensions>" in your quarkus-maven-plugin declaration; it should look like:

	<plugin>
		<groupId>${quarkus.platform.group-id}</groupId>
		<artifactId>quarkus-maven-plugin</artifactId>
		<version>${quarkus.platform.version}</version>
		<extensions>true</extensions> <!-- THIS ONE -->
		...

[WARNING] [io.quarkus.config] Unrecognized configuration key "quarkus.http.cors" was provided; it will be ignored; verify that the dependency extension for this configuration is set or that you did not make a typo
[WARNING] [io.quarkus.agroal.deployment.AgroalProcessor] The Agroal dependency is present but no JDBC datasources have been defined.
[INFO] [io.quarkus.deployment.QuarkusAugmentor] Quarkus augmentation completed in 1205ms
[INFO] 
[INFO] --- install:3.1.1:install (default-install) @ app-erp-hr-app ---
[INFO] Skipping artifact installation
[INFO] 
[INFO] -----------------------< io.nop.app:app-erp-aps >-----------------------
[INFO] Building app-erp-aps 1.0-SNAPSHOT                              [120/156]
[INFO]   from module-aps/pom.xml
[INFO] --------------------------------[ pom ]---------------------------------
[INFO] 
[INFO] --- clean:3.4.0:clean (default-clean) @ app-erp-aps ---
[INFO] 
[INFO] --- enforcer:3.0.0-M2:enforce (enforce-no-duplicate-dependencies) @ app-erp-aps ---
[INFO] 
[INFO] --- jacoco:0.8.14:prepare-agent (default-prepare-agent) @ app-erp-aps ---
[INFO] jacocoArgLine set to -javaagent:/Users/abc/.m2/repository/org/jacoco/org.jacoco.agent/0.8.14/org.jacoco.agent-0.8.14-runtime.jar=destfile=/Users/abc/app/nop-app-erp/module-aps/target/jacoco.exec,excludes=**/_gen/**:**/_*.java:**/_*.xml:**/*Errors.*:**/*Configs.*:**/*Constants*:**/parse/antlr/**
[INFO] 
[INFO] --- source:3.3.0:jar-no-fork (attach-sources) @ app-erp-aps ---
[INFO] 
[INFO] --- install:3.1.1:install (default-install) @ app-erp-aps ---
[INFO] Installing /Users/abc/app/nop-app-erp/module-aps/pom.xml to /Users/abc/.m2/repository/io/nop/app/app-erp-aps/1.0-SNAPSHOT/app-erp-aps-1.0-SNAPSHOT.pom
[INFO] 
[INFO] -------------------< io.nop.app:app-erp-aps-codegen >-------------------
[INFO] Building app-erp-aps-codegen 1.0-SNAPSHOT                      [121/156]
[INFO]   from module-aps/erp-aps-codegen/pom.xml
[INFO] --------------------------------[ jar ]---------------------------------
[INFO] 
[INFO] --- clean:3.4.0:clean (default-clean) @ app-erp-aps-codegen ---
[INFO] Deleting /Users/abc/app/nop-app-erp/module-aps/erp-aps-codegen/target
[INFO] 
[INFO] --- enforcer:3.0.0-M2:enforce (enforce-no-duplicate-dependencies) @ app-erp-aps-codegen ---
[INFO] 
[INFO] --- jacoco:0.8.14:prepare-agent (default-prepare-agent) @ app-erp-aps-codegen ---
[INFO] jacocoArgLine set to -javaagent:/Users/abc/.m2/repository/org/jacoco/org.jacoco.agent/0.8.14/org.jacoco.agent-0.8.14-runtime.jar=destfile=/Users/abc/app/nop-app-erp/module-aps/erp-aps-codegen/target/jacoco.exec,excludes=**/_gen/**:**/_*.java:**/_*.xml:**/*Errors.*:**/*Configs.*:**/*Constants*:**/parse/antlr/**
[INFO] 
[INFO] --- exec:3.0.0:java (precompile) @ app-erp-aps-codegen ---
SLF4J: Failed to load class "org.slf4j.impl.StaticLoggerBinder".
SLF4J: Defaulting to no-operation (NOP) logger implementation
SLF4J: See http://www.slf4j.org/codes.html#StaticLoggerBinder for further details.
nop.skip-codegen-when-tpl-dir-is-empty:/Users/abc/app/nop-app-erp/module-aps/erp-aps-codegen/precompile
[INFO] 
[INFO] --- exec:3.0.0:java (precompile2) @ app-erp-aps-codegen ---
SLF4J: Failed to load class "org.slf4j.impl.StaticLoggerBinder".
SLF4J: Defaulting to no-operation (NOP) logger implementation
SLF4J: See http://www.slf4j.org/codes.html#StaticLoggerBinder for further details.
nop.skip-codegen-when-tpl-dir-is-empty:/Users/abc/app/nop-app-erp/module-aps/erp-aps-codegen/precompile2
[INFO] 
[INFO] --- resources:3.3.1:resources (default-resources) @ app-erp-aps-codegen ---
[INFO] skip non existing resourceDirectory /Users/abc/app/nop-app-erp/module-aps/erp-aps-codegen/src/main/resources
[INFO] 
[INFO] --- compiler:3.11.0:compile (default-compile) @ app-erp-aps-codegen ---
[INFO] No sources to compile
[INFO] 
[INFO] --- exec:3.0.0:java (aop) @ app-erp-aps-codegen ---
SLF4J: Failed to load class "org.slf4j.impl.StaticLoggerBinder".
SLF4J: Defaulting to no-operation (NOP) logger implementation
SLF4J: See http://www.slf4j.org/codes.html#StaticLoggerBinder for further details.
nop.gen-aop-proxy
[INFO] 
[INFO] --- exec:3.0.0:java (postcompile) @ app-erp-aps-codegen ---
SLF4J: Failed to load class "org.slf4j.impl.StaticLoggerBinder".
SLF4J: Defaulting to no-operation (NOP) logger implementation
SLF4J: See http://www.slf4j.org/codes.html#StaticLoggerBinder for further details.
projectDir=/Users/abc/app/nop-app-erp/module-aps/erp-aps-codegen,dryRun=false,tplRoot=postcompile
end
[INFO] 
[INFO] --- resources:3.3.1:testResources (default-testResources) @ app-erp-aps-codegen ---
[INFO] skip non existing resourceDirectory /Users/abc/app/nop-app-erp/module-aps/erp-aps-codegen/src/test/resources
[INFO] 
[INFO] --- compiler:3.11.0:testCompile (default-testCompile) @ app-erp-aps-codegen ---
[INFO] Changes detected - recompiling the module! :source
[INFO] Compiling 1 source file with javac [debug release 17] to target/test-classes
[INFO] 
[INFO] --- surefire:3.2.2:test (default-test) @ app-erp-aps-codegen ---
[INFO] Tests are skipped.
[INFO] 
[INFO] --- jar:3.3.0:jar (default-jar) @ app-erp-aps-codegen ---
[WARNING] JAR will be empty - no content was marked for inclusion!
[INFO] Building jar: /Users/abc/app/nop-app-erp/module-aps/erp-aps-codegen/target/app-erp-aps-codegen-1.0-SNAPSHOT.jar
[INFO] 
[INFO] --- source:3.3.0:jar-no-fork (attach-sources) @ app-erp-aps-codegen ---
[INFO] No sources in project. Archive not created.
[INFO] 
[INFO] --- install:3.1.1:install (default-install) @ app-erp-aps-codegen ---
[INFO] Installing /Users/abc/app/nop-app-erp/module-aps/erp-aps-codegen/pom.xml to /Users/abc/.m2/repository/io/nop/app/app-erp-aps-codegen/1.0-SNAPSHOT/app-erp-aps-codegen-1.0-SNAPSHOT.pom
[INFO] Installing /Users/abc/app/nop-app-erp/module-aps/erp-aps-codegen/target/app-erp-aps-codegen-1.0-SNAPSHOT.jar to /Users/abc/.m2/repository/io/nop/app/app-erp-aps-codegen/1.0-SNAPSHOT/app-erp-aps-codegen-1.0-SNAPSHOT.jar
[INFO] 
[INFO] ---------------------< io.nop.app:app-erp-aps-api >---------------------
[INFO] Building app-erp-aps-api 1.0-SNAPSHOT                          [122/156]
[INFO]   from module-aps/erp-aps-api/pom.xml
[INFO] --------------------------------[ jar ]---------------------------------
[INFO] 
[INFO] --- clean:3.2.0:clean (default-clean) @ app-erp-aps-api ---
[INFO] Deleting /Users/abc/app/nop-app-erp/module-aps/erp-aps-api/target
[INFO] 
[INFO] --- resources:3.3.1:resources (default-resources) @ app-erp-aps-api ---
[INFO] skip non existing resourceDirectory /Users/abc/app/nop-app-erp/module-aps/erp-aps-api/src/main/resources
[INFO] 
[INFO] --- compiler:3.13.0:compile (default-compile) @ app-erp-aps-api ---
[INFO] Recompiling the module because of changed source code.
[INFO] Compiling 21 source files with javac [debug release 11] to target/classes
[INFO] 
[INFO] --- resources:3.3.1:testResources (default-testResources) @ app-erp-aps-api ---
[INFO] skip non existing resourceDirectory /Users/abc/app/nop-app-erp/module-aps/erp-aps-api/src/test/resources
[INFO] 
[INFO] --- compiler:3.13.0:testCompile (default-testCompile) @ app-erp-aps-api ---
[INFO] No sources to compile
[INFO] 
[INFO] --- surefire:3.2.5:test (default-test) @ app-erp-aps-api ---
[INFO] Tests are skipped.
[INFO] 
[INFO] --- jar:3.4.1:jar (default-jar) @ app-erp-aps-api ---
[INFO] Building jar: /Users/abc/app/nop-app-erp/module-aps/erp-aps-api/target/app-erp-aps-api-1.0-SNAPSHOT.jar
[INFO] 
[INFO] --- install:3.1.2:install (default-install) @ app-erp-aps-api ---
[INFO] Installing /Users/abc/app/nop-app-erp/module-aps/erp-aps-api/pom.xml to /Users/abc/.m2/repository/io/nop/app/app-erp-aps-api/1.0-SNAPSHOT/app-erp-aps-api-1.0-SNAPSHOT.pom
[INFO] Installing /Users/abc/app/nop-app-erp/module-aps/erp-aps-api/target/app-erp-aps-api-1.0-SNAPSHOT.jar to /Users/abc/.m2/repository/io/nop/app/app-erp-aps-api/1.0-SNAPSHOT/app-erp-aps-api-1.0-SNAPSHOT.jar
[INFO] 
[INFO] ---------------------< io.nop.app:app-erp-aps-dao >---------------------
[INFO] Building app-erp-aps-dao 1.0-SNAPSHOT                          [123/156]
[INFO]   from module-aps/erp-aps-dao/pom.xml
[INFO] --------------------------------[ jar ]---------------------------------
[INFO] 
[INFO] --- clean:3.4.0:clean (default-clean) @ app-erp-aps-dao ---
[INFO] Deleting /Users/abc/app/nop-app-erp/module-aps/erp-aps-dao/target
[INFO] 
[INFO] --- enforcer:3.0.0-M2:enforce (enforce-no-duplicate-dependencies) @ app-erp-aps-dao ---
[INFO] 
[INFO] --- jacoco:0.8.14:prepare-agent (default-prepare-agent) @ app-erp-aps-dao ---
[INFO] jacocoArgLine set to -javaagent:/Users/abc/.m2/repository/org/jacoco/org.jacoco.agent/0.8.14/org.jacoco.agent-0.8.14-runtime.jar=destfile=/Users/abc/app/nop-app-erp/module-aps/erp-aps-dao/target/jacoco.exec,excludes=**/_gen/**:**/_*.java:**/_*.xml:**/*Errors.*:**/*Configs.*:**/*Constants*:**/parse/antlr/**
[INFO] 
[INFO] --- resources:3.3.1:resources (default-resources) @ app-erp-aps-dao ---
[INFO] Copying 4 resources from src/main/resources to target/classes
[INFO] 
[INFO] --- compiler:3.11.0:compile (default-compile) @ app-erp-aps-dao ---
[INFO] Changes detected - recompiling the module! :dependency
[INFO] Compiling 30 source files with javac [debug release 17] to target/classes
[INFO] 
[INFO] --- resources:3.3.1:testResources (default-testResources) @ app-erp-aps-dao ---
[INFO] skip non existing resourceDirectory /Users/abc/app/nop-app-erp/module-aps/erp-aps-dao/src/test/resources
[INFO] 
[INFO] --- compiler:3.11.0:testCompile (default-testCompile) @ app-erp-aps-dao ---
[INFO] No sources to compile
[INFO] 
[INFO] --- surefire:3.2.2:test (default-test) @ app-erp-aps-dao ---
[INFO] Tests are skipped.
[INFO] 
[INFO] --- jar:3.3.0:jar (default-jar) @ app-erp-aps-dao ---
[INFO] Building jar: /Users/abc/app/nop-app-erp/module-aps/erp-aps-dao/target/app-erp-aps-dao-1.0-SNAPSHOT.jar
[INFO] 
[INFO] --- source:3.3.0:jar-no-fork (attach-sources) @ app-erp-aps-dao ---
[INFO] Building jar: /Users/abc/app/nop-app-erp/module-aps/erp-aps-dao/target/app-erp-aps-dao-1.0-SNAPSHOT-sources.jar
[INFO] 
[INFO] --- install:3.1.1:install (default-install) @ app-erp-aps-dao ---
[INFO] Installing /Users/abc/app/nop-app-erp/module-aps/erp-aps-dao/pom.xml to /Users/abc/.m2/repository/io/nop/app/app-erp-aps-dao/1.0-SNAPSHOT/app-erp-aps-dao-1.0-SNAPSHOT.pom
[INFO] Installing /Users/abc/app/nop-app-erp/module-aps/erp-aps-dao/target/app-erp-aps-dao-1.0-SNAPSHOT.jar to /Users/abc/.m2/repository/io/nop/app/app-erp-aps-dao/1.0-SNAPSHOT/app-erp-aps-dao-1.0-SNAPSHOT.jar
[INFO] Installing /Users/abc/app/nop-app-erp/module-aps/erp-aps-dao/target/app-erp-aps-dao-1.0-SNAPSHOT-sources.jar to /Users/abc/.m2/repository/io/nop/app/app-erp-aps-dao/1.0-SNAPSHOT/app-erp-aps-dao-1.0-SNAPSHOT-sources.jar
[INFO] 
[INFO] --------------------< io.nop.app:app-erp-aps-meta >---------------------
[INFO] Building app-erp-aps-meta 1.0-SNAPSHOT                         [124/156]
[INFO]   from module-aps/erp-aps-meta/pom.xml
[INFO] --------------------------------[ jar ]---------------------------------
[INFO] 
[INFO] --- clean:3.4.0:clean (default-clean) @ app-erp-aps-meta ---
[INFO] Deleting /Users/abc/app/nop-app-erp/module-aps/erp-aps-meta/target
[INFO] 
[INFO] --- enforcer:3.0.0-M2:enforce (enforce-no-duplicate-dependencies) @ app-erp-aps-meta ---
[INFO] 
[INFO] --- jacoco:0.8.14:prepare-agent (default-prepare-agent) @ app-erp-aps-meta ---
[INFO] jacocoArgLine set to -javaagent:/Users/abc/.m2/repository/org/jacoco/org.jacoco.agent/0.8.14/org.jacoco.agent-0.8.14-runtime.jar=destfile=/Users/abc/app/nop-app-erp/module-aps/erp-aps-meta/target/jacoco.exec,excludes=**/_gen/**:**/_*.java:**/_*.xml:**/*Errors.*:**/*Configs.*:**/*Constants*:**/parse/antlr/**
[INFO] 
[INFO] --- exec:3.0.0:java (precompile) @ app-erp-aps-meta ---
SLF4J: Failed to load class "org.slf4j.impl.StaticLoggerBinder".
SLF4J: Defaulting to no-operation (NOP) logger implementation
SLF4J: See http://www.slf4j.org/codes.html#StaticLoggerBinder for further details.
projectDir=/Users/abc/app/nop-app-erp/module-aps/erp-aps-meta,dryRun=false,tplRoot=precompile
end
[INFO] 
[INFO] --- exec:3.0.0:java (precompile2) @ app-erp-aps-meta ---
SLF4J: Failed to load class "org.slf4j.impl.StaticLoggerBinder".
SLF4J: Defaulting to no-operation (NOP) logger implementation
SLF4J: See http://www.slf4j.org/codes.html#StaticLoggerBinder for further details.
nop.skip-codegen-when-tpl-dir-is-empty:/Users/abc/app/nop-app-erp/module-aps/erp-aps-meta/precompile2
[INFO] 
[INFO] --- resources:3.3.1:resources (default-resources) @ app-erp-aps-meta ---
[INFO] Copying 27 resources from src/main/resources to target/classes
[INFO] 
[INFO] --- compiler:3.11.0:compile (default-compile) @ app-erp-aps-meta ---
[INFO] No sources to compile
[INFO] 
[INFO] --- exec:3.0.0:java (aop) @ app-erp-aps-meta ---
SLF4J: Failed to load class "org.slf4j.impl.StaticLoggerBinder".
SLF4J: Defaulting to no-operation (NOP) logger implementation
SLF4J: See http://www.slf4j.org/codes.html#StaticLoggerBinder for further details.
nop.gen-aop-proxy
[INFO] 
[INFO] --- exec:3.0.0:java (postcompile) @ app-erp-aps-meta ---
SLF4J: Failed to load class "org.slf4j.impl.StaticLoggerBinder".
SLF4J: Defaulting to no-operation (NOP) logger implementation
SLF4J: See http://www.slf4j.org/codes.html#StaticLoggerBinder for further details.
projectDir=/Users/abc/app/nop-app-erp/module-aps/erp-aps-meta,dryRun=false,tplRoot=postcompile
end
[INFO] 
[INFO] --- resources:3.3.1:testResources (default-testResources) @ app-erp-aps-meta ---
[INFO] skip non existing resourceDirectory /Users/abc/app/nop-app-erp/module-aps/erp-aps-meta/src/test/resources
[INFO] 
[INFO] --- compiler:3.11.0:testCompile (default-testCompile) @ app-erp-aps-meta ---
[INFO] No sources to compile
[INFO] 
[INFO] --- surefire:3.2.2:test (default-test) @ app-erp-aps-meta ---
[INFO] Tests are skipped.
[INFO] 
[INFO] --- jar:3.3.0:jar (default-jar) @ app-erp-aps-meta ---
[INFO] Building jar: /Users/abc/app/nop-app-erp/module-aps/erp-aps-meta/target/app-erp-aps-meta-1.0-SNAPSHOT.jar
[INFO] 
[INFO] --- source:3.3.0:jar-no-fork (attach-sources) @ app-erp-aps-meta ---
[INFO] Building jar: /Users/abc/app/nop-app-erp/module-aps/erp-aps-meta/target/app-erp-aps-meta-1.0-SNAPSHOT-sources.jar
[INFO] 
[INFO] --- install:3.1.1:install (default-install) @ app-erp-aps-meta ---
[INFO] Installing /Users/abc/app/nop-app-erp/module-aps/erp-aps-meta/pom.xml to /Users/abc/.m2/repository/io/nop/app/app-erp-aps-meta/1.0-SNAPSHOT/app-erp-aps-meta-1.0-SNAPSHOT.pom
[INFO] Installing /Users/abc/app/nop-app-erp/module-aps/erp-aps-meta/target/app-erp-aps-meta-1.0-SNAPSHOT.jar to /Users/abc/.m2/repository/io/nop/app/app-erp-aps-meta/1.0-SNAPSHOT/app-erp-aps-meta-1.0-SNAPSHOT.jar
[INFO] Installing /Users/abc/app/nop-app-erp/module-aps/erp-aps-meta/target/app-erp-aps-meta-1.0-SNAPSHOT-sources.jar to /Users/abc/.m2/repository/io/nop/app/app-erp-aps-meta/1.0-SNAPSHOT/app-erp-aps-meta-1.0-SNAPSHOT-sources.jar
[INFO] 
[INFO] -------------------< io.nop.app:app-erp-aps-service >-------------------
[INFO] Building app-erp-aps-service 1.0-SNAPSHOT                      [125/156]
[INFO]   from module-aps/erp-aps-service/pom.xml
[INFO] --------------------------------[ jar ]---------------------------------
[INFO] 
[INFO] --- clean:3.4.0:clean (default-clean) @ app-erp-aps-service ---
[INFO] Deleting /Users/abc/app/nop-app-erp/module-aps/erp-aps-service/target
[INFO] 
[INFO] --- enforcer:3.0.0-M2:enforce (enforce-no-duplicate-dependencies) @ app-erp-aps-service ---
[INFO] 
[INFO] --- jacoco:0.8.14:prepare-agent (default-prepare-agent) @ app-erp-aps-service ---
[INFO] jacocoArgLine set to -javaagent:/Users/abc/.m2/repository/org/jacoco/org.jacoco.agent/0.8.14/org.jacoco.agent-0.8.14-runtime.jar=destfile=/Users/abc/app/nop-app-erp/module-aps/erp-aps-service/target/jacoco.exec,excludes=**/_gen/**:**/_*.java:**/_*.xml:**/*Errors.*:**/*Configs.*:**/*Constants*:**/parse/antlr/**
[INFO] 
[INFO] --- exec:3.0.0:java (precompile) @ app-erp-aps-service ---
SLF4J: Failed to load class "org.slf4j.impl.StaticLoggerBinder".
SLF4J: Defaulting to no-operation (NOP) logger implementation
SLF4J: See http://www.slf4j.org/codes.html#StaticLoggerBinder for further details.
nop.skip-codegen-when-tpl-dir-is-empty:/Users/abc/app/nop-app-erp/module-aps/erp-aps-service/precompile
[INFO] 
[INFO] --- exec:3.0.0:java (precompile2) @ app-erp-aps-service ---
SLF4J: Failed to load class "org.slf4j.impl.StaticLoggerBinder".
SLF4J: Defaulting to no-operation (NOP) logger implementation
SLF4J: See http://www.slf4j.org/codes.html#StaticLoggerBinder for further details.
nop.skip-codegen-when-tpl-dir-is-empty:/Users/abc/app/nop-app-erp/module-aps/erp-aps-service/precompile2
[INFO] 
[INFO] --- resources:3.3.1:resources (default-resources) @ app-erp-aps-service ---
[INFO] Copying 18 resources from src/main/resources to target/classes
[INFO] 
[INFO] --- compiler:3.11.0:compile (default-compile) @ app-erp-aps-service ---
[INFO] Changes detected - recompiling the module! :dependency
[INFO] Compiling 29 source files with javac [debug release 17] to target/classes
[INFO] /Users/abc/app/nop-app-erp/module-aps/erp-aps-service/src/main/java/app/erp/aps/service/processor/ErpApsAutoDispatchProcessor.java: /Users/abc/app/nop-app-erp/module-aps/erp-aps-service/src/main/java/app/erp/aps/service/processor/ErpApsAutoDispatchProcessor.java使用了未经检查或不安全的操作。
[INFO] /Users/abc/app/nop-app-erp/module-aps/erp-aps-service/src/main/java/app/erp/aps/service/processor/ErpApsAutoDispatchProcessor.java: 有关详细信息, 请使用 -Xlint:unchecked 重新编译。
[INFO] 
[INFO] --- exec:3.0.0:java (aop) @ app-erp-aps-service ---
SLF4J: Failed to load class "org.slf4j.impl.StaticLoggerBinder".
SLF4J: Defaulting to no-operation (NOP) logger implementation
SLF4J: See http://www.slf4j.org/codes.html#StaticLoggerBinder for further details.
nop.gen-aop-proxy
[INFO] 
[INFO] --- exec:3.0.0:java (postcompile) @ app-erp-aps-service ---
SLF4J: Failed to load class "org.slf4j.impl.StaticLoggerBinder".
SLF4J: Defaulting to no-operation (NOP) logger implementation
SLF4J: See http://www.slf4j.org/codes.html#StaticLoggerBinder for further details.
nop.skip-codegen-when-tpl-dir-is-empty:/Users/abc/app/nop-app-erp/module-aps/erp-aps-service/postcompile
[INFO] 
[INFO] --- resources:3.3.1:testResources (default-testResources) @ app-erp-aps-service ---
[INFO] Copying 3 resources from src/test/resources to target/test-classes
[INFO] 
[INFO] --- compiler:3.11.0:testCompile (default-testCompile) @ app-erp-aps-service ---
[INFO] Changes detected - recompiling the module! :dependency
[INFO] Compiling 15 source files with javac [debug release 17] to target/test-classes
[INFO] /Users/abc/app/nop-app-erp/module-aps/erp-aps-service/src/test/java/app/erp/aps/service/TestErpApsSchedulingEngine.java: 某些输入文件使用了未经检查或不安全的操作。
[INFO] /Users/abc/app/nop-app-erp/module-aps/erp-aps-service/src/test/java/app/erp/aps/service/TestErpApsSchedulingEngine.java: 有关详细信息, 请使用 -Xlint:unchecked 重新编译。
[INFO] 
[INFO] --- surefire:3.2.2:test (default-test) @ app-erp-aps-service ---
[INFO] Tests are skipped.
[INFO] 
[INFO] --- jar:3.3.0:jar (default-jar) @ app-erp-aps-service ---
[INFO] Building jar: /Users/abc/app/nop-app-erp/module-aps/erp-aps-service/target/app-erp-aps-service-1.0-SNAPSHOT.jar
[INFO] 
[INFO] --- source:3.3.0:jar-no-fork (attach-sources) @ app-erp-aps-service ---
[INFO] Building jar: /Users/abc/app/nop-app-erp/module-aps/erp-aps-service/target/app-erp-aps-service-1.0-SNAPSHOT-sources.jar
[INFO] 
[INFO] --- install:3.1.1:install (default-install) @ app-erp-aps-service ---
[INFO] Installing /Users/abc/app/nop-app-erp/module-aps/erp-aps-service/pom.xml to /Users/abc/.m2/repository/io/nop/app/app-erp-aps-service/1.0-SNAPSHOT/app-erp-aps-service-1.0-SNAPSHOT.pom
[INFO] Installing /Users/abc/app/nop-app-erp/module-aps/erp-aps-service/target/app-erp-aps-service-1.0-SNAPSHOT.jar to /Users/abc/.m2/repository/io/nop/app/app-erp-aps-service/1.0-SNAPSHOT/app-erp-aps-service-1.0-SNAPSHOT.jar
[INFO] Installing /Users/abc/app/nop-app-erp/module-aps/erp-aps-service/target/app-erp-aps-service-1.0-SNAPSHOT-sources.jar to /Users/abc/.m2/repository/io/nop/app/app-erp-aps-service/1.0-SNAPSHOT/app-erp-aps-service-1.0-SNAPSHOT-sources.jar
[INFO] 
[INFO] ---------------------< io.nop.app:app-erp-aps-web >---------------------
[INFO] Building app-erp-aps-web 1.0-SNAPSHOT                          [126/156]
[INFO]   from module-aps/erp-aps-web/pom.xml
[INFO] --------------------------------[ jar ]---------------------------------
[INFO] 
[INFO] --- clean:3.4.0:clean (default-clean) @ app-erp-aps-web ---
[INFO] Deleting /Users/abc/app/nop-app-erp/module-aps/erp-aps-web/target
[INFO] 
[INFO] --- enforcer:3.0.0-M2:enforce (enforce-no-duplicate-dependencies) @ app-erp-aps-web ---
[INFO] 
[INFO] --- jacoco:0.8.14:prepare-agent (default-prepare-agent) @ app-erp-aps-web ---
[INFO] jacocoArgLine set to -javaagent:/Users/abc/.m2/repository/org/jacoco/org.jacoco.agent/0.8.14/org.jacoco.agent-0.8.14-runtime.jar=destfile=/Users/abc/app/nop-app-erp/module-aps/erp-aps-web/target/jacoco.exec,excludes=**/_gen/**:**/_*.java:**/_*.xml:**/*Errors.*:**/*Configs.*:**/*Constants*:**/parse/antlr/**
[INFO] 
[INFO] --- exec:3.0.0:java (precompile) @ app-erp-aps-web ---
SLF4J: Failed to load class "org.slf4j.impl.StaticLoggerBinder".
SLF4J: Defaulting to no-operation (NOP) logger implementation
SLF4J: See http://www.slf4j.org/codes.html#StaticLoggerBinder for further details.
projectDir=/Users/abc/app/nop-app-erp/module-aps/erp-aps-web,dryRun=false,tplRoot=precompile
end
[INFO] 
[INFO] --- exec:3.0.0:java (precompile2) @ app-erp-aps-web ---
SLF4J: Failed to load class "org.slf4j.impl.StaticLoggerBinder".
SLF4J: Defaulting to no-operation (NOP) logger implementation
SLF4J: See http://www.slf4j.org/codes.html#StaticLoggerBinder for further details.
projectDir=/Users/abc/app/nop-app-erp/module-aps/erp-aps-web,dryRun=false,tplRoot=precompile2
end
[INFO] 
[INFO] --- resources:3.3.1:resources (default-resources) @ app-erp-aps-web ---
[INFO] Copying 42 resources from src/main/resources to target/classes
[INFO] 
[INFO] --- compiler:3.11.0:compile (default-compile) @ app-erp-aps-web ---
[INFO] No sources to compile
[INFO] 
[INFO] --- exec:3.0.0:java (aop) @ app-erp-aps-web ---
SLF4J: Failed to load class "org.slf4j.impl.StaticLoggerBinder".
SLF4J: Defaulting to no-operation (NOP) logger implementation
SLF4J: See http://www.slf4j.org/codes.html#StaticLoggerBinder for further details.
nop.gen-aop-proxy
[INFO] 
[INFO] --- exec:3.0.0:java (postcompile) @ app-erp-aps-web ---
SLF4J: Failed to load class "org.slf4j.impl.StaticLoggerBinder".
SLF4J: Defaulting to no-operation (NOP) logger implementation
SLF4J: See http://www.slf4j.org/codes.html#StaticLoggerBinder for further details.
nop.skip-codegen-when-tpl-dir-is-empty:/Users/abc/app/nop-app-erp/module-aps/erp-aps-web/postcompile
[INFO] 
[INFO] --- resources:3.3.1:testResources (default-testResources) @ app-erp-aps-web ---
[INFO] skip non existing resourceDirectory /Users/abc/app/nop-app-erp/module-aps/erp-aps-web/src/test/resources
[INFO] 
[INFO] --- compiler:3.11.0:testCompile (default-testCompile) @ app-erp-aps-web ---
[INFO] Changes detected - recompiling the module! :dependency
[INFO] Compiling 2 source files with javac [debug release 17] to target/test-classes
[INFO] 
[INFO] --- surefire:3.2.2:test (default-test) @ app-erp-aps-web ---
[INFO] Tests are skipped.
[INFO] 
[INFO] --- jar:3.3.0:jar (default-jar) @ app-erp-aps-web ---
[INFO] Building jar: /Users/abc/app/nop-app-erp/module-aps/erp-aps-web/target/app-erp-aps-web-1.0-SNAPSHOT.jar
[INFO] 
[INFO] --- source:3.3.0:jar-no-fork (attach-sources) @ app-erp-aps-web ---
[INFO] Building jar: /Users/abc/app/nop-app-erp/module-aps/erp-aps-web/target/app-erp-aps-web-1.0-SNAPSHOT-sources.jar
[INFO] 
[INFO] --- install:3.1.1:install (default-install) @ app-erp-aps-web ---
[INFO] Installing /Users/abc/app/nop-app-erp/module-aps/erp-aps-web/pom.xml to /Users/abc/.m2/repository/io/nop/app/app-erp-aps-web/1.0-SNAPSHOT/app-erp-aps-web-1.0-SNAPSHOT.pom
[INFO] Installing /Users/abc/app/nop-app-erp/module-aps/erp-aps-web/target/app-erp-aps-web-1.0-SNAPSHOT.jar to /Users/abc/.m2/repository/io/nop/app/app-erp-aps-web/1.0-SNAPSHOT/app-erp-aps-web-1.0-SNAPSHOT.jar
[INFO] Installing /Users/abc/app/nop-app-erp/module-aps/erp-aps-web/target/app-erp-aps-web-1.0-SNAPSHOT-sources.jar to /Users/abc/.m2/repository/io/nop/app/app-erp-aps-web/1.0-SNAPSHOT/app-erp-aps-web-1.0-SNAPSHOT-sources.jar
[INFO] 
[INFO] ---------------------< io.nop.app:app-erp-aps-app >---------------------
[INFO] Building app-erp-aps-app 1.0-SNAPSHOT                          [127/156]
[INFO]   from module-aps/erp-aps-app/pom.xml
[INFO] --------------------------------[ jar ]---------------------------------
[INFO] 
[INFO] --- clean:3.4.0:clean (default-clean) @ app-erp-aps-app ---
[INFO] Deleting /Users/abc/app/nop-app-erp/module-aps/erp-aps-app/target
[INFO] 
[INFO] --- enforcer:3.0.0-M2:enforce (enforce-no-duplicate-dependencies) @ app-erp-aps-app ---
[INFO] 
[INFO] --- jacoco:0.8.14:prepare-agent (default-prepare-agent) @ app-erp-aps-app ---
[INFO] jacocoArgLine set to -javaagent:/Users/abc/.m2/repository/org/jacoco/org.jacoco.agent/0.8.14/org.jacoco.agent-0.8.14-runtime.jar=destfile=/Users/abc/app/nop-app-erp/module-aps/erp-aps-app/target/jacoco.exec,excludes=**/_gen/**:**/_*.java:**/_*.xml:**/*Errors.*:**/*Configs.*:**/*Constants*:**/parse/antlr/**
[INFO] 
[INFO] --- exec:3.0.0:java (precompile) @ app-erp-aps-app ---
nop.skip-codegen-when-tpl-dir-is-empty:/Users/abc/app/nop-app-erp/module-aps/erp-aps-app/precompile
[INFO] 
[INFO] --- exec:3.0.0:java (precompile2) @ app-erp-aps-app ---
nop.skip-codegen-when-tpl-dir-is-empty:/Users/abc/app/nop-app-erp/module-aps/erp-aps-app/precompile2
[INFO] 
[INFO] --- resources:3.3.1:resources (default-resources) @ app-erp-aps-app ---
[INFO] Copying 7 resources from src/main/resources to target/classes
[INFO] 
[INFO] --- compiler:3.11.0:compile (default-compile) @ app-erp-aps-app ---
[INFO] Changes detected - recompiling the module! :dependency
[INFO] Compiling 1 source file with javac [debug release 17] to target/classes
[INFO] 
[INFO] --- exec:3.0.0:java (aop) @ app-erp-aps-app ---
nop.gen-aop-proxy
[INFO] 
[INFO] --- exec:3.0.0:java (postcompile) @ app-erp-aps-app ---
nop.skip-codegen-when-tpl-dir-is-empty:/Users/abc/app/nop-app-erp/module-aps/erp-aps-app/postcompile
[INFO] 
[INFO] --- resources:3.3.1:testResources (default-testResources) @ app-erp-aps-app ---
[INFO] skip non existing resourceDirectory /Users/abc/app/nop-app-erp/module-aps/erp-aps-app/src/test/resources
[INFO] 
[INFO] --- compiler:3.11.0:testCompile (default-testCompile) @ app-erp-aps-app ---
[INFO] No sources to compile
[INFO] 
[INFO] --- surefire:3.0.0-M5:test (default-test) @ app-erp-aps-app ---
[INFO] Tests are skipped.
[INFO] 
[INFO] --- jar:3.3.0:jar (default-jar) @ app-erp-aps-app ---
[INFO] Building jar: /Users/abc/app/nop-app-erp/module-aps/erp-aps-app/target/app-erp-aps-app-1.0-SNAPSHOT.jar
[INFO] 
[INFO] --- source:3.3.0:jar-no-fork (attach-sources) @ app-erp-aps-app ---
[INFO] Building jar: /Users/abc/app/nop-app-erp/module-aps/erp-aps-app/target/app-erp-aps-app-1.0-SNAPSHOT-sources.jar
[INFO] 
[INFO] --- quarkus:3.35.1:build (default) @ app-erp-aps-app ---
[WARNING] The Maven extensions for the Quarkus Maven plugin are not enabled for this build. We recommend enabling this, so that the plugin can verify essential build settings have been configured as required. Please enable by adding "<extensions>true</extensions>" in your quarkus-maven-plugin declaration; it should look like:

	<plugin>
		<groupId>${quarkus.platform.group-id}</groupId>
		<artifactId>quarkus-maven-plugin</artifactId>
		<version>${quarkus.platform.version}</version>
		<extensions>true</extensions> <!-- THIS ONE -->
		...

[WARNING] [io.quarkus.config] Unrecognized configuration key "quarkus.http.cors" was provided; it will be ignored; verify that the dependency extension for this configuration is set or that you did not make a typo
[WARNING] [io.quarkus.agroal.deployment.AgroalProcessor] The Agroal dependency is present but no JDBC datasources have been defined.
[INFO] [io.quarkus.deployment.QuarkusAugmentor] Quarkus augmentation completed in 1065ms
[INFO] 
[INFO] --- install:3.1.1:install (default-install) @ app-erp-aps-app ---
[INFO] Skipping artifact installation
[INFO] 
[INFO] ------------------< io.nop.app:app-erp-contract-api >-------------------
[INFO] Building app-erp-contract-api 1.0-SNAPSHOT                     [128/156]
[INFO]   from module-contract/erp-ct-api/pom.xml
[INFO] --------------------------------[ jar ]---------------------------------
[INFO] 
[INFO] --- clean:3.2.0:clean (default-clean) @ app-erp-contract-api ---
[INFO] Deleting /Users/abc/app/nop-app-erp/module-contract/erp-ct-api/target
[INFO] 
[INFO] --- resources:3.3.1:resources (default-resources) @ app-erp-contract-api ---
[INFO] skip non existing resourceDirectory /Users/abc/app/nop-app-erp/module-contract/erp-ct-api/src/main/resources
[INFO] 
[INFO] --- compiler:3.13.0:compile (default-compile) @ app-erp-contract-api ---
[INFO] Recompiling the module because of changed source code.
[INFO] Compiling 45 source files with javac [debug release 11] to target/classes
[INFO] 
[INFO] --- resources:3.3.1:testResources (default-testResources) @ app-erp-contract-api ---
[INFO] skip non existing resourceDirectory /Users/abc/app/nop-app-erp/module-contract/erp-ct-api/src/test/resources
[INFO] 
[INFO] --- compiler:3.13.0:testCompile (default-testCompile) @ app-erp-contract-api ---
[INFO] No sources to compile
[INFO] 
[INFO] --- surefire:3.2.5:test (default-test) @ app-erp-contract-api ---
[INFO] Tests are skipped.
[INFO] 
[INFO] --- jar:3.4.1:jar (default-jar) @ app-erp-contract-api ---
[INFO] Building jar: /Users/abc/app/nop-app-erp/module-contract/erp-ct-api/target/app-erp-contract-api-1.0-SNAPSHOT.jar
[INFO] 
[INFO] --- install:3.1.2:install (default-install) @ app-erp-contract-api ---
[INFO] Installing /Users/abc/app/nop-app-erp/module-contract/erp-ct-api/pom.xml to /Users/abc/.m2/repository/io/nop/app/app-erp-contract-api/1.0-SNAPSHOT/app-erp-contract-api-1.0-SNAPSHOT.pom
[INFO] Installing /Users/abc/app/nop-app-erp/module-contract/erp-ct-api/target/app-erp-contract-api-1.0-SNAPSHOT.jar to /Users/abc/.m2/repository/io/nop/app/app-erp-contract-api/1.0-SNAPSHOT/app-erp-contract-api-1.0-SNAPSHOT.jar
[INFO] 
[INFO] ------------------< io.nop.app:app-erp-contract-web >-------------------
[INFO] Building app-erp-contract-web 1.0-SNAPSHOT                     [129/156]
[INFO]   from module-contract/erp-ct-web/pom.xml
[INFO] --------------------------------[ jar ]---------------------------------
[INFO] 
[INFO] --- clean:3.4.0:clean (default-clean) @ app-erp-contract-web ---
[INFO] Deleting /Users/abc/app/nop-app-erp/module-contract/erp-ct-web/target
[INFO] 
[INFO] --- enforcer:3.0.0-M2:enforce (enforce-no-duplicate-dependencies) @ app-erp-contract-web ---
[INFO] 
[INFO] --- jacoco:0.8.14:prepare-agent (default-prepare-agent) @ app-erp-contract-web ---
[INFO] jacocoArgLine set to -javaagent:/Users/abc/.m2/repository/org/jacoco/org.jacoco.agent/0.8.14/org.jacoco.agent-0.8.14-runtime.jar=destfile=/Users/abc/app/nop-app-erp/module-contract/erp-ct-web/target/jacoco.exec,excludes=**/_gen/**:**/_*.java:**/_*.xml:**/*Errors.*:**/*Configs.*:**/*Constants*:**/parse/antlr/**
[INFO] 
[INFO] --- exec:3.0.0:java (precompile) @ app-erp-contract-web ---
SLF4J: Failed to load class "org.slf4j.impl.StaticLoggerBinder".
SLF4J: Defaulting to no-operation (NOP) logger implementation
SLF4J: See http://www.slf4j.org/codes.html#StaticLoggerBinder for further details.
projectDir=/Users/abc/app/nop-app-erp/module-contract/erp-ct-web,dryRun=false,tplRoot=precompile
end
[INFO] 
[INFO] --- exec:3.0.0:java (precompile2) @ app-erp-contract-web ---
SLF4J: Failed to load class "org.slf4j.impl.StaticLoggerBinder".
SLF4J: Defaulting to no-operation (NOP) logger implementation
SLF4J: See http://www.slf4j.org/codes.html#StaticLoggerBinder for further details.
projectDir=/Users/abc/app/nop-app-erp/module-contract/erp-ct-web,dryRun=false,tplRoot=precompile2
end
[INFO] 
[INFO] --- resources:3.3.1:resources (default-resources) @ app-erp-contract-web ---
[INFO] Copying 84 resources from src/main/resources to target/classes
[INFO] 
[INFO] --- compiler:3.11.0:compile (default-compile) @ app-erp-contract-web ---
[INFO] No sources to compile
[INFO] 
[INFO] --- exec:3.0.0:java (aop) @ app-erp-contract-web ---
SLF4J: Failed to load class "org.slf4j.impl.StaticLoggerBinder".
SLF4J: Defaulting to no-operation (NOP) logger implementation
SLF4J: See http://www.slf4j.org/codes.html#StaticLoggerBinder for further details.
nop.gen-aop-proxy
[INFO] 
[INFO] --- exec:3.0.0:java (postcompile) @ app-erp-contract-web ---
SLF4J: Failed to load class "org.slf4j.impl.StaticLoggerBinder".
SLF4J: Defaulting to no-operation (NOP) logger implementation
SLF4J: See http://www.slf4j.org/codes.html#StaticLoggerBinder for further details.
nop.skip-codegen-when-tpl-dir-is-empty:/Users/abc/app/nop-app-erp/module-contract/erp-ct-web/postcompile
[INFO] 
[INFO] --- resources:3.3.1:testResources (default-testResources) @ app-erp-contract-web ---
[INFO] skip non existing resourceDirectory /Users/abc/app/nop-app-erp/module-contract/erp-ct-web/src/test/resources
[INFO] 
[INFO] --- compiler:3.11.0:testCompile (default-testCompile) @ app-erp-contract-web ---
[INFO] Changes detected - recompiling the module! :dependency
[INFO] Compiling 2 source files with javac [debug release 17] to target/test-classes
[INFO] 
[INFO] --- surefire:3.2.2:test (default-test) @ app-erp-contract-web ---
[INFO] Tests are skipped.
[INFO] 
[INFO] --- jar:3.3.0:jar (default-jar) @ app-erp-contract-web ---
[INFO] Building jar: /Users/abc/app/nop-app-erp/module-contract/erp-ct-web/target/app-erp-contract-web-1.0-SNAPSHOT.jar
[INFO] 
[INFO] --- source:3.3.0:jar-no-fork (attach-sources) @ app-erp-contract-web ---
[INFO] Building jar: /Users/abc/app/nop-app-erp/module-contract/erp-ct-web/target/app-erp-contract-web-1.0-SNAPSHOT-sources.jar
[INFO] 
[INFO] --- install:3.1.1:install (default-install) @ app-erp-contract-web ---
[INFO] Installing /Users/abc/app/nop-app-erp/module-contract/erp-ct-web/pom.xml to /Users/abc/.m2/repository/io/nop/app/app-erp-contract-web/1.0-SNAPSHOT/app-erp-contract-web-1.0-SNAPSHOT.pom
[INFO] Installing /Users/abc/app/nop-app-erp/module-contract/erp-ct-web/target/app-erp-contract-web-1.0-SNAPSHOT.jar to /Users/abc/.m2/repository/io/nop/app/app-erp-contract-web/1.0-SNAPSHOT/app-erp-contract-web-1.0-SNAPSHOT.jar
[INFO] Installing /Users/abc/app/nop-app-erp/module-contract/erp-ct-web/target/app-erp-contract-web-1.0-SNAPSHOT-sources.jar to /Users/abc/.m2/repository/io/nop/app/app-erp-contract-web/1.0-SNAPSHOT/app-erp-contract-web-1.0-SNAPSHOT-sources.jar
[INFO] 
[INFO] ------------------< io.nop.app:app-erp-contract-app >-------------------
[INFO] Building app-erp-contract-app 1.0-SNAPSHOT                     [130/156]
[INFO]   from module-contract/erp-ct-app/pom.xml
[INFO] --------------------------------[ jar ]---------------------------------
[INFO] 
[INFO] --- clean:3.4.0:clean (default-clean) @ app-erp-contract-app ---
[INFO] Deleting /Users/abc/app/nop-app-erp/module-contract/erp-ct-app/target
[INFO] 
[INFO] --- enforcer:3.0.0-M2:enforce (enforce-no-duplicate-dependencies) @ app-erp-contract-app ---
[INFO] 
[INFO] --- jacoco:0.8.14:prepare-agent (default-prepare-agent) @ app-erp-contract-app ---
[INFO] jacocoArgLine set to -javaagent:/Users/abc/.m2/repository/org/jacoco/org.jacoco.agent/0.8.14/org.jacoco.agent-0.8.14-runtime.jar=destfile=/Users/abc/app/nop-app-erp/module-contract/erp-ct-app/target/jacoco.exec,excludes=**/_gen/**:**/_*.java:**/_*.xml:**/*Errors.*:**/*Configs.*:**/*Constants*:**/parse/antlr/**
[INFO] 
[INFO] --- exec:3.0.0:java (precompile) @ app-erp-contract-app ---
nop.skip-codegen-when-tpl-dir-is-empty:/Users/abc/app/nop-app-erp/module-contract/erp-ct-app/precompile
[INFO] 
[INFO] --- exec:3.0.0:java (precompile2) @ app-erp-contract-app ---
nop.skip-codegen-when-tpl-dir-is-empty:/Users/abc/app/nop-app-erp/module-contract/erp-ct-app/precompile2
[INFO] 
[INFO] --- resources:3.3.1:resources (default-resources) @ app-erp-contract-app ---
[INFO] Copying 7 resources from src/main/resources to target/classes
[INFO] 
[INFO] --- compiler:3.11.0:compile (default-compile) @ app-erp-contract-app ---
[INFO] Changes detected - recompiling the module! :dependency
[INFO] Compiling 1 source file with javac [debug release 17] to target/classes
[INFO] 
[INFO] --- exec:3.0.0:java (aop) @ app-erp-contract-app ---
nop.gen-aop-proxy
[INFO] 
[INFO] --- exec:3.0.0:java (postcompile) @ app-erp-contract-app ---
nop.skip-codegen-when-tpl-dir-is-empty:/Users/abc/app/nop-app-erp/module-contract/erp-ct-app/postcompile
[INFO] 
[INFO] --- resources:3.3.1:testResources (default-testResources) @ app-erp-contract-app ---
[INFO] skip non existing resourceDirectory /Users/abc/app/nop-app-erp/module-contract/erp-ct-app/src/test/resources
[INFO] 
[INFO] --- compiler:3.11.0:testCompile (default-testCompile) @ app-erp-contract-app ---
[INFO] No sources to compile
[INFO] 
[INFO] --- surefire:3.0.0-M5:test (default-test) @ app-erp-contract-app ---
[INFO] Tests are skipped.
[INFO] 
[INFO] --- jar:3.3.0:jar (default-jar) @ app-erp-contract-app ---
[INFO] Building jar: /Users/abc/app/nop-app-erp/module-contract/erp-ct-app/target/app-erp-contract-app-1.0-SNAPSHOT.jar
[INFO] 
[INFO] --- source:3.3.0:jar-no-fork (attach-sources) @ app-erp-contract-app ---
[INFO] Building jar: /Users/abc/app/nop-app-erp/module-contract/erp-ct-app/target/app-erp-contract-app-1.0-SNAPSHOT-sources.jar
[INFO] 
[INFO] --- quarkus:3.35.1:build (default) @ app-erp-contract-app ---
[WARNING] The Maven extensions for the Quarkus Maven plugin are not enabled for this build. We recommend enabling this, so that the plugin can verify essential build settings have been configured as required. Please enable by adding "<extensions>true</extensions>" in your quarkus-maven-plugin declaration; it should look like:

	<plugin>
		<groupId>${quarkus.platform.group-id}</groupId>
		<artifactId>quarkus-maven-plugin</artifactId>
		<version>${quarkus.platform.version}</version>
		<extensions>true</extensions> <!-- THIS ONE -->
		...

[WARNING] [io.quarkus.config] Unrecognized configuration key "quarkus.http.cors" was provided; it will be ignored; verify that the dependency extension for this configuration is set or that you did not make a typo
[WARNING] [io.quarkus.agroal.deployment.AgroalProcessor] The Agroal dependency is present but no JDBC datasources have been defined.
[INFO] [io.quarkus.deployment.QuarkusAugmentor] Quarkus augmentation completed in 1042ms
[INFO] 
[INFO] --- install:3.1.1:install (default-install) @ app-erp-contract-app ---
[INFO] Skipping artifact installation
[INFO] 
[INFO] ---------------------< io.nop.app:app-erp-drp-api >---------------------
[INFO] Building app-erp-drp-api 1.0-SNAPSHOT                          [131/156]
[INFO]   from module-drp/erp-drp-api/pom.xml
[INFO] --------------------------------[ jar ]---------------------------------
[INFO] 
[INFO] --- clean:3.2.0:clean (default-clean) @ app-erp-drp-api ---
[INFO] Deleting /Users/abc/app/nop-app-erp/module-drp/erp-drp-api/target
[INFO] 
[INFO] --- resources:3.3.1:resources (default-resources) @ app-erp-drp-api ---
[INFO] skip non existing resourceDirectory /Users/abc/app/nop-app-erp/module-drp/erp-drp-api/src/main/resources
[INFO] 
[INFO] --- compiler:3.13.0:compile (default-compile) @ app-erp-drp-api ---
[INFO] Recompiling the module because of changed source code.
[INFO] Compiling 33 source files with javac [debug release 11] to target/classes
[INFO] 
[INFO] --- resources:3.3.1:testResources (default-testResources) @ app-erp-drp-api ---
[INFO] skip non existing resourceDirectory /Users/abc/app/nop-app-erp/module-drp/erp-drp-api/src/test/resources
[INFO] 
[INFO] --- compiler:3.13.0:testCompile (default-testCompile) @ app-erp-drp-api ---
[INFO] No sources to compile
[INFO] 
[INFO] --- surefire:3.2.5:test (default-test) @ app-erp-drp-api ---
[INFO] Tests are skipped.
[INFO] 
[INFO] --- jar:3.4.1:jar (default-jar) @ app-erp-drp-api ---
[INFO] Building jar: /Users/abc/app/nop-app-erp/module-drp/erp-drp-api/target/app-erp-drp-api-1.0-SNAPSHOT.jar
[INFO] 
[INFO] --- install:3.1.2:install (default-install) @ app-erp-drp-api ---
[INFO] Installing /Users/abc/app/nop-app-erp/module-drp/erp-drp-api/pom.xml to /Users/abc/.m2/repository/io/nop/app/app-erp-drp-api/1.0-SNAPSHOT/app-erp-drp-api-1.0-SNAPSHOT.pom
[INFO] Installing /Users/abc/app/nop-app-erp/module-drp/erp-drp-api/target/app-erp-drp-api-1.0-SNAPSHOT.jar to /Users/abc/.m2/repository/io/nop/app/app-erp-drp-api/1.0-SNAPSHOT/app-erp-drp-api-1.0-SNAPSHOT.jar
[INFO] 
[INFO] --------------------< io.nop.app:app-erp-drp-meta >---------------------
[INFO] Building app-erp-drp-meta 1.0-SNAPSHOT                         [132/156]
[INFO]   from module-drp/erp-drp-meta/pom.xml
[INFO] --------------------------------[ jar ]---------------------------------
[INFO] 
[INFO] --- clean:3.4.0:clean (default-clean) @ app-erp-drp-meta ---
[INFO] Deleting /Users/abc/app/nop-app-erp/module-drp/erp-drp-meta/target
[INFO] 
[INFO] --- enforcer:3.0.0-M2:enforce (enforce-no-duplicate-dependencies) @ app-erp-drp-meta ---
[INFO] 
[INFO] --- jacoco:0.8.14:prepare-agent (default-prepare-agent) @ app-erp-drp-meta ---
[INFO] jacocoArgLine set to -javaagent:/Users/abc/.m2/repository/org/jacoco/org.jacoco.agent/0.8.14/org.jacoco.agent-0.8.14-runtime.jar=destfile=/Users/abc/app/nop-app-erp/module-drp/erp-drp-meta/target/jacoco.exec,excludes=**/_gen/**:**/_*.java:**/_*.xml:**/*Errors.*:**/*Configs.*:**/*Constants*:**/parse/antlr/**
[INFO] 
[INFO] --- exec:3.0.0:java (precompile) @ app-erp-drp-meta ---
SLF4J: Failed to load class "org.slf4j.impl.StaticLoggerBinder".
SLF4J: Defaulting to no-operation (NOP) logger implementation
SLF4J: See http://www.slf4j.org/codes.html#StaticLoggerBinder for further details.
projectDir=/Users/abc/app/nop-app-erp/module-drp/erp-drp-meta,dryRun=false,tplRoot=precompile
end
[INFO] 
[INFO] --- exec:3.0.0:java (precompile2) @ app-erp-drp-meta ---
SLF4J: Failed to load class "org.slf4j.impl.StaticLoggerBinder".
SLF4J: Defaulting to no-operation (NOP) logger implementation
SLF4J: See http://www.slf4j.org/codes.html#StaticLoggerBinder for further details.
nop.skip-codegen-when-tpl-dir-is-empty:/Users/abc/app/nop-app-erp/module-drp/erp-drp-meta/precompile2
[INFO] 
[INFO] --- resources:3.3.1:resources (default-resources) @ app-erp-drp-meta ---
[INFO] Copying 41 resources from src/main/resources to target/classes
[INFO] 
[INFO] --- compiler:3.11.0:compile (default-compile) @ app-erp-drp-meta ---
[INFO] No sources to compile
[INFO] 
[INFO] --- exec:3.0.0:java (aop) @ app-erp-drp-meta ---
SLF4J: Failed to load class "org.slf4j.impl.StaticLoggerBinder".
SLF4J: Defaulting to no-operation (NOP) logger implementation
SLF4J: See http://www.slf4j.org/codes.html#StaticLoggerBinder for further details.
nop.gen-aop-proxy
[INFO] 
[INFO] --- exec:3.0.0:java (postcompile) @ app-erp-drp-meta ---
SLF4J: Failed to load class "org.slf4j.impl.StaticLoggerBinder".
SLF4J: Defaulting to no-operation (NOP) logger implementation
SLF4J: See http://www.slf4j.org/codes.html#StaticLoggerBinder for further details.
projectDir=/Users/abc/app/nop-app-erp/module-drp/erp-drp-meta,dryRun=false,tplRoot=postcompile
end
[INFO] 
[INFO] --- resources:3.3.1:testResources (default-testResources) @ app-erp-drp-meta ---
[INFO] skip non existing resourceDirectory /Users/abc/app/nop-app-erp/module-drp/erp-drp-meta/src/test/resources
[INFO] 
[INFO] --- compiler:3.11.0:testCompile (default-testCompile) @ app-erp-drp-meta ---
[INFO] No sources to compile
[INFO] 
[INFO] --- surefire:3.2.2:test (default-test) @ app-erp-drp-meta ---
[INFO] Tests are skipped.
[INFO] 
[INFO] --- jar:3.3.0:jar (default-jar) @ app-erp-drp-meta ---
[INFO] Building jar: /Users/abc/app/nop-app-erp/module-drp/erp-drp-meta/target/app-erp-drp-meta-1.0-SNAPSHOT.jar
[INFO] 
[INFO] --- source:3.3.0:jar-no-fork (attach-sources) @ app-erp-drp-meta ---
[INFO] Building jar: /Users/abc/app/nop-app-erp/module-drp/erp-drp-meta/target/app-erp-drp-meta-1.0-SNAPSHOT-sources.jar
[INFO] 
[INFO] --- install:3.1.1:install (default-install) @ app-erp-drp-meta ---
[INFO] Installing /Users/abc/app/nop-app-erp/module-drp/erp-drp-meta/pom.xml to /Users/abc/.m2/repository/io/nop/app/app-erp-drp-meta/1.0-SNAPSHOT/app-erp-drp-meta-1.0-SNAPSHOT.pom
[INFO] Installing /Users/abc/app/nop-app-erp/module-drp/erp-drp-meta/target/app-erp-drp-meta-1.0-SNAPSHOT.jar to /Users/abc/.m2/repository/io/nop/app/app-erp-drp-meta/1.0-SNAPSHOT/app-erp-drp-meta-1.0-SNAPSHOT.jar
[INFO] Installing /Users/abc/app/nop-app-erp/module-drp/erp-drp-meta/target/app-erp-drp-meta-1.0-SNAPSHOT-sources.jar to /Users/abc/.m2/repository/io/nop/app/app-erp-drp-meta/1.0-SNAPSHOT/app-erp-drp-meta-1.0-SNAPSHOT-sources.jar
[INFO] 
[INFO] -------------------< io.nop.app:app-erp-drp-service >-------------------
[INFO] Building app-erp-drp-service 1.0-SNAPSHOT                      [133/156]
[INFO]   from module-drp/erp-drp-service/pom.xml
[INFO] --------------------------------[ jar ]---------------------------------
[INFO] 
[INFO] --- clean:3.4.0:clean (default-clean) @ app-erp-drp-service ---
[INFO] Deleting /Users/abc/app/nop-app-erp/module-drp/erp-drp-service/target
[INFO] 
[INFO] --- enforcer:3.0.0-M2:enforce (enforce-no-duplicate-dependencies) @ app-erp-drp-service ---
[INFO] 
[INFO] --- jacoco:0.8.14:prepare-agent (default-prepare-agent) @ app-erp-drp-service ---
[INFO] jacocoArgLine set to -javaagent:/Users/abc/.m2/repository/org/jacoco/org.jacoco.agent/0.8.14/org.jacoco.agent-0.8.14-runtime.jar=destfile=/Users/abc/app/nop-app-erp/module-drp/erp-drp-service/target/jacoco.exec,excludes=**/_gen/**:**/_*.java:**/_*.xml:**/*Errors.*:**/*Configs.*:**/*Constants*:**/parse/antlr/**
[INFO] 
[INFO] --- exec:3.0.0:java (precompile) @ app-erp-drp-service ---
SLF4J: Failed to load class "org.slf4j.impl.StaticLoggerBinder".
SLF4J: Defaulting to no-operation (NOP) logger implementation
SLF4J: See http://www.slf4j.org/codes.html#StaticLoggerBinder for further details.
nop.skip-codegen-when-tpl-dir-is-empty:/Users/abc/app/nop-app-erp/module-drp/erp-drp-service/precompile
[INFO] 
[INFO] --- exec:3.0.0:java (precompile2) @ app-erp-drp-service ---
SLF4J: Failed to load class "org.slf4j.impl.StaticLoggerBinder".
SLF4J: Defaulting to no-operation (NOP) logger implementation
SLF4J: See http://www.slf4j.org/codes.html#StaticLoggerBinder for further details.
nop.skip-codegen-when-tpl-dir-is-empty:/Users/abc/app/nop-app-erp/module-drp/erp-drp-service/precompile2
[INFO] 
[INFO] --- resources:3.3.1:resources (default-resources) @ app-erp-drp-service ---
[INFO] Copying 26 resources from src/main/resources to target/classes
[INFO] 
[INFO] --- compiler:3.11.0:compile (default-compile) @ app-erp-drp-service ---
[INFO] Changes detected - recompiling the module! :dependency
[INFO] Compiling 38 source files with javac [debug release 17] to target/classes
[INFO] 
[INFO] --- exec:3.0.0:java (aop) @ app-erp-drp-service ---
SLF4J: Failed to load class "org.slf4j.impl.StaticLoggerBinder".
SLF4J: Defaulting to no-operation (NOP) logger implementation
SLF4J: See http://www.slf4j.org/codes.html#StaticLoggerBinder for further details.
nop.gen-aop-proxy
[INFO] 
[INFO] --- exec:3.0.0:java (postcompile) @ app-erp-drp-service ---
SLF4J: Failed to load class "org.slf4j.impl.StaticLoggerBinder".
SLF4J: Defaulting to no-operation (NOP) logger implementation
SLF4J: See http://www.slf4j.org/codes.html#StaticLoggerBinder for further details.
nop.skip-codegen-when-tpl-dir-is-empty:/Users/abc/app/nop-app-erp/module-drp/erp-drp-service/postcompile
[INFO] 
[INFO] --- resources:3.3.1:testResources (default-testResources) @ app-erp-drp-service ---
[INFO] Copying 1 resource from src/test/resources to target/test-classes
[INFO] 
[INFO] --- compiler:3.11.0:testCompile (default-testCompile) @ app-erp-drp-service ---
[INFO] Changes detected - recompiling the module! :dependency
[INFO] Compiling 16 source files with javac [debug release 17] to target/test-classes
[INFO] /Users/abc/app/nop-app-erp/module-drp/erp-drp-service/src/test/java/app/erp/drp/service/TestErpDrpLeadTimeStats.java: /Users/abc/app/nop-app-erp/module-drp/erp-drp-service/src/test/java/app/erp/drp/service/TestErpDrpLeadTimeStats.java使用了未经检查或不安全的操作。
[INFO] /Users/abc/app/nop-app-erp/module-drp/erp-drp-service/src/test/java/app/erp/drp/service/TestErpDrpLeadTimeStats.java: 有关详细信息, 请使用 -Xlint:unchecked 重新编译。
[INFO] 
[INFO] --- surefire:3.2.2:test (default-test) @ app-erp-drp-service ---
[INFO] Tests are skipped.
[INFO] 
[INFO] --- jar:3.3.0:jar (default-jar) @ app-erp-drp-service ---
[INFO] Building jar: /Users/abc/app/nop-app-erp/module-drp/erp-drp-service/target/app-erp-drp-service-1.0-SNAPSHOT.jar
[INFO] 
[INFO] --- source:3.3.0:jar-no-fork (attach-sources) @ app-erp-drp-service ---
[INFO] Building jar: /Users/abc/app/nop-app-erp/module-drp/erp-drp-service/target/app-erp-drp-service-1.0-SNAPSHOT-sources.jar
[INFO] 
[INFO] --- install:3.1.1:install (default-install) @ app-erp-drp-service ---
[INFO] Installing /Users/abc/app/nop-app-erp/module-drp/erp-drp-service/pom.xml to /Users/abc/.m2/repository/io/nop/app/app-erp-drp-service/1.0-SNAPSHOT/app-erp-drp-service-1.0-SNAPSHOT.pom
[INFO] Installing /Users/abc/app/nop-app-erp/module-drp/erp-drp-service/target/app-erp-drp-service-1.0-SNAPSHOT.jar to /Users/abc/.m2/repository/io/nop/app/app-erp-drp-service/1.0-SNAPSHOT/app-erp-drp-service-1.0-SNAPSHOT.jar
[INFO] Installing /Users/abc/app/nop-app-erp/module-drp/erp-drp-service/target/app-erp-drp-service-1.0-SNAPSHOT-sources.jar to /Users/abc/.m2/repository/io/nop/app/app-erp-drp-service/1.0-SNAPSHOT/app-erp-drp-service-1.0-SNAPSHOT-sources.jar
[INFO] 
[INFO] ---------------------< io.nop.app:app-erp-drp-web >---------------------
[INFO] Building app-erp-drp-web 1.0-SNAPSHOT                          [134/156]
[INFO]   from module-drp/erp-drp-web/pom.xml
[INFO] --------------------------------[ jar ]---------------------------------
[INFO] 
[INFO] --- clean:3.4.0:clean (default-clean) @ app-erp-drp-web ---
[INFO] Deleting /Users/abc/app/nop-app-erp/module-drp/erp-drp-web/target
[INFO] 
[INFO] --- enforcer:3.0.0-M2:enforce (enforce-no-duplicate-dependencies) @ app-erp-drp-web ---
[INFO] 
[INFO] --- jacoco:0.8.14:prepare-agent (default-prepare-agent) @ app-erp-drp-web ---
[INFO] jacocoArgLine set to -javaagent:/Users/abc/.m2/repository/org/jacoco/org.jacoco.agent/0.8.14/org.jacoco.agent-0.8.14-runtime.jar=destfile=/Users/abc/app/nop-app-erp/module-drp/erp-drp-web/target/jacoco.exec,excludes=**/_gen/**:**/_*.java:**/_*.xml:**/*Errors.*:**/*Configs.*:**/*Constants*:**/parse/antlr/**
[INFO] 
[INFO] --- exec:3.0.0:java (precompile) @ app-erp-drp-web ---
SLF4J: Failed to load class "org.slf4j.impl.StaticLoggerBinder".
SLF4J: Defaulting to no-operation (NOP) logger implementation
SLF4J: See http://www.slf4j.org/codes.html#StaticLoggerBinder for further details.
projectDir=/Users/abc/app/nop-app-erp/module-drp/erp-drp-web,dryRun=false,tplRoot=precompile
end
[INFO] 
[INFO] --- exec:3.0.0:java (precompile2) @ app-erp-drp-web ---
SLF4J: Failed to load class "org.slf4j.impl.StaticLoggerBinder".
SLF4J: Defaulting to no-operation (NOP) logger implementation
SLF4J: See http://www.slf4j.org/codes.html#StaticLoggerBinder for further details.
projectDir=/Users/abc/app/nop-app-erp/module-drp/erp-drp-web,dryRun=false,tplRoot=precompile2
end
[INFO] 
[INFO] --- resources:3.3.1:resources (default-resources) @ app-erp-drp-web ---
[INFO] Copying 63 resources from src/main/resources to target/classes
[INFO] 
[INFO] --- compiler:3.11.0:compile (default-compile) @ app-erp-drp-web ---
[INFO] No sources to compile
[INFO] 
[INFO] --- exec:3.0.0:java (aop) @ app-erp-drp-web ---
SLF4J: Failed to load class "org.slf4j.impl.StaticLoggerBinder".
SLF4J: Defaulting to no-operation (NOP) logger implementation
SLF4J: See http://www.slf4j.org/codes.html#StaticLoggerBinder for further details.
nop.gen-aop-proxy
[INFO] 
[INFO] --- exec:3.0.0:java (postcompile) @ app-erp-drp-web ---
SLF4J: Failed to load class "org.slf4j.impl.StaticLoggerBinder".
SLF4J: Defaulting to no-operation (NOP) logger implementation
SLF4J: See http://www.slf4j.org/codes.html#StaticLoggerBinder for further details.
nop.skip-codegen-when-tpl-dir-is-empty:/Users/abc/app/nop-app-erp/module-drp/erp-drp-web/postcompile
[INFO] 
[INFO] --- resources:3.3.1:testResources (default-testResources) @ app-erp-drp-web ---
[INFO] skip non existing resourceDirectory /Users/abc/app/nop-app-erp/module-drp/erp-drp-web/src/test/resources
[INFO] 
[INFO] --- compiler:3.11.0:testCompile (default-testCompile) @ app-erp-drp-web ---
[INFO] Changes detected - recompiling the module! :dependency
[INFO] Compiling 2 source files with javac [debug release 17] to target/test-classes
[INFO] 
[INFO] --- surefire:3.2.2:test (default-test) @ app-erp-drp-web ---
[INFO] Tests are skipped.
[INFO] 
[INFO] --- jar:3.3.0:jar (default-jar) @ app-erp-drp-web ---
[INFO] Building jar: /Users/abc/app/nop-app-erp/module-drp/erp-drp-web/target/app-erp-drp-web-1.0-SNAPSHOT.jar
[INFO] 
[INFO] --- source:3.3.0:jar-no-fork (attach-sources) @ app-erp-drp-web ---
[INFO] Building jar: /Users/abc/app/nop-app-erp/module-drp/erp-drp-web/target/app-erp-drp-web-1.0-SNAPSHOT-sources.jar
[INFO] 
[INFO] --- install:3.1.1:install (default-install) @ app-erp-drp-web ---
[INFO] Installing /Users/abc/app/nop-app-erp/module-drp/erp-drp-web/pom.xml to /Users/abc/.m2/repository/io/nop/app/app-erp-drp-web/1.0-SNAPSHOT/app-erp-drp-web-1.0-SNAPSHOT.pom
[INFO] Installing /Users/abc/app/nop-app-erp/module-drp/erp-drp-web/target/app-erp-drp-web-1.0-SNAPSHOT.jar to /Users/abc/.m2/repository/io/nop/app/app-erp-drp-web/1.0-SNAPSHOT/app-erp-drp-web-1.0-SNAPSHOT.jar
[INFO] Installing /Users/abc/app/nop-app-erp/module-drp/erp-drp-web/target/app-erp-drp-web-1.0-SNAPSHOT-sources.jar to /Users/abc/.m2/repository/io/nop/app/app-erp-drp-web/1.0-SNAPSHOT/app-erp-drp-web-1.0-SNAPSHOT-sources.jar
[INFO] 
[INFO] ---------------------< io.nop.app:app-erp-drp-app >---------------------
[INFO] Building app-erp-drp-app 1.0-SNAPSHOT                          [135/156]
[INFO]   from module-drp/erp-drp-app/pom.xml
[INFO] --------------------------------[ jar ]---------------------------------
[INFO] 
[INFO] --- clean:3.4.0:clean (default-clean) @ app-erp-drp-app ---
[INFO] Deleting /Users/abc/app/nop-app-erp/module-drp/erp-drp-app/target
[INFO] 
[INFO] --- enforcer:3.0.0-M2:enforce (enforce-no-duplicate-dependencies) @ app-erp-drp-app ---
[INFO] 
[INFO] --- jacoco:0.8.14:prepare-agent (default-prepare-agent) @ app-erp-drp-app ---
[INFO] jacocoArgLine set to -javaagent:/Users/abc/.m2/repository/org/jacoco/org.jacoco.agent/0.8.14/org.jacoco.agent-0.8.14-runtime.jar=destfile=/Users/abc/app/nop-app-erp/module-drp/erp-drp-app/target/jacoco.exec,excludes=**/_gen/**:**/_*.java:**/_*.xml:**/*Errors.*:**/*Configs.*:**/*Constants*:**/parse/antlr/**
[INFO] 
[INFO] --- exec:3.0.0:java (precompile) @ app-erp-drp-app ---
nop.skip-codegen-when-tpl-dir-is-empty:/Users/abc/app/nop-app-erp/module-drp/erp-drp-app/precompile
[INFO] 
[INFO] --- exec:3.0.0:java (precompile2) @ app-erp-drp-app ---
nop.skip-codegen-when-tpl-dir-is-empty:/Users/abc/app/nop-app-erp/module-drp/erp-drp-app/precompile2
[INFO] 
[INFO] --- resources:3.3.1:resources (default-resources) @ app-erp-drp-app ---
[INFO] Copying 7 resources from src/main/resources to target/classes
[INFO] 
[INFO] --- compiler:3.11.0:compile (default-compile) @ app-erp-drp-app ---
[INFO] Changes detected - recompiling the module! :dependency
[INFO] Compiling 1 source file with javac [debug release 17] to target/classes
[INFO] 
[INFO] --- exec:3.0.0:java (aop) @ app-erp-drp-app ---
nop.gen-aop-proxy
[INFO] 
[INFO] --- exec:3.0.0:java (postcompile) @ app-erp-drp-app ---
nop.skip-codegen-when-tpl-dir-is-empty:/Users/abc/app/nop-app-erp/module-drp/erp-drp-app/postcompile
[INFO] 
[INFO] --- resources:3.3.1:testResources (default-testResources) @ app-erp-drp-app ---
[INFO] skip non existing resourceDirectory /Users/abc/app/nop-app-erp/module-drp/erp-drp-app/src/test/resources
[INFO] 
[INFO] --- compiler:3.11.0:testCompile (default-testCompile) @ app-erp-drp-app ---
[INFO] No sources to compile
[INFO] 
[INFO] --- surefire:3.0.0-M5:test (default-test) @ app-erp-drp-app ---
[INFO] Tests are skipped.
[INFO] 
[INFO] --- jar:3.3.0:jar (default-jar) @ app-erp-drp-app ---
[INFO] Building jar: /Users/abc/app/nop-app-erp/module-drp/erp-drp-app/target/app-erp-drp-app-1.0-SNAPSHOT.jar
[INFO] 
[INFO] --- source:3.3.0:jar-no-fork (attach-sources) @ app-erp-drp-app ---
[INFO] Building jar: /Users/abc/app/nop-app-erp/module-drp/erp-drp-app/target/app-erp-drp-app-1.0-SNAPSHOT-sources.jar
[INFO] 
[INFO] --- quarkus:3.35.1:build (default) @ app-erp-drp-app ---
[WARNING] The Maven extensions for the Quarkus Maven plugin are not enabled for this build. We recommend enabling this, so that the plugin can verify essential build settings have been configured as required. Please enable by adding "<extensions>true</extensions>" in your quarkus-maven-plugin declaration; it should look like:

	<plugin>
		<groupId>${quarkus.platform.group-id}</groupId>
		<artifactId>quarkus-maven-plugin</artifactId>
		<version>${quarkus.platform.version}</version>
		<extensions>true</extensions> <!-- THIS ONE -->
		...

[WARNING] [io.quarkus.config] Unrecognized configuration key "quarkus.http.cors" was provided; it will be ignored; verify that the dependency extension for this configuration is set or that you did not make a typo
[WARNING] [io.quarkus.agroal.deployment.AgroalProcessor] The Agroal dependency is present but no JDBC datasources have been defined.
[INFO] [io.quarkus.deployment.QuarkusAugmentor] Quarkus augmentation completed in 1072ms
[INFO] 
[INFO] --- install:3.1.1:install (default-install) @ app-erp-drp-app ---
[INFO] Skipping artifact installation
[INFO] 
[INFO] --------------------< io.nop.app:app-erp-logistics >--------------------
[INFO] Building app-erp-logistics 1.0-SNAPSHOT                        [136/156]
[INFO]   from module-logistics/pom.xml
[INFO] --------------------------------[ pom ]---------------------------------
[INFO] 
[INFO] --- clean:3.4.0:clean (default-clean) @ app-erp-logistics ---
[INFO] 
[INFO] --- enforcer:3.0.0-M2:enforce (enforce-no-duplicate-dependencies) @ app-erp-logistics ---
[INFO] 
[INFO] --- jacoco:0.8.14:prepare-agent (default-prepare-agent) @ app-erp-logistics ---
[INFO] jacocoArgLine set to -javaagent:/Users/abc/.m2/repository/org/jacoco/org.jacoco.agent/0.8.14/org.jacoco.agent-0.8.14-runtime.jar=destfile=/Users/abc/app/nop-app-erp/module-logistics/target/jacoco.exec,excludes=**/_gen/**:**/_*.java:**/_*.xml:**/*Errors.*:**/*Configs.*:**/*Constants*:**/parse/antlr/**
[INFO] 
[INFO] --- source:3.3.0:jar-no-fork (attach-sources) @ app-erp-logistics ---
[INFO] 
[INFO] --- install:3.1.1:install (default-install) @ app-erp-logistics ---
[INFO] Installing /Users/abc/app/nop-app-erp/module-logistics/pom.xml to /Users/abc/.m2/repository/io/nop/app/app-erp-logistics/1.0-SNAPSHOT/app-erp-logistics-1.0-SNAPSHOT.pom
[INFO] 
[INFO] ----------------< io.nop.app:app-erp-logistics-codegen >----------------
[INFO] Building app-erp-logistics-codegen 1.0-SNAPSHOT                [137/156]
[INFO]   from module-logistics/erp-log-codegen/pom.xml
[INFO] --------------------------------[ jar ]---------------------------------
[INFO] 
[INFO] --- clean:3.4.0:clean (default-clean) @ app-erp-logistics-codegen ---
[INFO] Deleting /Users/abc/app/nop-app-erp/module-logistics/erp-log-codegen/target
[INFO] 
[INFO] --- enforcer:3.0.0-M2:enforce (enforce-no-duplicate-dependencies) @ app-erp-logistics-codegen ---
[INFO] 
[INFO] --- jacoco:0.8.14:prepare-agent (default-prepare-agent) @ app-erp-logistics-codegen ---
[INFO] jacocoArgLine set to -javaagent:/Users/abc/.m2/repository/org/jacoco/org.jacoco.agent/0.8.14/org.jacoco.agent-0.8.14-runtime.jar=destfile=/Users/abc/app/nop-app-erp/module-logistics/erp-log-codegen/target/jacoco.exec,excludes=**/_gen/**:**/_*.java:**/_*.xml:**/*Errors.*:**/*Configs.*:**/*Constants*:**/parse/antlr/**
[INFO] 
[INFO] --- exec:3.0.0:java (precompile) @ app-erp-logistics-codegen ---
SLF4J: Failed to load class "org.slf4j.impl.StaticLoggerBinder".
SLF4J: Defaulting to no-operation (NOP) logger implementation
SLF4J: See http://www.slf4j.org/codes.html#StaticLoggerBinder for further details.
nop.skip-codegen-when-tpl-dir-is-empty:/Users/abc/app/nop-app-erp/module-logistics/erp-log-codegen/precompile
[INFO] 
[INFO] --- exec:3.0.0:java (precompile2) @ app-erp-logistics-codegen ---
SLF4J: Failed to load class "org.slf4j.impl.StaticLoggerBinder".
SLF4J: Defaulting to no-operation (NOP) logger implementation
SLF4J: See http://www.slf4j.org/codes.html#StaticLoggerBinder for further details.
nop.skip-codegen-when-tpl-dir-is-empty:/Users/abc/app/nop-app-erp/module-logistics/erp-log-codegen/precompile2
[INFO] 
[INFO] --- resources:3.3.1:resources (default-resources) @ app-erp-logistics-codegen ---
[INFO] skip non existing resourceDirectory /Users/abc/app/nop-app-erp/module-logistics/erp-log-codegen/src/main/resources
[INFO] 
[INFO] --- compiler:3.11.0:compile (default-compile) @ app-erp-logistics-codegen ---
[INFO] No sources to compile
[INFO] 
[INFO] --- exec:3.0.0:java (aop) @ app-erp-logistics-codegen ---
SLF4J: Failed to load class "org.slf4j.impl.StaticLoggerBinder".
SLF4J: Defaulting to no-operation (NOP) logger implementation
SLF4J: See http://www.slf4j.org/codes.html#StaticLoggerBinder for further details.
nop.gen-aop-proxy
[INFO] 
[INFO] --- exec:3.0.0:java (postcompile) @ app-erp-logistics-codegen ---
SLF4J: Failed to load class "org.slf4j.impl.StaticLoggerBinder".
SLF4J: Defaulting to no-operation (NOP) logger implementation
SLF4J: See http://www.slf4j.org/codes.html#StaticLoggerBinder for further details.
projectDir=/Users/abc/app/nop-app-erp/module-logistics/erp-log-codegen,dryRun=false,tplRoot=postcompile
end
[INFO] 
[INFO] --- resources:3.3.1:testResources (default-testResources) @ app-erp-logistics-codegen ---
[INFO] skip non existing resourceDirectory /Users/abc/app/nop-app-erp/module-logistics/erp-log-codegen/src/test/resources
[INFO] 
[INFO] --- compiler:3.11.0:testCompile (default-testCompile) @ app-erp-logistics-codegen ---
[INFO] Changes detected - recompiling the module! :source
[INFO] Compiling 1 source file with javac [debug release 17] to target/test-classes
[INFO] 
[INFO] --- surefire:3.2.2:test (default-test) @ app-erp-logistics-codegen ---
[INFO] Tests are skipped.
[INFO] 
[INFO] --- jar:3.3.0:jar (default-jar) @ app-erp-logistics-codegen ---
[WARNING] JAR will be empty - no content was marked for inclusion!
[INFO] Building jar: /Users/abc/app/nop-app-erp/module-logistics/erp-log-codegen/target/app-erp-logistics-codegen-1.0-SNAPSHOT.jar
[INFO] 
[INFO] --- source:3.3.0:jar-no-fork (attach-sources) @ app-erp-logistics-codegen ---
[INFO] No sources in project. Archive not created.
[INFO] 
[INFO] --- install:3.1.1:install (default-install) @ app-erp-logistics-codegen ---
[INFO] Installing /Users/abc/app/nop-app-erp/module-logistics/erp-log-codegen/pom.xml to /Users/abc/.m2/repository/io/nop/app/app-erp-logistics-codegen/1.0-SNAPSHOT/app-erp-logistics-codegen-1.0-SNAPSHOT.pom
[INFO] Installing /Users/abc/app/nop-app-erp/module-logistics/erp-log-codegen/target/app-erp-logistics-codegen-1.0-SNAPSHOT.jar to /Users/abc/.m2/repository/io/nop/app/app-erp-logistics-codegen/1.0-SNAPSHOT/app-erp-logistics-codegen-1.0-SNAPSHOT.jar
[INFO] 
[INFO] ------------------< io.nop.app:app-erp-logistics-api >------------------
[INFO] Building app-erp-logistics-api 1.0-SNAPSHOT                    [138/156]
[INFO]   from module-logistics/erp-log-api/pom.xml
[INFO] --------------------------------[ jar ]---------------------------------
[INFO] 
[INFO] --- clean:3.2.0:clean (default-clean) @ app-erp-logistics-api ---
[INFO] Deleting /Users/abc/app/nop-app-erp/module-logistics/erp-log-api/target
[INFO] 
[INFO] --- resources:3.3.1:resources (default-resources) @ app-erp-logistics-api ---
[INFO] skip non existing resourceDirectory /Users/abc/app/nop-app-erp/module-logistics/erp-log-api/src/main/resources
[INFO] 
[INFO] --- compiler:3.13.0:compile (default-compile) @ app-erp-logistics-api ---
[INFO] Recompiling the module because of changed source code.
[INFO] Compiling 24 source files with javac [debug release 11] to target/classes
[INFO] 
[INFO] --- resources:3.3.1:testResources (default-testResources) @ app-erp-logistics-api ---
[INFO] skip non existing resourceDirectory /Users/abc/app/nop-app-erp/module-logistics/erp-log-api/src/test/resources
[INFO] 
[INFO] --- compiler:3.13.0:testCompile (default-testCompile) @ app-erp-logistics-api ---
[INFO] No sources to compile
[INFO] 
[INFO] --- surefire:3.2.5:test (default-test) @ app-erp-logistics-api ---
[INFO] Tests are skipped.
[INFO] 
[INFO] --- jar:3.4.1:jar (default-jar) @ app-erp-logistics-api ---
[INFO] Building jar: /Users/abc/app/nop-app-erp/module-logistics/erp-log-api/target/app-erp-logistics-api-1.0-SNAPSHOT.jar
[INFO] 
[INFO] --- install:3.1.2:install (default-install) @ app-erp-logistics-api ---
[INFO] Installing /Users/abc/app/nop-app-erp/module-logistics/erp-log-api/pom.xml to /Users/abc/.m2/repository/io/nop/app/app-erp-logistics-api/1.0-SNAPSHOT/app-erp-logistics-api-1.0-SNAPSHOT.pom
[INFO] Installing /Users/abc/app/nop-app-erp/module-logistics/erp-log-api/target/app-erp-logistics-api-1.0-SNAPSHOT.jar to /Users/abc/.m2/repository/io/nop/app/app-erp-logistics-api/1.0-SNAPSHOT/app-erp-logistics-api-1.0-SNAPSHOT.jar
[INFO] 
[INFO] ------------------< io.nop.app:app-erp-logistics-dao >------------------
[INFO] Building app-erp-logistics-dao 1.0-SNAPSHOT                    [139/156]
[INFO]   from module-logistics/erp-log-dao/pom.xml
[INFO] --------------------------------[ jar ]---------------------------------
[INFO] 
[INFO] --- clean:3.4.0:clean (default-clean) @ app-erp-logistics-dao ---
[INFO] Deleting /Users/abc/app/nop-app-erp/module-logistics/erp-log-dao/target
[INFO] 
[INFO] --- enforcer:3.0.0-M2:enforce (enforce-no-duplicate-dependencies) @ app-erp-logistics-dao ---
[INFO] 
[INFO] --- jacoco:0.8.14:prepare-agent (default-prepare-agent) @ app-erp-logistics-dao ---
[INFO] jacocoArgLine set to -javaagent:/Users/abc/.m2/repository/org/jacoco/org.jacoco.agent/0.8.14/org.jacoco.agent-0.8.14-runtime.jar=destfile=/Users/abc/app/nop-app-erp/module-logistics/erp-log-dao/target/jacoco.exec,excludes=**/_gen/**:**/_*.java:**/_*.xml:**/*Errors.*:**/*Configs.*:**/*Constants*:**/parse/antlr/**
[INFO] 
[INFO] --- resources:3.3.1:resources (default-resources) @ app-erp-logistics-dao ---
[INFO] Copying 4 resources from src/main/resources to target/classes
[INFO] 
[INFO] --- compiler:3.11.0:compile (default-compile) @ app-erp-logistics-dao ---
[INFO] Changes detected - recompiling the module! :dependency
[INFO] Compiling 26 source files with javac [debug release 17] to target/classes
[INFO] 
[INFO] --- resources:3.3.1:testResources (default-testResources) @ app-erp-logistics-dao ---
[INFO] skip non existing resourceDirectory /Users/abc/app/nop-app-erp/module-logistics/erp-log-dao/src/test/resources
[INFO] 
[INFO] --- compiler:3.11.0:testCompile (default-testCompile) @ app-erp-logistics-dao ---
[INFO] No sources to compile
[INFO] 
[INFO] --- surefire:3.2.2:test (default-test) @ app-erp-logistics-dao ---
[INFO] Tests are skipped.
[INFO] 
[INFO] --- jar:3.3.0:jar (default-jar) @ app-erp-logistics-dao ---
[INFO] Building jar: /Users/abc/app/nop-app-erp/module-logistics/erp-log-dao/target/app-erp-logistics-dao-1.0-SNAPSHOT.jar
[INFO] 
[INFO] --- source:3.3.0:jar-no-fork (attach-sources) @ app-erp-logistics-dao ---
[INFO] Building jar: /Users/abc/app/nop-app-erp/module-logistics/erp-log-dao/target/app-erp-logistics-dao-1.0-SNAPSHOT-sources.jar
[INFO] 
[INFO] --- install:3.1.1:install (default-install) @ app-erp-logistics-dao ---
[INFO] Installing /Users/abc/app/nop-app-erp/module-logistics/erp-log-dao/pom.xml to /Users/abc/.m2/repository/io/nop/app/app-erp-logistics-dao/1.0-SNAPSHOT/app-erp-logistics-dao-1.0-SNAPSHOT.pom
[INFO] Installing /Users/abc/app/nop-app-erp/module-logistics/erp-log-dao/target/app-erp-logistics-dao-1.0-SNAPSHOT.jar to /Users/abc/.m2/repository/io/nop/app/app-erp-logistics-dao/1.0-SNAPSHOT/app-erp-logistics-dao-1.0-SNAPSHOT.jar
[INFO] Installing /Users/abc/app/nop-app-erp/module-logistics/erp-log-dao/target/app-erp-logistics-dao-1.0-SNAPSHOT-sources.jar to /Users/abc/.m2/repository/io/nop/app/app-erp-logistics-dao/1.0-SNAPSHOT/app-erp-logistics-dao-1.0-SNAPSHOT-sources.jar
[INFO] 
[INFO] -----------------< io.nop.app:app-erp-logistics-meta >------------------
[INFO] Building app-erp-logistics-meta 1.0-SNAPSHOT                   [140/156]
[INFO]   from module-logistics/erp-log-meta/pom.xml
[INFO] --------------------------------[ jar ]---------------------------------
[INFO] 
[INFO] --- clean:3.4.0:clean (default-clean) @ app-erp-logistics-meta ---
[INFO] Deleting /Users/abc/app/nop-app-erp/module-logistics/erp-log-meta/target
[INFO] 
[INFO] --- enforcer:3.0.0-M2:enforce (enforce-no-duplicate-dependencies) @ app-erp-logistics-meta ---
[INFO] 
[INFO] --- jacoco:0.8.14:prepare-agent (default-prepare-agent) @ app-erp-logistics-meta ---
[INFO] jacocoArgLine set to -javaagent:/Users/abc/.m2/repository/org/jacoco/org.jacoco.agent/0.8.14/org.jacoco.agent-0.8.14-runtime.jar=destfile=/Users/abc/app/nop-app-erp/module-logistics/erp-log-meta/target/jacoco.exec,excludes=**/_gen/**:**/_*.java:**/_*.xml:**/*Errors.*:**/*Configs.*:**/*Constants*:**/parse/antlr/**
[INFO] 
[INFO] --- exec:3.0.0:java (precompile) @ app-erp-logistics-meta ---
SLF4J: Failed to load class "org.slf4j.impl.StaticLoggerBinder".
SLF4J: Defaulting to no-operation (NOP) logger implementation
SLF4J: See http://www.slf4j.org/codes.html#StaticLoggerBinder for further details.
projectDir=/Users/abc/app/nop-app-erp/module-logistics/erp-log-meta,dryRun=false,tplRoot=precompile
end
[INFO] 
[INFO] --- exec:3.0.0:java (precompile2) @ app-erp-logistics-meta ---
SLF4J: Failed to load class "org.slf4j.impl.StaticLoggerBinder".
SLF4J: Defaulting to no-operation (NOP) logger implementation
SLF4J: See http://www.slf4j.org/codes.html#StaticLoggerBinder for further details.
nop.skip-codegen-when-tpl-dir-is-empty:/Users/abc/app/nop-app-erp/module-logistics/erp-log-meta/precompile2
[INFO] 
[INFO] --- resources:3.3.1:resources (default-resources) @ app-erp-logistics-meta ---
[INFO] Copying 29 resources from src/main/resources to target/classes
[INFO] 
[INFO] --- compiler:3.11.0:compile (default-compile) @ app-erp-logistics-meta ---
[INFO] No sources to compile
[INFO] 
[INFO] --- exec:3.0.0:java (aop) @ app-erp-logistics-meta ---
SLF4J: Failed to load class "org.slf4j.impl.StaticLoggerBinder".
SLF4J: Defaulting to no-operation (NOP) logger implementation
SLF4J: See http://www.slf4j.org/codes.html#StaticLoggerBinder for further details.
nop.gen-aop-proxy
[INFO] 
[INFO] --- exec:3.0.0:java (postcompile) @ app-erp-logistics-meta ---
SLF4J: Failed to load class "org.slf4j.impl.StaticLoggerBinder".
SLF4J: Defaulting to no-operation (NOP) logger implementation
SLF4J: See http://www.slf4j.org/codes.html#StaticLoggerBinder for further details.
projectDir=/Users/abc/app/nop-app-erp/module-logistics/erp-log-meta,dryRun=false,tplRoot=postcompile
end
[INFO] 
[INFO] --- resources:3.3.1:testResources (default-testResources) @ app-erp-logistics-meta ---
[INFO] skip non existing resourceDirectory /Users/abc/app/nop-app-erp/module-logistics/erp-log-meta/src/test/resources
[INFO] 
[INFO] --- compiler:3.11.0:testCompile (default-testCompile) @ app-erp-logistics-meta ---
[INFO] No sources to compile
[INFO] 
[INFO] --- surefire:3.2.2:test (default-test) @ app-erp-logistics-meta ---
[INFO] Tests are skipped.
[INFO] 
[INFO] --- jar:3.3.0:jar (default-jar) @ app-erp-logistics-meta ---
[INFO] Building jar: /Users/abc/app/nop-app-erp/module-logistics/erp-log-meta/target/app-erp-logistics-meta-1.0-SNAPSHOT.jar
[INFO] 
[INFO] --- source:3.3.0:jar-no-fork (attach-sources) @ app-erp-logistics-meta ---
[INFO] Building jar: /Users/abc/app/nop-app-erp/module-logistics/erp-log-meta/target/app-erp-logistics-meta-1.0-SNAPSHOT-sources.jar
[INFO] 
[INFO] --- install:3.1.1:install (default-install) @ app-erp-logistics-meta ---
[INFO] Installing /Users/abc/app/nop-app-erp/module-logistics/erp-log-meta/pom.xml to /Users/abc/.m2/repository/io/nop/app/app-erp-logistics-meta/1.0-SNAPSHOT/app-erp-logistics-meta-1.0-SNAPSHOT.pom
[INFO] Installing /Users/abc/app/nop-app-erp/module-logistics/erp-log-meta/target/app-erp-logistics-meta-1.0-SNAPSHOT.jar to /Users/abc/.m2/repository/io/nop/app/app-erp-logistics-meta/1.0-SNAPSHOT/app-erp-logistics-meta-1.0-SNAPSHOT.jar
[INFO] Installing /Users/abc/app/nop-app-erp/module-logistics/erp-log-meta/target/app-erp-logistics-meta-1.0-SNAPSHOT-sources.jar to /Users/abc/.m2/repository/io/nop/app/app-erp-logistics-meta/1.0-SNAPSHOT/app-erp-logistics-meta-1.0-SNAPSHOT-sources.jar
[INFO] 
[INFO] ----------------< io.nop.app:app-erp-logistics-service >----------------
[INFO] Building app-erp-logistics-service 1.0-SNAPSHOT                [141/156]
[INFO]   from module-logistics/erp-log-service/pom.xml
[INFO] --------------------------------[ jar ]---------------------------------
[INFO] 
[INFO] --- clean:3.4.0:clean (default-clean) @ app-erp-logistics-service ---
[INFO] Deleting /Users/abc/app/nop-app-erp/module-logistics/erp-log-service/target
[INFO] 
[INFO] --- enforcer:3.0.0-M2:enforce (enforce-no-duplicate-dependencies) @ app-erp-logistics-service ---
[INFO] 
[INFO] --- jacoco:0.8.14:prepare-agent (default-prepare-agent) @ app-erp-logistics-service ---
[INFO] jacocoArgLine set to -javaagent:/Users/abc/.m2/repository/org/jacoco/org.jacoco.agent/0.8.14/org.jacoco.agent-0.8.14-runtime.jar=destfile=/Users/abc/app/nop-app-erp/module-logistics/erp-log-service/target/jacoco.exec,excludes=**/_gen/**:**/_*.java:**/_*.xml:**/*Errors.*:**/*Configs.*:**/*Constants*:**/parse/antlr/**
[INFO] 
[INFO] --- exec:3.0.0:java (precompile) @ app-erp-logistics-service ---
SLF4J: Failed to load class "org.slf4j.impl.StaticLoggerBinder".
SLF4J: Defaulting to no-operation (NOP) logger implementation
SLF4J: See http://www.slf4j.org/codes.html#StaticLoggerBinder for further details.
nop.skip-codegen-when-tpl-dir-is-empty:/Users/abc/app/nop-app-erp/module-logistics/erp-log-service/precompile
[INFO] 
[INFO] --- exec:3.0.0:java (precompile2) @ app-erp-logistics-service ---
SLF4J: Failed to load class "org.slf4j.impl.StaticLoggerBinder".
SLF4J: Defaulting to no-operation (NOP) logger implementation
SLF4J: See http://www.slf4j.org/codes.html#StaticLoggerBinder for further details.
nop.skip-codegen-when-tpl-dir-is-empty:/Users/abc/app/nop-app-erp/module-logistics/erp-log-service/precompile2
[INFO] 
[INFO] --- resources:3.3.1:resources (default-resources) @ app-erp-logistics-service ---
[INFO] Copying 20 resources from src/main/resources to target/classes
[INFO] 
[INFO] --- compiler:3.11.0:compile (default-compile) @ app-erp-logistics-service ---
[INFO] Changes detected - recompiling the module! :dependency
[INFO] Compiling 38 source files with javac [debug release 17] to target/classes
[INFO] 
[INFO] --- exec:3.0.0:java (aop) @ app-erp-logistics-service ---
SLF4J: Failed to load class "org.slf4j.impl.StaticLoggerBinder".
SLF4J: Defaulting to no-operation (NOP) logger implementation
SLF4J: See http://www.slf4j.org/codes.html#StaticLoggerBinder for further details.
nop.gen-aop-proxy
[INFO] 
[INFO] --- exec:3.0.0:java (postcompile) @ app-erp-logistics-service ---
SLF4J: Failed to load class "org.slf4j.impl.StaticLoggerBinder".
SLF4J: Defaulting to no-operation (NOP) logger implementation
SLF4J: See http://www.slf4j.org/codes.html#StaticLoggerBinder for further details.
nop.skip-codegen-when-tpl-dir-is-empty:/Users/abc/app/nop-app-erp/module-logistics/erp-log-service/postcompile
[INFO] 
[INFO] --- resources:3.3.1:testResources (default-testResources) @ app-erp-logistics-service ---
[INFO] skip non existing resourceDirectory /Users/abc/app/nop-app-erp/module-logistics/erp-log-service/src/test/resources
[INFO] 
[INFO] --- compiler:3.11.0:testCompile (default-testCompile) @ app-erp-logistics-service ---
[INFO] Changes detected - recompiling the module! :dependency
[INFO] Compiling 16 source files with javac [debug release 17] to target/test-classes
[INFO] 
[INFO] --- surefire:3.2.2:test (default-test) @ app-erp-logistics-service ---
[INFO] Tests are skipped.
[INFO] 
[INFO] --- jar:3.3.0:jar (default-jar) @ app-erp-logistics-service ---
[INFO] Building jar: /Users/abc/app/nop-app-erp/module-logistics/erp-log-service/target/app-erp-logistics-service-1.0-SNAPSHOT.jar
[INFO] 
[INFO] --- source:3.3.0:jar-no-fork (attach-sources) @ app-erp-logistics-service ---
[INFO] Building jar: /Users/abc/app/nop-app-erp/module-logistics/erp-log-service/target/app-erp-logistics-service-1.0-SNAPSHOT-sources.jar
[INFO] 
[INFO] --- install:3.1.1:install (default-install) @ app-erp-logistics-service ---
[INFO] Installing /Users/abc/app/nop-app-erp/module-logistics/erp-log-service/pom.xml to /Users/abc/.m2/repository/io/nop/app/app-erp-logistics-service/1.0-SNAPSHOT/app-erp-logistics-service-1.0-SNAPSHOT.pom
[INFO] Installing /Users/abc/app/nop-app-erp/module-logistics/erp-log-service/target/app-erp-logistics-service-1.0-SNAPSHOT.jar to /Users/abc/.m2/repository/io/nop/app/app-erp-logistics-service/1.0-SNAPSHOT/app-erp-logistics-service-1.0-SNAPSHOT.jar
[INFO] Installing /Users/abc/app/nop-app-erp/module-logistics/erp-log-service/target/app-erp-logistics-service-1.0-SNAPSHOT-sources.jar to /Users/abc/.m2/repository/io/nop/app/app-erp-logistics-service/1.0-SNAPSHOT/app-erp-logistics-service-1.0-SNAPSHOT-sources.jar
[INFO] 
[INFO] ------------------< io.nop.app:app-erp-logistics-web >------------------
[INFO] Building app-erp-logistics-web 1.0-SNAPSHOT                    [142/156]
[INFO]   from module-logistics/erp-log-web/pom.xml
[INFO] --------------------------------[ jar ]---------------------------------
[INFO] 
[INFO] --- clean:3.4.0:clean (default-clean) @ app-erp-logistics-web ---
[INFO] Deleting /Users/abc/app/nop-app-erp/module-logistics/erp-log-web/target
[INFO] 
[INFO] --- enforcer:3.0.0-M2:enforce (enforce-no-duplicate-dependencies) @ app-erp-logistics-web ---
[INFO] 
[INFO] --- jacoco:0.8.14:prepare-agent (default-prepare-agent) @ app-erp-logistics-web ---
[INFO] jacocoArgLine set to -javaagent:/Users/abc/.m2/repository/org/jacoco/org.jacoco.agent/0.8.14/org.jacoco.agent-0.8.14-runtime.jar=destfile=/Users/abc/app/nop-app-erp/module-logistics/erp-log-web/target/jacoco.exec,excludes=**/_gen/**:**/_*.java:**/_*.xml:**/*Errors.*:**/*Configs.*:**/*Constants*:**/parse/antlr/**
[INFO] 
[INFO] --- exec:3.0.0:java (precompile) @ app-erp-logistics-web ---
SLF4J: Failed to load class "org.slf4j.impl.StaticLoggerBinder".
SLF4J: Defaulting to no-operation (NOP) logger implementation
SLF4J: See http://www.slf4j.org/codes.html#StaticLoggerBinder for further details.
projectDir=/Users/abc/app/nop-app-erp/module-logistics/erp-log-web,dryRun=false,tplRoot=precompile
end
[INFO] 
[INFO] --- exec:3.0.0:java (precompile2) @ app-erp-logistics-web ---
SLF4J: Failed to load class "org.slf4j.impl.StaticLoggerBinder".
SLF4J: Defaulting to no-operation (NOP) logger implementation
SLF4J: See http://www.slf4j.org/codes.html#StaticLoggerBinder for further details.
projectDir=/Users/abc/app/nop-app-erp/module-logistics/erp-log-web,dryRun=false,tplRoot=precompile2
end
[INFO] 
[INFO] --- resources:3.3.1:resources (default-resources) @ app-erp-logistics-web ---
[INFO] Copying 51 resources from src/main/resources to target/classes
[INFO] 
[INFO] --- compiler:3.11.0:compile (default-compile) @ app-erp-logistics-web ---
[INFO] No sources to compile
[INFO] 
[INFO] --- exec:3.0.0:java (aop) @ app-erp-logistics-web ---
SLF4J: Failed to load class "org.slf4j.impl.StaticLoggerBinder".
SLF4J: Defaulting to no-operation (NOP) logger implementation
SLF4J: See http://www.slf4j.org/codes.html#StaticLoggerBinder for further details.
nop.gen-aop-proxy
[INFO] 
[INFO] --- exec:3.0.0:java (postcompile) @ app-erp-logistics-web ---
SLF4J: Failed to load class "org.slf4j.impl.StaticLoggerBinder".
SLF4J: Defaulting to no-operation (NOP) logger implementation
SLF4J: See http://www.slf4j.org/codes.html#StaticLoggerBinder for further details.
nop.skip-codegen-when-tpl-dir-is-empty:/Users/abc/app/nop-app-erp/module-logistics/erp-log-web/postcompile
[INFO] 
[INFO] --- resources:3.3.1:testResources (default-testResources) @ app-erp-logistics-web ---
[INFO] skip non existing resourceDirectory /Users/abc/app/nop-app-erp/module-logistics/erp-log-web/src/test/resources
[INFO] 
[INFO] --- compiler:3.11.0:testCompile (default-testCompile) @ app-erp-logistics-web ---
[INFO] Changes detected - recompiling the module! :dependency
[INFO] Compiling 2 source files with javac [debug release 17] to target/test-classes
[INFO] 
[INFO] --- surefire:3.2.2:test (default-test) @ app-erp-logistics-web ---
[INFO] Tests are skipped.
[INFO] 
[INFO] --- jar:3.3.0:jar (default-jar) @ app-erp-logistics-web ---
[INFO] Building jar: /Users/abc/app/nop-app-erp/module-logistics/erp-log-web/target/app-erp-logistics-web-1.0-SNAPSHOT.jar
[INFO] 
[INFO] --- source:3.3.0:jar-no-fork (attach-sources) @ app-erp-logistics-web ---
[INFO] Building jar: /Users/abc/app/nop-app-erp/module-logistics/erp-log-web/target/app-erp-logistics-web-1.0-SNAPSHOT-sources.jar
[INFO] 
[INFO] --- install:3.1.1:install (default-install) @ app-erp-logistics-web ---
[INFO] Installing /Users/abc/app/nop-app-erp/module-logistics/erp-log-web/pom.xml to /Users/abc/.m2/repository/io/nop/app/app-erp-logistics-web/1.0-SNAPSHOT/app-erp-logistics-web-1.0-SNAPSHOT.pom
[INFO] Installing /Users/abc/app/nop-app-erp/module-logistics/erp-log-web/target/app-erp-logistics-web-1.0-SNAPSHOT.jar to /Users/abc/.m2/repository/io/nop/app/app-erp-logistics-web/1.0-SNAPSHOT/app-erp-logistics-web-1.0-SNAPSHOT.jar
[INFO] Installing /Users/abc/app/nop-app-erp/module-logistics/erp-log-web/target/app-erp-logistics-web-1.0-SNAPSHOT-sources.jar to /Users/abc/.m2/repository/io/nop/app/app-erp-logistics-web/1.0-SNAPSHOT/app-erp-logistics-web-1.0-SNAPSHOT-sources.jar
[INFO] 
[INFO] ------------------< io.nop.app:app-erp-logistics-app >------------------
[INFO] Building app-erp-logistics-app 1.0-SNAPSHOT                    [143/156]
[INFO]   from module-logistics/erp-log-app/pom.xml
[INFO] --------------------------------[ jar ]---------------------------------
[INFO] 
[INFO] --- clean:3.4.0:clean (default-clean) @ app-erp-logistics-app ---
[INFO] Deleting /Users/abc/app/nop-app-erp/module-logistics/erp-log-app/target
[INFO] 
[INFO] --- enforcer:3.0.0-M2:enforce (enforce-no-duplicate-dependencies) @ app-erp-logistics-app ---
[INFO] 
[INFO] --- jacoco:0.8.14:prepare-agent (default-prepare-agent) @ app-erp-logistics-app ---
[INFO] jacocoArgLine set to -javaagent:/Users/abc/.m2/repository/org/jacoco/org.jacoco.agent/0.8.14/org.jacoco.agent-0.8.14-runtime.jar=destfile=/Users/abc/app/nop-app-erp/module-logistics/erp-log-app/target/jacoco.exec,excludes=**/_gen/**:**/_*.java:**/_*.xml:**/*Errors.*:**/*Configs.*:**/*Constants*:**/parse/antlr/**
[INFO] 
[INFO] --- exec:3.0.0:java (precompile) @ app-erp-logistics-app ---
nop.skip-codegen-when-tpl-dir-is-empty:/Users/abc/app/nop-app-erp/module-logistics/erp-log-app/precompile
[INFO] 
[INFO] --- exec:3.0.0:java (precompile2) @ app-erp-logistics-app ---
nop.skip-codegen-when-tpl-dir-is-empty:/Users/abc/app/nop-app-erp/module-logistics/erp-log-app/precompile2
[INFO] 
[INFO] --- resources:3.3.1:resources (default-resources) @ app-erp-logistics-app ---
[INFO] Copying 7 resources from src/main/resources to target/classes
[INFO] 
[INFO] --- compiler:3.11.0:compile (default-compile) @ app-erp-logistics-app ---
[INFO] Changes detected - recompiling the module! :dependency
[INFO] Compiling 1 source file with javac [debug release 17] to target/classes
[INFO] 
[INFO] --- exec:3.0.0:java (aop) @ app-erp-logistics-app ---
nop.gen-aop-proxy
[INFO] 
[INFO] --- exec:3.0.0:java (postcompile) @ app-erp-logistics-app ---
nop.skip-codegen-when-tpl-dir-is-empty:/Users/abc/app/nop-app-erp/module-logistics/erp-log-app/postcompile
[INFO] 
[INFO] --- resources:3.3.1:testResources (default-testResources) @ app-erp-logistics-app ---
[INFO] skip non existing resourceDirectory /Users/abc/app/nop-app-erp/module-logistics/erp-log-app/src/test/resources
[INFO] 
[INFO] --- compiler:3.11.0:testCompile (default-testCompile) @ app-erp-logistics-app ---
[INFO] No sources to compile
[INFO] 
[INFO] --- surefire:3.0.0-M5:test (default-test) @ app-erp-logistics-app ---
[INFO] Tests are skipped.
[INFO] 
[INFO] --- jar:3.3.0:jar (default-jar) @ app-erp-logistics-app ---
[INFO] Building jar: /Users/abc/app/nop-app-erp/module-logistics/erp-log-app/target/app-erp-logistics-app-1.0-SNAPSHOT.jar
[INFO] 
[INFO] --- source:3.3.0:jar-no-fork (attach-sources) @ app-erp-logistics-app ---
[INFO] Building jar: /Users/abc/app/nop-app-erp/module-logistics/erp-log-app/target/app-erp-logistics-app-1.0-SNAPSHOT-sources.jar
[INFO] 
[INFO] --- quarkus:3.35.1:build (default) @ app-erp-logistics-app ---
[WARNING] The Maven extensions for the Quarkus Maven plugin are not enabled for this build. We recommend enabling this, so that the plugin can verify essential build settings have been configured as required. Please enable by adding "<extensions>true</extensions>" in your quarkus-maven-plugin declaration; it should look like:

	<plugin>
		<groupId>${quarkus.platform.group-id}</groupId>
		<artifactId>quarkus-maven-plugin</artifactId>
		<version>${quarkus.platform.version}</version>
		<extensions>true</extensions> <!-- THIS ONE -->
		...

[WARNING] [io.quarkus.config] Unrecognized configuration key "quarkus.http.cors" was provided; it will be ignored; verify that the dependency extension for this configuration is set or that you did not make a typo
[WARNING] [io.quarkus.agroal.deployment.AgroalProcessor] The Agroal dependency is present but no JDBC datasources have been defined.
[INFO] [io.quarkus.deployment.QuarkusAugmentor] Quarkus augmentation completed in 1031ms
[INFO] 
[INFO] --- install:3.1.1:install (default-install) @ app-erp-logistics-app ---
[INFO] Skipping artifact installation
[INFO] 
[INFO] -----------------------< io.nop.app:app-erp-b2b >-----------------------
[INFO] Building app-erp-b2b 1.0-SNAPSHOT                              [144/156]
[INFO]   from module-b2b/pom.xml
[INFO] --------------------------------[ pom ]---------------------------------
[INFO] 
[INFO] --- clean:3.4.0:clean (default-clean) @ app-erp-b2b ---
[INFO] 
[INFO] --- enforcer:3.0.0-M2:enforce (enforce-no-duplicate-dependencies) @ app-erp-b2b ---
[INFO] 
[INFO] --- jacoco:0.8.14:prepare-agent (default-prepare-agent) @ app-erp-b2b ---
[INFO] jacocoArgLine set to -javaagent:/Users/abc/.m2/repository/org/jacoco/org.jacoco.agent/0.8.14/org.jacoco.agent-0.8.14-runtime.jar=destfile=/Users/abc/app/nop-app-erp/module-b2b/target/jacoco.exec,excludes=**/_gen/**:**/_*.java:**/_*.xml:**/*Errors.*:**/*Configs.*:**/*Constants*:**/parse/antlr/**
[INFO] 
[INFO] --- source:3.3.0:jar-no-fork (attach-sources) @ app-erp-b2b ---
[INFO] 
[INFO] --- install:3.1.1:install (default-install) @ app-erp-b2b ---
[INFO] Installing /Users/abc/app/nop-app-erp/module-b2b/pom.xml to /Users/abc/.m2/repository/io/nop/app/app-erp-b2b/1.0-SNAPSHOT/app-erp-b2b-1.0-SNAPSHOT.pom
[INFO] 
[INFO] -------------------< io.nop.app:app-erp-b2b-codegen >-------------------
[INFO] Building app-erp-b2b-codegen 1.0-SNAPSHOT                      [145/156]
[INFO]   from module-b2b/erp-b2b-codegen/pom.xml
[INFO] --------------------------------[ jar ]---------------------------------
[INFO] 
[INFO] --- clean:3.4.0:clean (default-clean) @ app-erp-b2b-codegen ---
[INFO] Deleting /Users/abc/app/nop-app-erp/module-b2b/erp-b2b-codegen/target
[INFO] 
[INFO] --- enforcer:3.0.0-M2:enforce (enforce-no-duplicate-dependencies) @ app-erp-b2b-codegen ---
[INFO] 
[INFO] --- jacoco:0.8.14:prepare-agent (default-prepare-agent) @ app-erp-b2b-codegen ---
[INFO] jacocoArgLine set to -javaagent:/Users/abc/.m2/repository/org/jacoco/org.jacoco.agent/0.8.14/org.jacoco.agent-0.8.14-runtime.jar=destfile=/Users/abc/app/nop-app-erp/module-b2b/erp-b2b-codegen/target/jacoco.exec,excludes=**/_gen/**:**/_*.java:**/_*.xml:**/*Errors.*:**/*Configs.*:**/*Constants*:**/parse/antlr/**
[INFO] 
[INFO] --- exec:3.0.0:java (precompile) @ app-erp-b2b-codegen ---
SLF4J: Failed to load class "org.slf4j.impl.StaticLoggerBinder".
SLF4J: Defaulting to no-operation (NOP) logger implementation
SLF4J: See http://www.slf4j.org/codes.html#StaticLoggerBinder for further details.
nop.skip-codegen-when-tpl-dir-is-empty:/Users/abc/app/nop-app-erp/module-b2b/erp-b2b-codegen/precompile
[INFO] 
[INFO] --- exec:3.0.0:java (precompile2) @ app-erp-b2b-codegen ---
SLF4J: Failed to load class "org.slf4j.impl.StaticLoggerBinder".
SLF4J: Defaulting to no-operation (NOP) logger implementation
SLF4J: See http://www.slf4j.org/codes.html#StaticLoggerBinder for further details.
nop.skip-codegen-when-tpl-dir-is-empty:/Users/abc/app/nop-app-erp/module-b2b/erp-b2b-codegen/precompile2
[INFO] 
[INFO] --- resources:3.3.1:resources (default-resources) @ app-erp-b2b-codegen ---
[INFO] skip non existing resourceDirectory /Users/abc/app/nop-app-erp/module-b2b/erp-b2b-codegen/src/main/resources
[INFO] 
[INFO] --- compiler:3.11.0:compile (default-compile) @ app-erp-b2b-codegen ---
[INFO] No sources to compile
[INFO] 
[INFO] --- exec:3.0.0:java (aop) @ app-erp-b2b-codegen ---
SLF4J: Failed to load class "org.slf4j.impl.StaticLoggerBinder".
SLF4J: Defaulting to no-operation (NOP) logger implementation
SLF4J: See http://www.slf4j.org/codes.html#StaticLoggerBinder for further details.
nop.gen-aop-proxy
[INFO] 
[INFO] --- exec:3.0.0:java (postcompile) @ app-erp-b2b-codegen ---
SLF4J: Failed to load class "org.slf4j.impl.StaticLoggerBinder".
SLF4J: Defaulting to no-operation (NOP) logger implementation
SLF4J: See http://www.slf4j.org/codes.html#StaticLoggerBinder for further details.
projectDir=/Users/abc/app/nop-app-erp/module-b2b/erp-b2b-codegen,dryRun=false,tplRoot=postcompile
end
[INFO] 
[INFO] --- resources:3.3.1:testResources (default-testResources) @ app-erp-b2b-codegen ---
[INFO] skip non existing resourceDirectory /Users/abc/app/nop-app-erp/module-b2b/erp-b2b-codegen/src/test/resources
[INFO] 
[INFO] --- compiler:3.11.0:testCompile (default-testCompile) @ app-erp-b2b-codegen ---
[INFO] Changes detected - recompiling the module! :source
[INFO] Compiling 1 source file with javac [debug release 17] to target/test-classes
[INFO] 
[INFO] --- surefire:3.2.2:test (default-test) @ app-erp-b2b-codegen ---
[INFO] Tests are skipped.
[INFO] 
[INFO] --- jar:3.3.0:jar (default-jar) @ app-erp-b2b-codegen ---
[WARNING] JAR will be empty - no content was marked for inclusion!
[INFO] Building jar: /Users/abc/app/nop-app-erp/module-b2b/erp-b2b-codegen/target/app-erp-b2b-codegen-1.0-SNAPSHOT.jar
[INFO] 
[INFO] --- source:3.3.0:jar-no-fork (attach-sources) @ app-erp-b2b-codegen ---
[INFO] No sources in project. Archive not created.
[INFO] 
[INFO] --- install:3.1.1:install (default-install) @ app-erp-b2b-codegen ---
[INFO] Installing /Users/abc/app/nop-app-erp/module-b2b/erp-b2b-codegen/pom.xml to /Users/abc/.m2/repository/io/nop/app/app-erp-b2b-codegen/1.0-SNAPSHOT/app-erp-b2b-codegen-1.0-SNAPSHOT.pom
[INFO] Installing /Users/abc/app/nop-app-erp/module-b2b/erp-b2b-codegen/target/app-erp-b2b-codegen-1.0-SNAPSHOT.jar to /Users/abc/.m2/repository/io/nop/app/app-erp-b2b-codegen/1.0-SNAPSHOT/app-erp-b2b-codegen-1.0-SNAPSHOT.jar
[INFO] 
[INFO] ---------------------< io.nop.app:app-erp-b2b-api >---------------------
[INFO] Building app-erp-b2b-api 1.0-SNAPSHOT                          [146/156]
[INFO]   from module-b2b/erp-b2b-api/pom.xml
[INFO] --------------------------------[ jar ]---------------------------------
[INFO] 
[INFO] --- clean:3.2.0:clean (default-clean) @ app-erp-b2b-api ---
[INFO] Deleting /Users/abc/app/nop-app-erp/module-b2b/erp-b2b-api/target
[INFO] 
[INFO] --- resources:3.3.1:resources (default-resources) @ app-erp-b2b-api ---
[INFO] skip non existing resourceDirectory /Users/abc/app/nop-app-erp/module-b2b/erp-b2b-api/src/main/resources
[INFO] 
[INFO] --- compiler:3.13.0:compile (default-compile) @ app-erp-b2b-api ---
[INFO] Recompiling the module because of changed source code.
[INFO] Compiling 39 source files with javac [debug release 11] to target/classes
[INFO] 
[INFO] --- resources:3.3.1:testResources (default-testResources) @ app-erp-b2b-api ---
[INFO] skip non existing resourceDirectory /Users/abc/app/nop-app-erp/module-b2b/erp-b2b-api/src/test/resources
[INFO] 
[INFO] --- compiler:3.13.0:testCompile (default-testCompile) @ app-erp-b2b-api ---
[INFO] No sources to compile
[INFO] 
[INFO] --- surefire:3.2.5:test (default-test) @ app-erp-b2b-api ---
[INFO] Tests are skipped.
[INFO] 
[INFO] --- jar:3.4.1:jar (default-jar) @ app-erp-b2b-api ---
[INFO] Building jar: /Users/abc/app/nop-app-erp/module-b2b/erp-b2b-api/target/app-erp-b2b-api-1.0-SNAPSHOT.jar
[INFO] 
[INFO] --- install:3.1.2:install (default-install) @ app-erp-b2b-api ---
[INFO] Installing /Users/abc/app/nop-app-erp/module-b2b/erp-b2b-api/pom.xml to /Users/abc/.m2/repository/io/nop/app/app-erp-b2b-api/1.0-SNAPSHOT/app-erp-b2b-api-1.0-SNAPSHOT.pom
[INFO] Installing /Users/abc/app/nop-app-erp/module-b2b/erp-b2b-api/target/app-erp-b2b-api-1.0-SNAPSHOT.jar to /Users/abc/.m2/repository/io/nop/app/app-erp-b2b-api/1.0-SNAPSHOT/app-erp-b2b-api-1.0-SNAPSHOT.jar
[INFO] 
[INFO] ---------------------< io.nop.app:app-erp-b2b-dao >---------------------
[INFO] Building app-erp-b2b-dao 1.0-SNAPSHOT                          [147/156]
[INFO]   from module-b2b/erp-b2b-dao/pom.xml
[INFO] --------------------------------[ jar ]---------------------------------
[INFO] 
[INFO] --- clean:3.4.0:clean (default-clean) @ app-erp-b2b-dao ---
[INFO] Deleting /Users/abc/app/nop-app-erp/module-b2b/erp-b2b-dao/target
[INFO] 
[INFO] --- enforcer:3.0.0-M2:enforce (enforce-no-duplicate-dependencies) @ app-erp-b2b-dao ---
[INFO] 
[INFO] --- jacoco:0.8.14:prepare-agent (default-prepare-agent) @ app-erp-b2b-dao ---
[INFO] jacocoArgLine set to -javaagent:/Users/abc/.m2/repository/org/jacoco/org.jacoco.agent/0.8.14/org.jacoco.agent-0.8.14-runtime.jar=destfile=/Users/abc/app/nop-app-erp/module-b2b/erp-b2b-dao/target/jacoco.exec,excludes=**/_gen/**:**/_*.java:**/_*.xml:**/*Errors.*:**/*Configs.*:**/*Constants*:**/parse/antlr/**
[INFO] 
[INFO] --- resources:3.3.1:resources (default-resources) @ app-erp-b2b-dao ---
[INFO] Copying 4 resources from src/main/resources to target/classes
[INFO] 
[INFO] --- compiler:3.11.0:compile (default-compile) @ app-erp-b2b-dao ---
[INFO] Changes detected - recompiling the module! :dependency
[INFO] Compiling 41 source files with javac [debug release 17] to target/classes
[INFO] 
[INFO] --- resources:3.3.1:testResources (default-testResources) @ app-erp-b2b-dao ---
[INFO] skip non existing resourceDirectory /Users/abc/app/nop-app-erp/module-b2b/erp-b2b-dao/src/test/resources
[INFO] 
[INFO] --- compiler:3.11.0:testCompile (default-testCompile) @ app-erp-b2b-dao ---
[INFO] No sources to compile
[INFO] 
[INFO] --- surefire:3.2.2:test (default-test) @ app-erp-b2b-dao ---
[INFO] Tests are skipped.
[INFO] 
[INFO] --- jar:3.3.0:jar (default-jar) @ app-erp-b2b-dao ---
[INFO] Building jar: /Users/abc/app/nop-app-erp/module-b2b/erp-b2b-dao/target/app-erp-b2b-dao-1.0-SNAPSHOT.jar
[INFO] 
[INFO] --- source:3.3.0:jar-no-fork (attach-sources) @ app-erp-b2b-dao ---
[INFO] Building jar: /Users/abc/app/nop-app-erp/module-b2b/erp-b2b-dao/target/app-erp-b2b-dao-1.0-SNAPSHOT-sources.jar
[INFO] 
[INFO] --- install:3.1.1:install (default-install) @ app-erp-b2b-dao ---
[INFO] Installing /Users/abc/app/nop-app-erp/module-b2b/erp-b2b-dao/pom.xml to /Users/abc/.m2/repository/io/nop/app/app-erp-b2b-dao/1.0-SNAPSHOT/app-erp-b2b-dao-1.0-SNAPSHOT.pom
[INFO] Installing /Users/abc/app/nop-app-erp/module-b2b/erp-b2b-dao/target/app-erp-b2b-dao-1.0-SNAPSHOT.jar to /Users/abc/.m2/repository/io/nop/app/app-erp-b2b-dao/1.0-SNAPSHOT/app-erp-b2b-dao-1.0-SNAPSHOT.jar
[INFO] Installing /Users/abc/app/nop-app-erp/module-b2b/erp-b2b-dao/target/app-erp-b2b-dao-1.0-SNAPSHOT-sources.jar to /Users/abc/.m2/repository/io/nop/app/app-erp-b2b-dao/1.0-SNAPSHOT/app-erp-b2b-dao-1.0-SNAPSHOT-sources.jar
[INFO] 
[INFO] --------------------< io.nop.app:app-erp-b2b-meta >---------------------
[INFO] Building app-erp-b2b-meta 1.0-SNAPSHOT                         [148/156]
[INFO]   from module-b2b/erp-b2b-meta/pom.xml
[INFO] --------------------------------[ jar ]---------------------------------
[INFO] 
[INFO] --- clean:3.4.0:clean (default-clean) @ app-erp-b2b-meta ---
[INFO] Deleting /Users/abc/app/nop-app-erp/module-b2b/erp-b2b-meta/target
[INFO] 
[INFO] --- enforcer:3.0.0-M2:enforce (enforce-no-duplicate-dependencies) @ app-erp-b2b-meta ---
[INFO] 
[INFO] --- jacoco:0.8.14:prepare-agent (default-prepare-agent) @ app-erp-b2b-meta ---
[INFO] jacocoArgLine set to -javaagent:/Users/abc/.m2/repository/org/jacoco/org.jacoco.agent/0.8.14/org.jacoco.agent-0.8.14-runtime.jar=destfile=/Users/abc/app/nop-app-erp/module-b2b/erp-b2b-meta/target/jacoco.exec,excludes=**/_gen/**:**/_*.java:**/_*.xml:**/*Errors.*:**/*Configs.*:**/*Constants*:**/parse/antlr/**
[INFO] 
[INFO] --- exec:3.0.0:java (precompile) @ app-erp-b2b-meta ---
SLF4J: Failed to load class "org.slf4j.impl.StaticLoggerBinder".
SLF4J: Defaulting to no-operation (NOP) logger implementation
SLF4J: See http://www.slf4j.org/codes.html#StaticLoggerBinder for further details.
projectDir=/Users/abc/app/nop-app-erp/module-b2b/erp-b2b-meta,dryRun=false,tplRoot=precompile
end
[INFO] 
[INFO] --- exec:3.0.0:java (precompile2) @ app-erp-b2b-meta ---
SLF4J: Failed to load class "org.slf4j.impl.StaticLoggerBinder".
SLF4J: Defaulting to no-operation (NOP) logger implementation
SLF4J: See http://www.slf4j.org/codes.html#StaticLoggerBinder for further details.
nop.skip-codegen-when-tpl-dir-is-empty:/Users/abc/app/nop-app-erp/module-b2b/erp-b2b-meta/precompile2
[INFO] 
[INFO] --- resources:3.3.1:resources (default-resources) @ app-erp-b2b-meta ---
[INFO] Copying 46 resources from src/main/resources to target/classes
[INFO] 
[INFO] --- compiler:3.11.0:compile (default-compile) @ app-erp-b2b-meta ---
[INFO] No sources to compile
[INFO] 
[INFO] --- exec:3.0.0:java (aop) @ app-erp-b2b-meta ---
SLF4J: Failed to load class "org.slf4j.impl.StaticLoggerBinder".
SLF4J: Defaulting to no-operation (NOP) logger implementation
SLF4J: See http://www.slf4j.org/codes.html#StaticLoggerBinder for further details.
nop.gen-aop-proxy
[INFO] 
[INFO] --- exec:3.0.0:java (postcompile) @ app-erp-b2b-meta ---
SLF4J: Failed to load class "org.slf4j.impl.StaticLoggerBinder".
SLF4J: Defaulting to no-operation (NOP) logger implementation
SLF4J: See http://www.slf4j.org/codes.html#StaticLoggerBinder for further details.
projectDir=/Users/abc/app/nop-app-erp/module-b2b/erp-b2b-meta,dryRun=false,tplRoot=postcompile
end
[INFO] 
[INFO] --- resources:3.3.1:testResources (default-testResources) @ app-erp-b2b-meta ---
[INFO] skip non existing resourceDirectory /Users/abc/app/nop-app-erp/module-b2b/erp-b2b-meta/src/test/resources
[INFO] 
[INFO] --- compiler:3.11.0:testCompile (default-testCompile) @ app-erp-b2b-meta ---
[INFO] No sources to compile
[INFO] 
[INFO] --- surefire:3.2.2:test (default-test) @ app-erp-b2b-meta ---
[INFO] Tests are skipped.
[INFO] 
[INFO] --- jar:3.3.0:jar (default-jar) @ app-erp-b2b-meta ---
[INFO] Building jar: /Users/abc/app/nop-app-erp/module-b2b/erp-b2b-meta/target/app-erp-b2b-meta-1.0-SNAPSHOT.jar
[INFO] 
[INFO] --- source:3.3.0:jar-no-fork (attach-sources) @ app-erp-b2b-meta ---
[INFO] Building jar: /Users/abc/app/nop-app-erp/module-b2b/erp-b2b-meta/target/app-erp-b2b-meta-1.0-SNAPSHOT-sources.jar
[INFO] 
[INFO] --- install:3.1.1:install (default-install) @ app-erp-b2b-meta ---
[INFO] Installing /Users/abc/app/nop-app-erp/module-b2b/erp-b2b-meta/pom.xml to /Users/abc/.m2/repository/io/nop/app/app-erp-b2b-meta/1.0-SNAPSHOT/app-erp-b2b-meta-1.0-SNAPSHOT.pom
[INFO] Installing /Users/abc/app/nop-app-erp/module-b2b/erp-b2b-meta/target/app-erp-b2b-meta-1.0-SNAPSHOT.jar to /Users/abc/.m2/repository/io/nop/app/app-erp-b2b-meta/1.0-SNAPSHOT/app-erp-b2b-meta-1.0-SNAPSHOT.jar
[INFO] Installing /Users/abc/app/nop-app-erp/module-b2b/erp-b2b-meta/target/app-erp-b2b-meta-1.0-SNAPSHOT-sources.jar to /Users/abc/.m2/repository/io/nop/app/app-erp-b2b-meta/1.0-SNAPSHOT/app-erp-b2b-meta-1.0-SNAPSHOT-sources.jar
[INFO] 
[INFO] -------------------< io.nop.app:app-erp-b2b-service >-------------------
[INFO] Building app-erp-b2b-service 1.0-SNAPSHOT                      [149/156]
[INFO]   from module-b2b/erp-b2b-service/pom.xml
[INFO] --------------------------------[ jar ]---------------------------------
[INFO] 
[INFO] --- clean:3.4.0:clean (default-clean) @ app-erp-b2b-service ---
[INFO] Deleting /Users/abc/app/nop-app-erp/module-b2b/erp-b2b-service/target
[INFO] 
[INFO] --- enforcer:3.0.0-M2:enforce (enforce-no-duplicate-dependencies) @ app-erp-b2b-service ---
[INFO] 
[INFO] --- jacoco:0.8.14:prepare-agent (default-prepare-agent) @ app-erp-b2b-service ---
[INFO] jacocoArgLine set to -javaagent:/Users/abc/.m2/repository/org/jacoco/org.jacoco.agent/0.8.14/org.jacoco.agent-0.8.14-runtime.jar=destfile=/Users/abc/app/nop-app-erp/module-b2b/erp-b2b-service/target/jacoco.exec,excludes=**/_gen/**:**/_*.java:**/_*.xml:**/*Errors.*:**/*Configs.*:**/*Constants*:**/parse/antlr/**
[INFO] 
[INFO] --- exec:3.0.0:java (precompile) @ app-erp-b2b-service ---
SLF4J: Failed to load class "org.slf4j.impl.StaticLoggerBinder".
SLF4J: Defaulting to no-operation (NOP) logger implementation
SLF4J: See http://www.slf4j.org/codes.html#StaticLoggerBinder for further details.
nop.skip-codegen-when-tpl-dir-is-empty:/Users/abc/app/nop-app-erp/module-b2b/erp-b2b-service/precompile
[INFO] 
[INFO] --- exec:3.0.0:java (precompile2) @ app-erp-b2b-service ---
SLF4J: Failed to load class "org.slf4j.impl.StaticLoggerBinder".
SLF4J: Defaulting to no-operation (NOP) logger implementation
SLF4J: See http://www.slf4j.org/codes.html#StaticLoggerBinder for further details.
nop.skip-codegen-when-tpl-dir-is-empty:/Users/abc/app/nop-app-erp/module-b2b/erp-b2b-service/precompile2
[INFO] 
[INFO] --- resources:3.3.1:resources (default-resources) @ app-erp-b2b-service ---
[INFO] Copying 30 resources from src/main/resources to target/classes
[INFO] 
[INFO] --- compiler:3.11.0:compile (default-compile) @ app-erp-b2b-service ---
[INFO] Changes detected - recompiling the module! :dependency
[INFO] Compiling 40 source files with javac [debug release 17] to target/classes
[INFO] 
[INFO] --- exec:3.0.0:java (aop) @ app-erp-b2b-service ---
SLF4J: Failed to load class "org.slf4j.impl.StaticLoggerBinder".
SLF4J: Defaulting to no-operation (NOP) logger implementation
SLF4J: See http://www.slf4j.org/codes.html#StaticLoggerBinder for further details.
nop.gen-aop-proxy
[INFO] 
[INFO] --- exec:3.0.0:java (postcompile) @ app-erp-b2b-service ---
SLF4J: Failed to load class "org.slf4j.impl.StaticLoggerBinder".
SLF4J: Defaulting to no-operation (NOP) logger implementation
SLF4J: See http://www.slf4j.org/codes.html#StaticLoggerBinder for further details.
nop.skip-codegen-when-tpl-dir-is-empty:/Users/abc/app/nop-app-erp/module-b2b/erp-b2b-service/postcompile
[INFO] 
[INFO] --- resources:3.3.1:testResources (default-testResources) @ app-erp-b2b-service ---
[INFO] Copying 3 resources from src/test/resources to target/test-classes
[INFO] 
[INFO] --- compiler:3.11.0:testCompile (default-testCompile) @ app-erp-b2b-service ---
[INFO] Changes detected - recompiling the module! :dependency
[INFO] Compiling 14 source files with javac [debug release 17] to target/test-classes
[INFO] 
[INFO] --- surefire:3.2.2:test (default-test) @ app-erp-b2b-service ---
[INFO] Tests are skipped.
[INFO] 
[INFO] --- jar:3.3.0:jar (default-jar) @ app-erp-b2b-service ---
[INFO] Building jar: /Users/abc/app/nop-app-erp/module-b2b/erp-b2b-service/target/app-erp-b2b-service-1.0-SNAPSHOT.jar
[INFO] 
[INFO] --- source:3.3.0:jar-no-fork (attach-sources) @ app-erp-b2b-service ---
[INFO] Building jar: /Users/abc/app/nop-app-erp/module-b2b/erp-b2b-service/target/app-erp-b2b-service-1.0-SNAPSHOT-sources.jar
[INFO] 
[INFO] --- install:3.1.1:install (default-install) @ app-erp-b2b-service ---
[INFO] Installing /Users/abc/app/nop-app-erp/module-b2b/erp-b2b-service/pom.xml to /Users/abc/.m2/repository/io/nop/app/app-erp-b2b-service/1.0-SNAPSHOT/app-erp-b2b-service-1.0-SNAPSHOT.pom
[INFO] Installing /Users/abc/app/nop-app-erp/module-b2b/erp-b2b-service/target/app-erp-b2b-service-1.0-SNAPSHOT.jar to /Users/abc/.m2/repository/io/nop/app/app-erp-b2b-service/1.0-SNAPSHOT/app-erp-b2b-service-1.0-SNAPSHOT.jar
[INFO] Installing /Users/abc/app/nop-app-erp/module-b2b/erp-b2b-service/target/app-erp-b2b-service-1.0-SNAPSHOT-sources.jar to /Users/abc/.m2/repository/io/nop/app/app-erp-b2b-service/1.0-SNAPSHOT/app-erp-b2b-service-1.0-SNAPSHOT-sources.jar
[INFO] 
[INFO] ---------------------< io.nop.app:app-erp-b2b-web >---------------------
[INFO] Building app-erp-b2b-web 1.0-SNAPSHOT                          [150/156]
[INFO]   from module-b2b/erp-b2b-web/pom.xml
[INFO] --------------------------------[ jar ]---------------------------------
[INFO] 
[INFO] --- clean:3.4.0:clean (default-clean) @ app-erp-b2b-web ---
[INFO] Deleting /Users/abc/app/nop-app-erp/module-b2b/erp-b2b-web/target
[INFO] 
[INFO] --- enforcer:3.0.0-M2:enforce (enforce-no-duplicate-dependencies) @ app-erp-b2b-web ---
[INFO] 
[INFO] --- jacoco:0.8.14:prepare-agent (default-prepare-agent) @ app-erp-b2b-web ---
[INFO] jacocoArgLine set to -javaagent:/Users/abc/.m2/repository/org/jacoco/org.jacoco.agent/0.8.14/org.jacoco.agent-0.8.14-runtime.jar=destfile=/Users/abc/app/nop-app-erp/module-b2b/erp-b2b-web/target/jacoco.exec,excludes=**/_gen/**:**/_*.java:**/_*.xml:**/*Errors.*:**/*Configs.*:**/*Constants*:**/parse/antlr/**
[INFO] 
[INFO] --- exec:3.0.0:java (precompile) @ app-erp-b2b-web ---
SLF4J: Failed to load class "org.slf4j.impl.StaticLoggerBinder".
SLF4J: Defaulting to no-operation (NOP) logger implementation
SLF4J: See http://www.slf4j.org/codes.html#StaticLoggerBinder for further details.
projectDir=/Users/abc/app/nop-app-erp/module-b2b/erp-b2b-web,dryRun=false,tplRoot=precompile
end
[INFO] 
[INFO] --- exec:3.0.0:java (precompile2) @ app-erp-b2b-web ---
SLF4J: Failed to load class "org.slf4j.impl.StaticLoggerBinder".
SLF4J: Defaulting to no-operation (NOP) logger implementation
SLF4J: See http://www.slf4j.org/codes.html#StaticLoggerBinder for further details.
projectDir=/Users/abc/app/nop-app-erp/module-b2b/erp-b2b-web,dryRun=false,tplRoot=precompile2
end
[INFO] 
[INFO] --- resources:3.3.1:resources (default-resources) @ app-erp-b2b-web ---
[INFO] Copying 74 resources from src/main/resources to target/classes
[INFO] 
[INFO] --- compiler:3.11.0:compile (default-compile) @ app-erp-b2b-web ---
[INFO] No sources to compile
[INFO] 
[INFO] --- exec:3.0.0:java (aop) @ app-erp-b2b-web ---
SLF4J: Failed to load class "org.slf4j.impl.StaticLoggerBinder".
SLF4J: Defaulting to no-operation (NOP) logger implementation
SLF4J: See http://www.slf4j.org/codes.html#StaticLoggerBinder for further details.
nop.gen-aop-proxy
[INFO] 
[INFO] --- exec:3.0.0:java (postcompile) @ app-erp-b2b-web ---
SLF4J: Failed to load class "org.slf4j.impl.StaticLoggerBinder".
SLF4J: Defaulting to no-operation (NOP) logger implementation
SLF4J: See http://www.slf4j.org/codes.html#StaticLoggerBinder for further details.
nop.skip-codegen-when-tpl-dir-is-empty:/Users/abc/app/nop-app-erp/module-b2b/erp-b2b-web/postcompile
[INFO] 
[INFO] --- resources:3.3.1:testResources (default-testResources) @ app-erp-b2b-web ---
[INFO] skip non existing resourceDirectory /Users/abc/app/nop-app-erp/module-b2b/erp-b2b-web/src/test/resources
[INFO] 
[INFO] --- compiler:3.11.0:testCompile (default-testCompile) @ app-erp-b2b-web ---
[INFO] Changes detected - recompiling the module! :dependency
[INFO] Compiling 2 source files with javac [debug release 17] to target/test-classes
[INFO] 
[INFO] --- surefire:3.2.2:test (default-test) @ app-erp-b2b-web ---
[INFO] Tests are skipped.
[INFO] 
[INFO] --- jar:3.3.0:jar (default-jar) @ app-erp-b2b-web ---
[INFO] Building jar: /Users/abc/app/nop-app-erp/module-b2b/erp-b2b-web/target/app-erp-b2b-web-1.0-SNAPSHOT.jar
[INFO] 
[INFO] --- source:3.3.0:jar-no-fork (attach-sources) @ app-erp-b2b-web ---
[INFO] Building jar: /Users/abc/app/nop-app-erp/module-b2b/erp-b2b-web/target/app-erp-b2b-web-1.0-SNAPSHOT-sources.jar
[INFO] 
[INFO] --- install:3.1.1:install (default-install) @ app-erp-b2b-web ---
[INFO] Installing /Users/abc/app/nop-app-erp/module-b2b/erp-b2b-web/pom.xml to /Users/abc/.m2/repository/io/nop/app/app-erp-b2b-web/1.0-SNAPSHOT/app-erp-b2b-web-1.0-SNAPSHOT.pom
[INFO] Installing /Users/abc/app/nop-app-erp/module-b2b/erp-b2b-web/target/app-erp-b2b-web-1.0-SNAPSHOT.jar to /Users/abc/.m2/repository/io/nop/app/app-erp-b2b-web/1.0-SNAPSHOT/app-erp-b2b-web-1.0-SNAPSHOT.jar
[INFO] Installing /Users/abc/app/nop-app-erp/module-b2b/erp-b2b-web/target/app-erp-b2b-web-1.0-SNAPSHOT-sources.jar to /Users/abc/.m2/repository/io/nop/app/app-erp-b2b-web/1.0-SNAPSHOT/app-erp-b2b-web-1.0-SNAPSHOT-sources.jar
[INFO] 
[INFO] ---------------------< io.nop.app:app-erp-b2b-app >---------------------
[INFO] Building app-erp-b2b-app 1.0-SNAPSHOT                          [151/156]
[INFO]   from module-b2b/erp-b2b-app/pom.xml
[INFO] --------------------------------[ jar ]---------------------------------
[INFO] 
[INFO] --- clean:3.4.0:clean (default-clean) @ app-erp-b2b-app ---
[INFO] Deleting /Users/abc/app/nop-app-erp/module-b2b/erp-b2b-app/target
[INFO] 
[INFO] --- enforcer:3.0.0-M2:enforce (enforce-no-duplicate-dependencies) @ app-erp-b2b-app ---
[INFO] 
[INFO] --- jacoco:0.8.14:prepare-agent (default-prepare-agent) @ app-erp-b2b-app ---
[INFO] jacocoArgLine set to -javaagent:/Users/abc/.m2/repository/org/jacoco/org.jacoco.agent/0.8.14/org.jacoco.agent-0.8.14-runtime.jar=destfile=/Users/abc/app/nop-app-erp/module-b2b/erp-b2b-app/target/jacoco.exec,excludes=**/_gen/**:**/_*.java:**/_*.xml:**/*Errors.*:**/*Configs.*:**/*Constants*:**/parse/antlr/**
[INFO] 
[INFO] --- exec:3.0.0:java (precompile) @ app-erp-b2b-app ---
nop.skip-codegen-when-tpl-dir-is-empty:/Users/abc/app/nop-app-erp/module-b2b/erp-b2b-app/precompile
[INFO] 
[INFO] --- exec:3.0.0:java (precompile2) @ app-erp-b2b-app ---
nop.skip-codegen-when-tpl-dir-is-empty:/Users/abc/app/nop-app-erp/module-b2b/erp-b2b-app/precompile2
[INFO] 
[INFO] --- resources:3.3.1:resources (default-resources) @ app-erp-b2b-app ---
[INFO] Copying 7 resources from src/main/resources to target/classes
[INFO] 
[INFO] --- compiler:3.11.0:compile (default-compile) @ app-erp-b2b-app ---
[INFO] Changes detected - recompiling the module! :dependency
[INFO] Compiling 1 source file with javac [debug release 17] to target/classes
[INFO] 
[INFO] --- exec:3.0.0:java (aop) @ app-erp-b2b-app ---
nop.gen-aop-proxy
[INFO] 
[INFO] --- exec:3.0.0:java (postcompile) @ app-erp-b2b-app ---
nop.skip-codegen-when-tpl-dir-is-empty:/Users/abc/app/nop-app-erp/module-b2b/erp-b2b-app/postcompile
[INFO] 
[INFO] --- resources:3.3.1:testResources (default-testResources) @ app-erp-b2b-app ---
[INFO] skip non existing resourceDirectory /Users/abc/app/nop-app-erp/module-b2b/erp-b2b-app/src/test/resources
[INFO] 
[INFO] --- compiler:3.11.0:testCompile (default-testCompile) @ app-erp-b2b-app ---
[INFO] No sources to compile
[INFO] 
[INFO] --- surefire:3.0.0-M5:test (default-test) @ app-erp-b2b-app ---
[INFO] Tests are skipped.
[INFO] 
[INFO] --- jar:3.3.0:jar (default-jar) @ app-erp-b2b-app ---
[INFO] Building jar: /Users/abc/app/nop-app-erp/module-b2b/erp-b2b-app/target/app-erp-b2b-app-1.0-SNAPSHOT.jar
[INFO] 
[INFO] --- source:3.3.0:jar-no-fork (attach-sources) @ app-erp-b2b-app ---
[INFO] Building jar: /Users/abc/app/nop-app-erp/module-b2b/erp-b2b-app/target/app-erp-b2b-app-1.0-SNAPSHOT-sources.jar
[INFO] 
[INFO] --- quarkus:3.35.1:build (default) @ app-erp-b2b-app ---
[WARNING] The Maven extensions for the Quarkus Maven plugin are not enabled for this build. We recommend enabling this, so that the plugin can verify essential build settings have been configured as required. Please enable by adding "<extensions>true</extensions>" in your quarkus-maven-plugin declaration; it should look like:

	<plugin>
		<groupId>${quarkus.platform.group-id}</groupId>
		<artifactId>quarkus-maven-plugin</artifactId>
		<version>${quarkus.platform.version}</version>
		<extensions>true</extensions> <!-- THIS ONE -->
		...

[WARNING] [io.quarkus.config] Unrecognized configuration key "quarkus.http.cors" was provided; it will be ignored; verify that the dependency extension for this configuration is set or that you did not make a typo
[WARNING] [io.quarkus.agroal.deployment.AgroalProcessor] The Agroal dependency is present but no JDBC datasources have been defined.
[INFO] [io.quarkus.deployment.QuarkusAugmentor] Quarkus augmentation completed in 1120ms
[INFO] 
[INFO] --- install:3.1.1:install (default-install) @ app-erp-b2b-app ---
[INFO] Skipping artifact installation
[INFO] 
[INFO] -------------------< io.nop.app:app-erp-notify-api >--------------------
[INFO] Building app-erp-notify-api 1.0-SNAPSHOT                       [152/156]
[INFO]   from module-notify/erp-notify-api/pom.xml
[INFO] --------------------------------[ jar ]---------------------------------
[INFO] 
[INFO] --- clean:3.2.0:clean (default-clean) @ app-erp-notify-api ---
[INFO] Deleting /Users/abc/app/nop-app-erp/module-notify/erp-notify-api/target
[INFO] 
[INFO] --- resources:3.3.1:resources (default-resources) @ app-erp-notify-api ---
[INFO] skip non existing resourceDirectory /Users/abc/app/nop-app-erp/module-notify/erp-notify-api/src/main/resources
[INFO] 
[INFO] --- compiler:3.13.0:compile (default-compile) @ app-erp-notify-api ---
[INFO] Recompiling the module because of changed source code.
[INFO] Compiling 9 source files with javac [debug release 11] to target/classes
[INFO] 
[INFO] --- resources:3.3.1:testResources (default-testResources) @ app-erp-notify-api ---
[INFO] skip non existing resourceDirectory /Users/abc/app/nop-app-erp/module-notify/erp-notify-api/src/test/resources
[INFO] 
[INFO] --- compiler:3.13.0:testCompile (default-testCompile) @ app-erp-notify-api ---
[INFO] No sources to compile
[INFO] 
[INFO] --- surefire:3.2.5:test (default-test) @ app-erp-notify-api ---
[INFO] Tests are skipped.
[INFO] 
[INFO] --- jar:3.4.1:jar (default-jar) @ app-erp-notify-api ---
[INFO] Building jar: /Users/abc/app/nop-app-erp/module-notify/erp-notify-api/target/app-erp-notify-api-1.0-SNAPSHOT.jar
[INFO] 
[INFO] --- install:3.1.2:install (default-install) @ app-erp-notify-api ---
[INFO] Installing /Users/abc/app/nop-app-erp/module-notify/erp-notify-api/pom.xml to /Users/abc/.m2/repository/io/nop/app/app-erp-notify-api/1.0-SNAPSHOT/app-erp-notify-api-1.0-SNAPSHOT.pom
[INFO] Installing /Users/abc/app/nop-app-erp/module-notify/erp-notify-api/target/app-erp-notify-api-1.0-SNAPSHOT.jar to /Users/abc/.m2/repository/io/nop/app/app-erp-notify-api/1.0-SNAPSHOT/app-erp-notify-api-1.0-SNAPSHOT.jar
[INFO] 
[INFO] -------------------< io.nop.app:app-erp-notify-web >--------------------
[INFO] Building app-erp-notify-web 1.0-SNAPSHOT                       [153/156]
[INFO]   from module-notify/erp-notify-web/pom.xml
[INFO] --------------------------------[ jar ]---------------------------------
[INFO] 
[INFO] --- clean:3.4.0:clean (default-clean) @ app-erp-notify-web ---
[INFO] Deleting /Users/abc/app/nop-app-erp/module-notify/erp-notify-web/target
[INFO] 
[INFO] --- enforcer:3.0.0-M2:enforce (enforce-no-duplicate-dependencies) @ app-erp-notify-web ---
[INFO] 
[INFO] --- jacoco:0.8.14:prepare-agent (default-prepare-agent) @ app-erp-notify-web ---
[INFO] jacocoArgLine set to -javaagent:/Users/abc/.m2/repository/org/jacoco/org.jacoco.agent/0.8.14/org.jacoco.agent-0.8.14-runtime.jar=destfile=/Users/abc/app/nop-app-erp/module-notify/erp-notify-web/target/jacoco.exec,excludes=**/_gen/**:**/_*.java:**/_*.xml:**/*Errors.*:**/*Configs.*:**/*Constants*:**/parse/antlr/**
[INFO] 
[INFO] --- exec:3.0.0:java (precompile) @ app-erp-notify-web ---
SLF4J: Failed to load class "org.slf4j.impl.StaticLoggerBinder".
SLF4J: Defaulting to no-operation (NOP) logger implementation
SLF4J: See http://www.slf4j.org/codes.html#StaticLoggerBinder for further details.
projectDir=/Users/abc/app/nop-app-erp/module-notify/erp-notify-web,dryRun=false,tplRoot=precompile
end
[INFO] 
[INFO] --- exec:3.0.0:java (precompile2) @ app-erp-notify-web ---
SLF4J: Failed to load class "org.slf4j.impl.StaticLoggerBinder".
SLF4J: Defaulting to no-operation (NOP) logger implementation
SLF4J: See http://www.slf4j.org/codes.html#StaticLoggerBinder for further details.
projectDir=/Users/abc/app/nop-app-erp/module-notify/erp-notify-web,dryRun=false,tplRoot=precompile2
end
[INFO] 
[INFO] --- resources:3.3.1:resources (default-resources) @ app-erp-notify-web ---
[INFO] Copying 21 resources from src/main/resources to target/classes
[INFO] 
[INFO] --- compiler:3.11.0:compile (default-compile) @ app-erp-notify-web ---
[INFO] No sources to compile
[INFO] 
[INFO] --- exec:3.0.0:java (aop) @ app-erp-notify-web ---
SLF4J: Failed to load class "org.slf4j.impl.StaticLoggerBinder".
SLF4J: Defaulting to no-operation (NOP) logger implementation
SLF4J: See http://www.slf4j.org/codes.html#StaticLoggerBinder for further details.
nop.gen-aop-proxy
[INFO] 
[INFO] --- exec:3.0.0:java (postcompile) @ app-erp-notify-web ---
SLF4J: Failed to load class "org.slf4j.impl.StaticLoggerBinder".
SLF4J: Defaulting to no-operation (NOP) logger implementation
SLF4J: See http://www.slf4j.org/codes.html#StaticLoggerBinder for further details.
nop.skip-codegen-when-tpl-dir-is-empty:/Users/abc/app/nop-app-erp/module-notify/erp-notify-web/postcompile
[INFO] 
[INFO] --- resources:3.3.1:testResources (default-testResources) @ app-erp-notify-web ---
[INFO] skip non existing resourceDirectory /Users/abc/app/nop-app-erp/module-notify/erp-notify-web/src/test/resources
[INFO] 
[INFO] --- compiler:3.11.0:testCompile (default-testCompile) @ app-erp-notify-web ---
[INFO] Changes detected - recompiling the module! :dependency
[INFO] Compiling 2 source files with javac [debug release 17] to target/test-classes
[INFO] 
[INFO] --- surefire:3.2.2:test (default-test) @ app-erp-notify-web ---
[INFO] Tests are skipped.
[INFO] 
[INFO] --- jar:3.3.0:jar (default-jar) @ app-erp-notify-web ---
[INFO] Building jar: /Users/abc/app/nop-app-erp/module-notify/erp-notify-web/target/app-erp-notify-web-1.0-SNAPSHOT.jar
[INFO] 
[INFO] --- source:3.3.0:jar-no-fork (attach-sources) @ app-erp-notify-web ---
[INFO] Building jar: /Users/abc/app/nop-app-erp/module-notify/erp-notify-web/target/app-erp-notify-web-1.0-SNAPSHOT-sources.jar
[INFO] 
[INFO] --- install:3.1.1:install (default-install) @ app-erp-notify-web ---
[INFO] Installing /Users/abc/app/nop-app-erp/module-notify/erp-notify-web/pom.xml to /Users/abc/.m2/repository/io/nop/app/app-erp-notify-web/1.0-SNAPSHOT/app-erp-notify-web-1.0-SNAPSHOT.pom
[INFO] Installing /Users/abc/app/nop-app-erp/module-notify/erp-notify-web/target/app-erp-notify-web-1.0-SNAPSHOT.jar to /Users/abc/.m2/repository/io/nop/app/app-erp-notify-web/1.0-SNAPSHOT/app-erp-notify-web-1.0-SNAPSHOT.jar
[INFO] Installing /Users/abc/app/nop-app-erp/module-notify/erp-notify-web/target/app-erp-notify-web-1.0-SNAPSHOT-sources.jar to /Users/abc/.m2/repository/io/nop/app/app-erp-notify-web/1.0-SNAPSHOT/app-erp-notify-web-1.0-SNAPSHOT-sources.jar
[INFO] 
[INFO] -------------------< io.nop.app:app-erp-notify-app >--------------------
[INFO] Building app-erp-notify-app 1.0-SNAPSHOT                       [154/156]
[INFO]   from module-notify/erp-notify-app/pom.xml
[INFO] --------------------------------[ jar ]---------------------------------
[INFO] 
[INFO] --- clean:3.4.0:clean (default-clean) @ app-erp-notify-app ---
[INFO] Deleting /Users/abc/app/nop-app-erp/module-notify/erp-notify-app/target
[INFO] 
[INFO] --- enforcer:3.0.0-M2:enforce (enforce-no-duplicate-dependencies) @ app-erp-notify-app ---
[INFO] 
[INFO] --- jacoco:0.8.14:prepare-agent (default-prepare-agent) @ app-erp-notify-app ---
[INFO] jacocoArgLine set to -javaagent:/Users/abc/.m2/repository/org/jacoco/org.jacoco.agent/0.8.14/org.jacoco.agent-0.8.14-runtime.jar=destfile=/Users/abc/app/nop-app-erp/module-notify/erp-notify-app/target/jacoco.exec,excludes=**/_gen/**:**/_*.java:**/_*.xml:**/*Errors.*:**/*Configs.*:**/*Constants*:**/parse/antlr/**
[INFO] 
[INFO] --- exec:3.0.0:java (precompile) @ app-erp-notify-app ---
nop.skip-codegen-when-tpl-dir-is-empty:/Users/abc/app/nop-app-erp/module-notify/erp-notify-app/precompile
[INFO] 
[INFO] --- exec:3.0.0:java (precompile2) @ app-erp-notify-app ---
nop.skip-codegen-when-tpl-dir-is-empty:/Users/abc/app/nop-app-erp/module-notify/erp-notify-app/precompile2
[INFO] 
[INFO] --- resources:3.3.1:resources (default-resources) @ app-erp-notify-app ---
[INFO] Copying 7 resources from src/main/resources to target/classes
[INFO] 
[INFO] --- compiler:3.11.0:compile (default-compile) @ app-erp-notify-app ---
[INFO] Changes detected - recompiling the module! :dependency
[INFO] Compiling 1 source file with javac [debug release 17] to target/classes
[INFO] 
[INFO] --- exec:3.0.0:java (aop) @ app-erp-notify-app ---
nop.gen-aop-proxy
[INFO] 
[INFO] --- exec:3.0.0:java (postcompile) @ app-erp-notify-app ---
nop.skip-codegen-when-tpl-dir-is-empty:/Users/abc/app/nop-app-erp/module-notify/erp-notify-app/postcompile
[INFO] 
[INFO] --- resources:3.3.1:testResources (default-testResources) @ app-erp-notify-app ---
[INFO] skip non existing resourceDirectory /Users/abc/app/nop-app-erp/module-notify/erp-notify-app/src/test/resources
[INFO] 
[INFO] --- compiler:3.11.0:testCompile (default-testCompile) @ app-erp-notify-app ---
[INFO] No sources to compile
[INFO] 
[INFO] --- surefire:3.0.0-M5:test (default-test) @ app-erp-notify-app ---
[INFO] Tests are skipped.
[INFO] 
[INFO] --- jar:3.3.0:jar (default-jar) @ app-erp-notify-app ---
[INFO] Building jar: /Users/abc/app/nop-app-erp/module-notify/erp-notify-app/target/app-erp-notify-app-1.0-SNAPSHOT.jar
[INFO] 
[INFO] --- source:3.3.0:jar-no-fork (attach-sources) @ app-erp-notify-app ---
[INFO] Building jar: /Users/abc/app/nop-app-erp/module-notify/erp-notify-app/target/app-erp-notify-app-1.0-SNAPSHOT-sources.jar
[INFO] 
[INFO] --- quarkus:3.35.1:build (default) @ app-erp-notify-app ---
[WARNING] The Maven extensions for the Quarkus Maven plugin are not enabled for this build. We recommend enabling this, so that the plugin can verify essential build settings have been configured as required. Please enable by adding "<extensions>true</extensions>" in your quarkus-maven-plugin declaration; it should look like:

	<plugin>
		<groupId>${quarkus.platform.group-id}</groupId>
		<artifactId>quarkus-maven-plugin</artifactId>
		<version>${quarkus.platform.version}</version>
		<extensions>true</extensions> <!-- THIS ONE -->
		...

[WARNING] [io.quarkus.config] Unrecognized configuration key "quarkus.http.cors" was provided; it will be ignored; verify that the dependency extension for this configuration is set or that you did not make a typo
[WARNING] [io.quarkus.agroal.deployment.AgroalProcessor] The Agroal dependency is present but no JDBC datasources have been defined.
[INFO] [io.quarkus.deployment.QuarkusAugmentor] Quarkus augmentation completed in 1032ms
[INFO] 
[INFO] --- install:3.1.1:install (default-install) @ app-erp-notify-app ---
[INFO] Skipping artifact installation
[INFO] 
[INFO] -----------------------< io.nop.app:app-erp-all >-----------------------
[INFO] Building app-erp-all 1.0-SNAPSHOT                              [155/156]
[INFO]   from app-erp-all/pom.xml
[INFO] --------------------------------[ jar ]---------------------------------
[INFO] 
[INFO] --- clean:3.4.0:clean (default-clean) @ app-erp-all ---
[INFO] Deleting /Users/abc/app/nop-app-erp/app-erp-all/target
[INFO] 
[INFO] --- enforcer:3.0.0-M2:enforce (enforce-no-duplicate-dependencies) @ app-erp-all ---
[INFO] 
[INFO] --- jacoco:0.8.14:prepare-agent (default-prepare-agent) @ app-erp-all ---
[INFO] jacocoArgLine set to -javaagent:/Users/abc/.m2/repository/org/jacoco/org.jacoco.agent/0.8.14/org.jacoco.agent-0.8.14-runtime.jar=destfile=/Users/abc/app/nop-app-erp/app-erp-all/target/jacoco.exec,excludes=**/_gen/**:**/_*.java:**/_*.xml:**/*Errors.*:**/*Configs.*:**/*Constants*:**/parse/antlr/**
[INFO] 
[INFO] --- exec:3.0.0:java (precompile) @ app-erp-all ---
nop.skip-codegen-when-tpl-dir-is-empty:/Users/abc/app/nop-app-erp/app-erp-all/precompile
[INFO] 
[INFO] --- exec:3.0.0:java (precompile2) @ app-erp-all ---
nop.skip-codegen-when-tpl-dir-is-empty:/Users/abc/app/nop-app-erp/app-erp-all/precompile2
[INFO] 
[INFO] --- resources:3.3.1:resources (default-resources) @ app-erp-all ---
[INFO] Copying 423 resources from src/main/resources to target/classes
[INFO] 
[INFO] --- compiler:3.11.0:compile (default-compile) @ app-erp-all ---
[INFO] Changes detected - recompiling the module! :dependency
[INFO] Compiling 6 source files with javac [debug release 17] to target/classes
[INFO] 
[INFO] --- exec:3.0.0:java (aop) @ app-erp-all ---
nop.gen-aop-proxy
[INFO] 
[INFO] --- exec:3.0.0:java (postcompile) @ app-erp-all ---
nop.skip-codegen-when-tpl-dir-is-empty:/Users/abc/app/nop-app-erp/app-erp-all/postcompile
[INFO] 
[INFO] --- resources:3.3.1:testResources (default-testResources) @ app-erp-all ---
[INFO] Copying 3 resources from src/test/resources to target/test-classes
[INFO] 
[INFO] --- compiler:3.11.0:testCompile (default-testCompile) @ app-erp-all ---
[INFO] Changes detected - recompiling the module! :dependency
[INFO] Compiling 48 source files with javac [debug release 17] to target/test-classes
[INFO] /Users/abc/app/nop-app-erp/app-erp-all/src/test/java/io/nop/app/all/it/TestErpAiIntrospectionEnabled.java: 某些输入文件使用了未经检查或不安全的操作。
[INFO] /Users/abc/app/nop-app-erp/app-erp-all/src/test/java/io/nop/app/all/it/TestErpAiIntrospectionEnabled.java: 有关详细信息, 请使用 -Xlint:unchecked 重新编译。
[INFO] 
[INFO] --- surefire:3.2.2:test (default-test) @ app-erp-all ---
[INFO] Tests are skipped.
[INFO] 
[INFO] --- jar:3.3.0:jar (default-jar) @ app-erp-all ---
[INFO] Building jar: /Users/abc/app/nop-app-erp/app-erp-all/target/app-erp-all-1.0-SNAPSHOT.jar
[INFO] 
[INFO] --- source:3.3.0:jar-no-fork (attach-sources) @ app-erp-all ---
[INFO] Building jar: /Users/abc/app/nop-app-erp/app-erp-all/target/app-erp-all-1.0-SNAPSHOT-sources.jar
[INFO] 
[INFO] --- quarkus:3.39.2:build (default) @ app-erp-all ---
[WARNING] The Maven extensions for the Quarkus Maven plugin are not enabled for this build. We recommend enabling this, so that the plugin can verify essential build settings have been configured as required. Please enable by adding "<extensions>true</extensions>" in your quarkus-maven-plugin declaration; it should look like:

	<plugin>
		<groupId>${quarkus.platform.group-id}</groupId>
		<artifactId>quarkus-maven-plugin</artifactId>
		<version>${quarkus.platform.version}</version>
		<extensions>true</extensions> <!-- THIS ONE -->
		...

[WARNING] [io.quarkus.deployment.configuration] Configuration property 'quarkus.package.type' has been deprecated and replaced by: [quarkus.package.jar.enabled, quarkus.package.jar.type, quarkus.native.enabled, quarkus.native.sources-only]
[WARNING] [io.quarkus.config] Unrecognized configuration key "quarkus.dev.watch.enabled" was provided; it will be ignored; verify that the dependency extension for this configuration is set or that you did not make a typo
[WARNING] [io.quarkus.config] Unrecognized configuration key "quarkus.http.cors" was provided; it will be ignored; verify that the dependency extension for this configuration is set or that you did not make a typo
[WARNING] [io.quarkus.agroal.deployment.AgroalProcessor] The Agroal dependency is present but no JDBC datasources have been defined.
[INFO] [io.quarkus.deployment.pkg.jar.UberJarBuilder] Building uber jar: /Users/abc/app/nop-app-erp/app-erp-all/target/app-erp-all-1.0-SNAPSHOT-runner.jar
[WARNING] [io.quarkus.deployment.pkg.jar.UberJarBuilder] Dependencies:
- io.nop.app:app-erp-maintenance-meta:1.0-SNAPSHOT
- io.nop.app:app-erp-maintenance-service:1.0-SNAPSHOT
- io.nop.app:app-erp-maintenance-dao:1.0-SNAPSHOT
- io.nop.app:app-erp-maintenance-web:1.0-SNAPSHOT
contain duplicate files:
- _vfs/erp/mnt/_module
[WARNING] [io.quarkus.deployment.pkg.jar.UberJarBuilder] Dependencies:
- io.nop.app:app-erp-notify-meta:1.0-SNAPSHOT
- io.nop.app:app-erp-notify-dao:1.0-SNAPSHOT
- io.nop.app:app-erp-notify-service:1.0-SNAPSHOT
- io.nop.app:app-erp-notify-web:1.0-SNAPSHOT
contain duplicate files:
- _vfs/erp/notify/_module
[WARNING] [io.quarkus.deployment.pkg.jar.UberJarBuilder] Dependencies:
- io.nop.app:app-erp-master-data-dao:1.0-SNAPSHOT
- io.nop.app:app-erp-master-data-web:1.0-SNAPSHOT
- io.nop.app:app-erp-master-data-meta:1.0-SNAPSHOT
- io.nop.app:app-erp-master-data-service:1.0-SNAPSHOT
contain duplicate files:
- _vfs/erp/md/_module
[WARNING] [io.quarkus.deployment.pkg.jar.UberJarBuilder] Dependencies:
- io.quarkus:quarkus-arc-deployment:3.35.1
- io.quarkus:quarkus-netty-deployment:3.35.1
contain duplicate files:
- dev-ui/i18n/fr-BE.js
[WARNING] [io.quarkus.deployment.pkg.jar.UberJarBuilder] Dependencies:
- io.github.entropy-cloud:nop-report-service:2.0.0-SNAPSHOT
- io.github.entropy-cloud:nop-report-dao:2.0.0-SNAPSHOT
- io.github.entropy-cloud:nop-report-web:2.0.0-SNAPSHOT
- io.github.entropy-cloud:nop-report-meta:2.0.0-SNAPSHOT
contain duplicate files:
- _vfs/nop/report/_module
[WARNING] [io.quarkus.deployment.pkg.jar.UberJarBuilder] Dependencies:
- io.nop.app:app-erp-hr-service:1.0-SNAPSHOT
- io.nop.app:app-erp-hr-meta:1.0-SNAPSHOT
- io.nop.app:app-erp-hr-dao:1.0-SNAPSHOT
- io.nop.app:app-erp-hr-web:1.0-SNAPSHOT
contain duplicate files:
- _vfs/erp/hr/_module
[WARNING] [io.quarkus.deployment.pkg.jar.UberJarBuilder] Dependencies:
- org.jboss.logging:commons-logging-jboss-logging:2.0.0.Final
- commons-logging:commons-logging:1.3.3
contain duplicate files:
- org/apache/commons/logging/Log.class
- org/apache/commons/logging/impl/NoOpLog.class
- org/apache/commons/logging/LogFactory.class
- org/apache/commons/logging/impl/SimpleLog.class
- org/apache/commons/logging/LogConfigurationException.class
[WARNING] [io.quarkus.deployment.pkg.jar.UberJarBuilder] Dependencies:
- io.quarkus:quarkus-arc-deployment:3.35.1
- io.quarkus:quarkus-vertx-graphql-deployment:3.35.1
- io.quarkus:quarkus-netty-deployment:3.35.1
contain duplicate files:
- dev-ui/i18n/es-PR.js
[WARNING] [io.quarkus.deployment.pkg.jar.UberJarBuilder] Dependencies:
- io.nop.app:app-erp-aps-service:1.0-SNAPSHOT
- io.nop.app:app-erp-aps-dao:1.0-SNAPSHOT
- io.nop.app:app-erp-aps-web:1.0-SNAPSHOT
- io.nop.app:app-erp-aps-meta:1.0-SNAPSHOT
contain duplicate files:
- _vfs/erp/aps/_module
[WARNING] [io.quarkus.deployment.pkg.jar.UberJarBuilder] Dependencies:
- io.nop.app:app-erp-sales-dao:1.0-SNAPSHOT
- io.nop.app:app-erp-sales-service:1.0-SNAPSHOT
- io.nop.app:app-erp-sales-meta:1.0-SNAPSHOT
- io.nop.app:app-erp-sales-web:1.0-SNAPSHOT
contain duplicate files:
- _vfs/erp/sal/_module
[WARNING] [io.quarkus.deployment.pkg.jar.UberJarBuilder] Dependencies:
- io.nop.app:app-erp-contract-dao:1.0-SNAPSHOT
- io.nop.app:app-erp-contract-web:1.0-SNAPSHOT
- io.nop.app:app-erp-contract-meta:1.0-SNAPSHOT
- io.nop.app:app-erp-contract-service:1.0-SNAPSHOT
contain duplicate files:
- _vfs/erp/ct/_module
[WARNING] [io.quarkus.deployment.pkg.jar.UberJarBuilder] Dependencies:
- io.nop.app:app-erp-b2b-web:1.0-SNAPSHOT
- io.nop.app:app-erp-b2b-meta:1.0-SNAPSHOT
- io.nop.app:app-erp-b2b-dao:1.0-SNAPSHOT
- io.nop.app:app-erp-b2b-service:1.0-SNAPSHOT
contain duplicate files:
- _vfs/erp/b2b/_module
[WARNING] [io.quarkus.deployment.pkg.jar.UberJarBuilder] Dependencies:
- io.nop.app:app-erp-cs-dao:1.0-SNAPSHOT
- io.nop.app:app-erp-cs-web:1.0-SNAPSHOT
- io.nop.app:app-erp-cs-meta:1.0-SNAPSHOT
- io.nop.app:app-erp-cs-service:1.0-SNAPSHOT
contain duplicate files:
- _vfs/erp/cs/_module
[WARNING] [io.quarkus.deployment.pkg.jar.UberJarBuilder] Dependencies:
- io.github.entropy-cloud:nop-wf-meta:2.0.0-SNAPSHOT
- io.github.entropy-cloud:nop-wf-web:2.0.0-SNAPSHOT
- io.github.entropy-cloud:nop-wf-service:2.0.0-SNAPSHOT
- io.github.entropy-cloud:nop-wf-dao:2.0.0-SNAPSHOT
contain duplicate files:
- _vfs/nop/wf/_module
[WARNING] [io.quarkus.deployment.pkg.jar.UberJarBuilder] Dependencies:
- io.nop.app:app-erp-drp-service:1.0-SNAPSHOT
- io.nop.app:app-erp-drp-web:1.0-SNAPSHOT
- io.nop.app:app-erp-drp-meta:1.0-SNAPSHOT
- io.nop.app:app-erp-drp-dao:1.0-SNAPSHOT
contain duplicate files:
- _vfs/erp/drp/_module
[WARNING] [io.quarkus.deployment.pkg.jar.UberJarBuilder] Dependencies:
- io.nop.app:app-erp-inventory-service:1.0-SNAPSHOT
- io.nop.app:app-erp-inventory-web:1.0-SNAPSHOT
- io.nop.app:app-erp-inventory-dao:1.0-SNAPSHOT
- io.nop.app:app-erp-inventory-meta:1.0-SNAPSHOT
contain duplicate files:
- _vfs/erp/inv/_module
[WARNING] [io.quarkus.deployment.pkg.jar.UberJarBuilder] Dependencies:
- io.nop.app:app-erp-logistics-meta:1.0-SNAPSHOT
- io.nop.app:app-erp-logistics-service:1.0-SNAPSHOT
- io.nop.app:app-erp-logistics-dao:1.0-SNAPSHOT
- io.nop.app:app-erp-logistics-web:1.0-SNAPSHOT
contain duplicate files:
- _vfs/erp/log/_module
[WARNING] [io.quarkus.deployment.pkg.jar.UberJarBuilder] Dependencies:
- com.google.guava:guava:33.5.0-jre
- com.graphql-java:graphql-java:25.0
contain duplicate files:
- META-INF/proguard/primitives.pro
- META-INF/proguard/concurrent.pro
- META-INF/proguard/hash.pro
- META-INF/proguard/collect.pro
- META-INF/proguard/base.pro
- META-INF/proguard/cache.pro
[WARNING] [io.quarkus.deployment.pkg.jar.UberJarBuilder] Dependencies:
- io.nop.app:app-erp-manufacturing-dao:1.0-SNAPSHOT
- io.nop.app:app-erp-manufacturing-web:1.0-SNAPSHOT
- io.nop.app:app-erp-manufacturing-meta:1.0-SNAPSHOT
- io.nop.app:app-erp-manufacturing-service:1.0-SNAPSHOT
contain duplicate files:
- _vfs/erp/mfg/_module
[WARNING] [io.quarkus.deployment.pkg.jar.UberJarBuilder] Dependencies:
- io.nop.app:app-erp-quality-service:1.0-SNAPSHOT
- io.nop.app:app-erp-quality-meta:1.0-SNAPSHOT
- io.nop.app:app-erp-quality-dao:1.0-SNAPSHOT
- io.nop.app:app-erp-quality-web:1.0-SNAPSHOT
contain duplicate files:
- _vfs/erp/qa/_module
[WARNING] [io.quarkus.deployment.pkg.jar.UberJarBuilder] Dependencies:
- io.nop.app:app-erp-purchase-web:1.0-SNAPSHOT
- io.nop.app:app-erp-purchase-service:1.0-SNAPSHOT
- io.nop.app:app-erp-purchase-meta:1.0-SNAPSHOT
- io.nop.app:app-erp-purchase-dao:1.0-SNAPSHOT
contain duplicate files:
- _vfs/erp/pur/_module
[WARNING] [io.quarkus.deployment.pkg.jar.UberJarBuilder] Dependencies:
- io.nop.app:app-erp-finance-meta:1.0-SNAPSHOT
- io.nop.app:app-erp-finance-service:1.0-SNAPSHOT
- io.nop.app:app-erp-finance-web:1.0-SNAPSHOT
- io.nop.app:app-erp-finance-dao:1.0-SNAPSHOT
contain duplicate files:
- _vfs/erp/fin/_module
[WARNING] [io.quarkus.deployment.pkg.jar.UberJarBuilder] Dependencies:
- com.sun.xml.bind.external:relaxng-datatype:4.0.7
- com.sun.xml.bind.external:rngom:4.0.7
contain duplicate files:
- META-INF/jing-copying.html
[WARNING] [io.quarkus.deployment.pkg.jar.UberJarBuilder] Dependencies:
- io.github.entropy-cloud:nop-quarkus-file:2.0.0-SNAPSHOT
- io.github.entropy-cloud:nop-biz-file-core:2.0.0-SNAPSHOT
- io.github.entropy-cloud:nop-file-dao:2.0.0-SNAPSHOT
contain duplicate files:
- _vfs/nop/file/_module
[WARNING] [io.quarkus.deployment.pkg.jar.UberJarBuilder] Dependencies:
- io.nop.app:app-erp-projects-meta:1.0-SNAPSHOT
- io.nop.app:app-erp-projects-dao:1.0-SNAPSHOT
- io.nop.app:app-erp-projects-web:1.0-SNAPSHOT
- io.nop.app:app-erp-projects-service:1.0-SNAPSHOT
contain duplicate files:
- _vfs/erp/prj/_module
[WARNING] [io.quarkus.deployment.pkg.jar.UberJarBuilder] Dependencies:
- io.quarkus:quarkus-arc-deployment:3.35.1
- io.quarkus:quarkus-vertx-graphql-deployment:3.35.1
- io.quarkus:quarkus-tls-registry-deployment:3.35.1
- io.quarkus:quarkus-netty-deployment:3.35.1
- io.quarkus:quarkus-virtual-threads-deployment:3.35.1
contain duplicate files:
- dev-ui/i18n/pt-BR.js
[WARNING] [io.quarkus.deployment.pkg.jar.UberJarBuilder] Dependencies:
- com.yubico:yubico-util:2.7.0
- com.yubico:webauthn-server-core:2.7.0
contain duplicate files:
- COPYING
[WARNING] [io.quarkus.deployment.pkg.jar.UberJarBuilder] Dependencies:
- io.github.entropy-cloud:nop-auth-service:2.0.0-SNAPSHOT
- io.github.entropy-cloud:nop-auth-dao:2.0.0-SNAPSHOT
- io.github.entropy-cloud:nop-auth-meta:2.0.0-SNAPSHOT
- io.github.entropy-cloud:nop-auth-web:2.0.0-SNAPSHOT
contain duplicate files:
- _vfs/nop/auth/_module
[WARNING] [io.quarkus.deployment.pkg.jar.UberJarBuilder] Dependencies:
- io.nop.app:app-erp-assets-service:1.0-SNAPSHOT
- io.nop.app:app-erp-assets-dao:1.0-SNAPSHOT
- io.nop.app:app-erp-assets-web:1.0-SNAPSHOT
- io.nop.app:app-erp-assets-meta:1.0-SNAPSHOT
contain duplicate files:
- _vfs/erp/ast/_module
[WARNING] [io.quarkus.deployment.pkg.jar.UberJarBuilder] Dependencies:
- io.quarkus:quarkus-arc-deployment:3.35.1
- io.quarkus:quarkus-vertx-deployment:3.35.1
- io.quarkus:quarkus-mutiny-deployment:3.35.1
contain duplicate files:
- dev-ui/i18n/fr-CA.js
[WARNING] [io.quarkus.deployment.pkg.jar.UberJarBuilder] Dependencies:
- io.quarkus:quarkus-arc-deployment:3.35.1
- io.quarkus:quarkus-vertx-graphql-deployment:3.35.1
- io.quarkus:quarkus-tls-registry-deployment:3.35.1
- io.quarkus:quarkus-vertx-deployment:3.35.1
- io.quarkus:quarkus-netty-deployment:3.35.1
- io.quarkus:quarkus-smallrye-context-propagation-deployment:3.35.1
- io.quarkus:quarkus-mutiny-deployment:3.35.1
- io.quarkus:quarkus-credentials-deployment:3.35.1
- io.quarkus:quarkus-vertx-http-deployment:3.35.1
- io.quarkus:quarkus-virtual-threads-deployment:3.35.1
contain duplicate files:
- dev-ui/i18n/es.js
- META-INF/quarkus-build-steps.list
- dev-ui/i18n/ja.js
- dev-ui/i18n/zh.js
- dev-ui/i18n/it.js
- dev-ui/i18n/el.js
- dev-ui/i18n/en.js
- dev-ui/i18n/hi.js
- dev-ui/i18n/fr.js
- dev-ui/i18n/de.js
- dev-ui/i18n/pt.js
[WARNING] [io.quarkus.deployment.pkg.jar.UberJarBuilder] Dependencies:
- io.github.entropy-cloud:nop-sys-meta:2.0.0-SNAPSHOT
- io.github.entropy-cloud:nop-sys-service:2.0.0-SNAPSHOT
- io.github.entropy-cloud:nop-sys-web:2.0.0-SNAPSHOT
- io.github.entropy-cloud:nop-sys-dao:2.0.0-SNAPSHOT
contain duplicate files:
- _vfs/nop/sys/_module
[WARNING] [io.quarkus.deployment.pkg.jar.UberJarBuilder] Dependencies:
- io.nop.app:app-erp-crm-web:1.0-SNAPSHOT
- io.nop.app:app-erp-crm-dao:1.0-SNAPSHOT
- io.nop.app:app-erp-crm-service:1.0-SNAPSHOT
- io.nop.app:app-erp-crm-meta:1.0-SNAPSHOT
contain duplicate files:
- _vfs/erp/crm/_module
[INFO] [io.quarkus.deployment.QuarkusAugmentor] Quarkus augmentation completed in 1896ms
[INFO] 
[INFO] --- install:3.1.1:install (default-install) @ app-erp-all ---
[INFO] Skipping artifact installation
[INFO] 
[INFO] -------------------------< io.nop.app:app-erp >-------------------------
[INFO] Building app-erp 1.0-SNAPSHOT                                  [156/156]
[INFO]   from pom.xml
[INFO] --------------------------------[ pom ]---------------------------------
[INFO] 
[INFO] --- clean:3.4.0:clean (default-clean) @ app-erp ---
[INFO] 
[INFO] --- enforcer:3.0.0-M2:enforce (enforce-no-duplicate-dependencies) @ app-erp ---
[INFO] 
[INFO] --- jacoco:0.8.14:prepare-agent (default-prepare-agent) @ app-erp ---
[INFO] jacocoArgLine set to -javaagent:/Users/abc/.m2/repository/org/jacoco/org.jacoco.agent/0.8.14/org.jacoco.agent-0.8.14-runtime.jar=destfile=/Users/abc/app/nop-app-erp/target/jacoco.exec,excludes=**/_gen/**:**/_*.java:**/_*.xml:**/*Errors.*:**/*Configs.*:**/*Constants*:**/parse/antlr/**
[INFO] 
[INFO] --- source:3.3.0:jar-no-fork (attach-sources) @ app-erp ---
[INFO] 
[INFO] --- install:3.1.1:install (default-install) @ app-erp ---
[INFO] Installing /Users/abc/app/nop-app-erp/pom.xml to /Users/abc/.m2/repository/io/nop/app/app-erp/1.0-SNAPSHOT/app-erp-1.0-SNAPSHOT.pom
[INFO] ------------------------------------------------------------------------
[INFO] Reactor Summary for app-erp 1.0-SNAPSHOT:
[INFO] 
[INFO] app-erp-master-data ................................ SUCCESS [  0.327 s]
[INFO] app-erp-master-data-codegen ........................ SUCCESS [  1.838 s]
[INFO] app-erp-master-data-api ............................ SUCCESS [  0.598 s]
[INFO] app-erp-master-data-dao ............................ SUCCESS [  0.644 s]
[INFO] app-erp-master-data-meta ........................... SUCCESS [  1.153 s]
[INFO] app-erp-projects ................................... SUCCESS [  0.004 s]
[INFO] app-erp-projects-codegen ........................... SUCCESS [  0.708 s]
[INFO] app-erp-projects-dao ............................... SUCCESS [  0.252 s]
[INFO] app-erp-finance .................................... SUCCESS [  0.004 s]
[INFO] app-erp-finance-codegen ............................ SUCCESS [  0.744 s]
[INFO] app-erp-finance-dao ................................ SUCCESS [  0.425 s]
[INFO] app-erp-notify ..................................... SUCCESS [  0.004 s]
[INFO] app-erp-notify-codegen ............................. SUCCESS [  0.615 s]
[INFO] app-erp-notify-dao ................................. SUCCESS [  0.069 s]
[INFO] app-erp-common-test ................................ SUCCESS [  0.160 s]
[INFO] app-erp-common-service ............................. SUCCESS [  0.266 s]
[INFO] app-erp-master-data-service ........................ SUCCESS [  0.588 s]
[INFO] app-erp-master-data-web ............................ SUCCESS [  1.220 s]
[INFO] app-erp-master-data-app ............................ SUCCESS [  2.657 s]
[INFO] app-erp-inventory .................................. SUCCESS [  0.004 s]
[INFO] app-erp-inventory-codegen .......................... SUCCESS [  0.673 s]
[INFO] app-erp-inventory-api .............................. SUCCESS [  0.089 s]
[INFO] app-erp-inventory-dao .............................. SUCCESS [  0.211 s]
[INFO] app-erp-inventory-meta ............................. SUCCESS [  1.162 s]
[INFO] app-erp-manufacturing .............................. SUCCESS [  0.004 s]
[INFO] app-erp-manufacturing-codegen ...................... SUCCESS [  0.689 s]
[INFO] app-erp-manufacturing-dao .......................... SUCCESS [  0.271 s]
[INFO] app-erp-purchase ................................... SUCCESS [  0.003 s]
[INFO] app-erp-purchase-codegen ........................... SUCCESS [  0.660 s]
[INFO] app-erp-contract ................................... SUCCESS [  0.003 s]
[INFO] app-erp-contract-codegen ........................... SUCCESS [  0.708 s]
[INFO] app-erp-contract-dao ............................... SUCCESS [  0.146 s]
[INFO] app-erp-purchase-dao ............................... SUCCESS [  0.179 s]
[INFO] app-erp-finance-meta ............................... SUCCESS [  1.283 s]
[INFO] app-erp-assets ..................................... SUCCESS [  0.003 s]
[INFO] app-erp-assets-codegen ............................. SUCCESS [  0.741 s]
[INFO] app-erp-assets-dao ................................. SUCCESS [  0.186 s]
[INFO] app-erp-sales ...................................... SUCCESS [  0.003 s]
[INFO] app-erp-sales-codegen .............................. SUCCESS [  0.688 s]
[INFO] app-erp-sales-dao .................................. SUCCESS [  0.162 s]
[INFO] app-erp-notify-meta ................................ SUCCESS [  0.991 s]
[INFO] app-erp-notify-service ............................. SUCCESS [  0.307 s]
[INFO] app-erp-finance-service ............................ SUCCESS [  2.260 s]
[INFO] app-erp-inventory-service .......................... SUCCESS [  0.831 s]
[INFO] app-erp-inventory-web .............................. SUCCESS [  1.286 s]
[INFO] app-erp-inventory-app .............................. SUCCESS [  1.864 s]
[INFO] app-erp-purchase-api ............................... SUCCESS [  0.088 s]
[INFO] app-erp-purchase-meta .............................. SUCCESS [  1.309 s]
[INFO] app-erp-quality .................................... SUCCESS [  0.004 s]
[INFO] app-erp-quality-codegen ............................ SUCCESS [  0.840 s]
[INFO] app-erp-quality-dao ................................ SUCCESS [  0.216 s]
[INFO] app-erp-drp ........................................ SUCCESS [  0.004 s]
[INFO] app-erp-drp-codegen ................................ SUCCESS [  0.690 s]
[INFO] app-erp-drp-dao .................................... SUCCESS [  0.117 s]
[INFO] app-erp-quality-meta ............................... SUCCESS [  1.180 s]
[INFO] app-erp-sales-meta ................................. SUCCESS [  1.123 s]
[INFO] app-erp-quality-service ............................ SUCCESS [  0.595 s]
[INFO] app-erp-projects-meta .............................. SUCCESS [  1.137 s]
[INFO] app-erp-maintenance ................................ SUCCESS [  0.003 s]
[INFO] app-erp-maintenance-codegen ........................ SUCCESS [  0.642 s]
[INFO] app-erp-maintenance-dao ............................ SUCCESS [  0.129 s]
[INFO] app-erp-assets-meta ................................ SUCCESS [  1.160 s]
[INFO] app-erp-assets-service ............................. SUCCESS [  0.745 s]
[INFO] app-erp-projects-service ........................... SUCCESS [  0.506 s]
[INFO] app-erp-contract-meta .............................. SUCCESS [  1.193 s]
[INFO] app-erp-contract-service ........................... SUCCESS [  0.517 s]
[INFO] app-erp-purchase-service ........................... SUCCESS [  0.957 s]
[INFO] app-erp-purchase-web ............................... SUCCESS [  1.323 s]
[INFO] app-erp-purchase-app ............................... SUCCESS [  1.752 s]
[INFO] app-erp-sales-api .................................. SUCCESS [  0.076 s]
[INFO] app-erp-sales-service .............................. SUCCESS [  0.814 s]
[INFO] app-erp-sales-web .................................. SUCCESS [  1.269 s]
[INFO] app-erp-sales-app .................................. SUCCESS [  1.479 s]
[INFO] app-erp-finance-api ................................ SUCCESS [  0.114 s]
[INFO] app-erp-finance-web ................................ SUCCESS [  1.457 s]
[INFO] app-erp-projects-web ............................... SUCCESS [  1.265 s]
[INFO] app-erp-assets-web ................................. SUCCESS [  1.367 s]
[INFO] app-erp-finance-app ................................ SUCCESS [  1.532 s]
[INFO] app-erp-assets-api ................................. SUCCESS [  0.081 s]
[INFO] app-erp-assets-app ................................. SUCCESS [  1.496 s]
[INFO] app-erp-projects-api ............................... SUCCESS [  0.067 s]
[INFO] app-erp-projects-app ............................... SUCCESS [  2.137 s]
[INFO] app-erp-manufacturing-api .......................... SUCCESS [  0.185 s]
[INFO] app-erp-manufacturing-meta ......................... SUCCESS [  1.373 s]
[INFO] app-erp-maintenance-meta ........................... SUCCESS [  1.223 s]
[INFO] app-erp-maintenance-service ........................ SUCCESS [  0.639 s]
[INFO] app-erp-manufacturing-service ...................... SUCCESS [  0.895 s]
[INFO] app-erp-manufacturing-web .......................... SUCCESS [  1.431 s]
[INFO] app-erp-manufacturing-app .......................... SUCCESS [  1.496 s]
[INFO] app-erp-quality-api ................................ SUCCESS [  0.056 s]
[INFO] app-erp-quality-web ................................ SUCCESS [  1.287 s]
[INFO] app-erp-quality-app ................................ SUCCESS [  1.562 s]
[INFO] app-erp-maintenance-api ............................ SUCCESS [  0.053 s]
[INFO] app-erp-maintenance-web ............................ SUCCESS [  1.305 s]
[INFO] app-erp-maintenance-app ............................ SUCCESS [  1.486 s]
[INFO] app-erp-crm ........................................ SUCCESS [  0.003 s]
[INFO] app-erp-crm-codegen ................................ SUCCESS [  0.718 s]
[INFO] app-erp-crm-api .................................... SUCCESS [  0.100 s]
[INFO] app-erp-crm-dao .................................... SUCCESS [  0.251 s]
[INFO] app-erp-crm-meta ................................... SUCCESS [  1.318 s]
[INFO] app-erp-crm-service ................................ SUCCESS [  0.677 s]
[INFO] app-erp-crm-web .................................... SUCCESS [  1.286 s]
[INFO] app-erp-crm-app .................................... SUCCESS [  1.507 s]
[INFO] app-erp-cs ......................................... SUCCESS [  0.003 s]
[INFO] app-erp-cs-codegen ................................. SUCCESS [  0.674 s]
[INFO] app-erp-cs-api ..................................... SUCCESS [  0.066 s]
[INFO] app-erp-cs-dao ..................................... SUCCESS [  0.145 s]
[INFO] app-erp-cs-meta .................................... SUCCESS [  1.215 s]
[INFO] app-erp-cs-service ................................. SUCCESS [  0.624 s]
[INFO] app-erp-cs-web ..................................... SUCCESS [  1.222 s]
[INFO] app-erp-cs-app ..................................... SUCCESS [  1.578 s]
[INFO] app-erp-hr ......................................... SUCCESS [  0.004 s]
[INFO] app-erp-hr-codegen ................................. SUCCESS [  0.752 s]
[INFO] app-erp-hr-api ..................................... SUCCESS [  0.112 s]
[INFO] app-erp-hr-dao ..................................... SUCCESS [  0.246 s]
[INFO] app-erp-hr-meta .................................... SUCCESS [  1.437 s]
[INFO] app-erp-hr-service ................................. SUCCESS [  1.044 s]
[INFO] app-erp-hr-web ..................................... SUCCESS [  1.541 s]
[INFO] app-erp-hr-app ..................................... SUCCESS [  1.713 s]
[INFO] app-erp-aps ........................................ SUCCESS [  0.003 s]
[INFO] app-erp-aps-codegen ................................ SUCCESS [  0.713 s]
[INFO] app-erp-aps-api .................................... SUCCESS [  0.039 s]
[INFO] app-erp-aps-dao .................................... SUCCESS [  0.088 s]
[INFO] app-erp-aps-meta ................................... SUCCESS [  0.997 s]
[INFO] app-erp-aps-service ................................ SUCCESS [  0.349 s]
[INFO] app-erp-aps-web .................................... SUCCESS [  1.120 s]
[INFO] app-erp-aps-app .................................... SUCCESS [  1.455 s]
[INFO] app-erp-contract-api ............................... SUCCESS [  0.054 s]
[INFO] app-erp-contract-web ............................... SUCCESS [  1.174 s]
[INFO] app-erp-contract-app ............................... SUCCESS [  1.429 s]
[INFO] app-erp-drp-api .................................... SUCCESS [  0.045 s]
[INFO] app-erp-drp-meta ................................... SUCCESS [  1.103 s]
[INFO] app-erp-drp-service ................................ SUCCESS [  0.467 s]
[INFO] app-erp-drp-web .................................... SUCCESS [  1.059 s]
[INFO] app-erp-drp-app .................................... SUCCESS [  1.477 s]
[INFO] app-erp-logistics .................................. SUCCESS [  0.003 s]
[INFO] app-erp-logistics-codegen .......................... SUCCESS [  0.719 s]
[INFO] app-erp-logistics-api .............................. SUCCESS [  0.042 s]
[INFO] app-erp-logistics-dao .............................. SUCCESS [  0.094 s]
[INFO] app-erp-logistics-meta ............................. SUCCESS [  1.037 s]
[INFO] app-erp-logistics-service .......................... SUCCESS [  0.353 s]
[INFO] app-erp-logistics-web .............................. SUCCESS [  1.220 s]
[INFO] app-erp-logistics-app .............................. SUCCESS [  1.430 s]
[INFO] app-erp-b2b ........................................ SUCCESS [  0.004 s]
[INFO] app-erp-b2b-codegen ................................ SUCCESS [  0.657 s]
[INFO] app-erp-b2b-api .................................... SUCCESS [  0.057 s]
[INFO] app-erp-b2b-dao .................................... SUCCESS [  0.114 s]
[INFO] app-erp-b2b-meta ................................... SUCCESS [  1.176 s]
[INFO] app-erp-b2b-service ................................ SUCCESS [  0.346 s]
[INFO] app-erp-b2b-web .................................... SUCCESS [  1.072 s]
[INFO] app-erp-b2b-app .................................... SUCCESS [  1.490 s]
[INFO] app-erp-notify-api ................................. SUCCESS [  0.033 s]
[INFO] app-erp-notify-web ................................. SUCCESS [  0.977 s]
[INFO] app-erp-notify-app ................................. SUCCESS [  1.401 s]
[INFO] app-erp-all ........................................ SUCCESS [  4.832 s]
[INFO] app-erp ............................................ SUCCESS [  0.009 s]
[INFO] ------------------------------------------------------------------------
[INFO] BUILD SUCCESS
[INFO] ------------------------------------------------------------------------
[INFO] Total time:  01:57 min
[INFO] Finished at: 2026-09-06T16:48:20+08:00
[INFO] ------------------------------------------------------------------------
